SK_ID_CURR,TARGET
100001,0.16
100005,0.25
100013,0.2
100028,0.13
100038,0.24
100042,0.08
100057,0.06
100065,0.06
100066,0.12
100067,0.19
100074,0.1
100090,0.18
100091,0.16
100092,0.15
100106,0.17
100107,0.22
100109,0.13
100117,0.12
100128,0.32
100141,0.17
100150,0.09
100168,0.19
100169,0.08
100170,0.17
100171,0.13
100172,0.3
100184,0.12
100187,0.17
100212,0.17
100222,0.19
100223,0.18
100232,0.16
100241,0.29
100245,0.13
100253,0.14
100256,0.23
100271,0.08
100278,0.35
100280,0.2
100306,0.24
100311,0.23
100312,0.07
100330,0.32
100331,0.13
100352,0.25
100358,0.13
100367,0.15
100382,0.23
100384,0.15
100385,0.25
100386,0.15
100399,0.2
100404,0.23
100416,0.11
100422,0.21
100426,0.05
100438,0.07
100444,0.26
100445,0.28
100446,0.17
100447,0.07
100450,0.15
100466,0.06
100483,0.13
100484,0.13
100494,0.14
100510,0.25
100512,0.09
100517,0.13
100548,0.06
100551,0.09
100552,0.17
100553,0.16
100561,0.23
100568,0.3
100569,0.13
100591,0.12
100592,0.05
100602,0.16
100607,0.15
100613,0.11
100617,0.24
100618,0.17
100622,0.12
100625,0.22
100677,0.17
100699,0.16
100702,0.24
100711,0.2
100729,0.19
100740,0.21
100744,0.26
100745,0.19
100747,0.25
100751,0.37
100752,0.19
100753,0.37
100754,0.18
100760,0.17
100762,0.08
100763,0.25
100765,0.15
100770,0.16
100772,0.18
100777,0.1
100791,0.17
100792,0.17
100797,0.08
100823,0.18
100826,0.12
100830,0.04
100836,0.31
100872,0.19
100910,0.15
100913,0.23
100918,0.23
100931,0.03
100952,0.18
100953,0.07
100965,0.22
100970,0.05
100982,0.19
100983,0.31
100984,0.21
100987,0.17
100997,0.09
100998,0.22
101002,0.17
101005,0.23
101008,0.29
101020,0.08
101021,0.16
101024,0.2
101025,0.3
101026,0.19
101031,0.05
101041,0.2
101051,0.1
101055,0.17
101056,0.37
101057,0.15
101064,0.1
101079,0.16
101087,0.11
101090,0.05
101092,0.26
101097,0.17
101099,0.08
101107,0.23
101118,0.21
101125,0.08
101126,0.09
101128,0.24
101136,0.16
101140,0.24
101149,0.07
101160,0.06
101169,0.4
101181,0.18
101186,0.1
101190,0.24
101193,0.16
101194,0.22
101198,0.21
101200,0.2
101204,0.17
101211,0.07
101213,0.2
101223,0.07
101225,0.2
101237,0.1
101243,0.16
101244,0.27
101258,0.06
101259,0.27
101268,0.19
101269,0.13
101271,0.19
101279,0.04
101281,0.19
101287,0.14
101292,0.06
101294,0.18
101296,0.05
101297,0.06
101299,0.19
101301,0.09
101305,0.13
101308,0.25
101318,0.03
101327,0.29
101329,0.08
101332,0.14
101337,0.1
101343,0.07
101345,0.07
101346,0.11
101353,0.06
101354,0.22
101355,0.3
101356,0.05
101362,0.13
101363,0.22
101365,0.11
101366,0.17
101367,0.22
101368,0.06
101374,0.13
101380,0.13
101383,0.04
101398,0.05
101399,0.38
101401,0.22
101412,0.13
101426,0.12
101427,0.37
101428,0.18
101429,0.13
101434,0.14
101440,0.13
101448,0.15
101449,0.14
101465,0.35
101467,0.1
101472,0.24
101478,0.18
101497,0.21
101504,0.21
101547,0.14
101548,0.24
101555,0.24
101570,0.05
101572,0.14
101578,0.17
101580,0.29
101588,0.25
101602,0.14
101610,0.29
101614,0.19
101616,0.22
101643,0.15
101644,0.13
101649,0.3
101650,0.15
101665,0.03
101667,0.23
101669,0.11
101674,0.23
101675,0.11
101678,0.19
101682,0.22
101686,0.09
101697,0.3
101700,0.32
101711,0.05
101714,0.1
101715,0.26
101728,0.14
101732,0.12
101757,0.13
101758,0.14
101759,0.09
101762,0.16
101764,0.19
101780,0.35
101784,0.11
101789,0.08
101816,0.1
101819,0.23
101827,0.04
101863,0.17
101867,0.13
101870,0.08
101873,0.2
101878,0.16
101879,0.16
101880,0.09
101887,0.12
101897,0.06
101901,0.23
101903,0.3
101920,0.15
101921,0.12
101922,0.18
101961,0.18
101962,0.16
101971,0.16
101976,0.23
102002,0.16
102005,0.05
102007,0.31
102017,0.07
102019,0.21
102029,0.16
102051,0.32
102052,0.1
102054,0.14
102062,0.14
102067,0.08
102068,0.14
102070,0.16
102090,0.14
102092,0.11
102099,0.16
102100,0.19
102112,0.2
102113,0.18
102122,0.26
102123,0.17
102125,0.1
102126,0.31
102146,0.23
102147,0.19
102151,0.08
102158,0.17
102159,0.1
102162,0.21
102165,0.11
102166,0.16
102174,0.15
102193,0.24
102198,0.09
102205,0.21
102206,0.09
102218,0.12
102221,0.06
102230,0.16
102238,0.14
102248,0.09
102252,0.26
102259,0.14
102262,0.29
102273,0.15
102286,0.15
102293,0.09
102294,0.12
102296,0.09
102298,0.15
102303,0.12
102309,0.19
102315,0.18
102340,0.1
102342,0.11
102344,0.09
102346,0.15
102347,0.06
102374,0.23
102380,0.16
102387,0.21
102393,0.09
102403,0.08
102413,0.17
102414,0.07
102415,0.06
102416,0.09
102439,0.12
102441,0.16
102443,0.08
102444,0.27
102445,0.23
102448,0.19
102449,0.12
102450,0.3
102456,0.09
102458,0.15
102459,0.11
102465,0.04
102470,0.24
102471,0.08
102475,0.2
102476,0.22
102506,0.2
102509,0.08
102519,0.12
102522,0.23
102545,0.09
102549,0.14
102562,0.08
102563,0.13
102568,0.22
102582,0.12
102592,0.15
102597,0.25
102605,0.07
102614,0.1
102617,0.17
102634,0.24
102652,0.12
102655,0.07
102671,0.11
102694,0.2
102701,0.18
102703,0.1
102704,0.01
102713,0.1
102720,0.24
102731,0.15
102733,0.17
102749,0.19
102755,0.03
102763,0.12
102770,0.16
102772,0.14
102799,0.28
102838,0.11
102854,0.01
102862,0.05
102863,0.08
102867,0.08
102868,0.11
102878,0.11
102887,0.24
102898,0.27
102904,0.2
102912,0.17
102919,0.05
102927,0.23
102932,0.12
102933,0.27
102935,0.08
102958,0.11
102969,0.23
102971,0.15
102975,0.13
102979,0.19
102982,0.09
102987,0.18
102989,0.19
102995,0.1
102996,0.13
103000,0.1
103001,0.33
103004,0.09
103010,0.13
103025,0.24
103029,0.15
103046,0.14
103056,0.11
103062,0.2
103078,0.15
103083,0.09
103092,0.16
103096,0.11
103097,0.29
103102,0.21
103112,0.17
103132,0.02
103144,0.14
103145,0.16
103146,0.16
103147,0.24
103158,0.05
103171,0.14
103173,0.09
103184,0.12
103195,0.27
103196,0.13
103206,0.16
103230,0.19
103231,0.27
103232,0.11
103239,0.33
103240,0.25
103243,0.26
103252,0.2
103258,0.15
103259,0.27
103279,0.13
103280,0.08
103286,0.03
103287,0.4
103290,0.09
103298,0.15
103315,0.06
103319,0.13
103334,0.18
103336,0.16
103345,0.1
103368,0.11
103371,0.27
103377,0.13
103398,0.13
103404,0.11
103408,0.25
103410,0.15
103418,0.1
103420,0.36
103432,0.2
103433,0.07
103436,0.11
103440,0.09
103453,0.15
103459,0.18
103460,0.08
103461,0.11
103462,0.16
103473,0.27
103474,0.13
103475,0.25
103478,0.24
103480,0.17
103484,0.22
103494,0.23
103513,0.21
103515,0.17
103516,0.31
103525,0.19
103541,0.22
103544,0.12
103562,0.25
103570,0.38
103572,0.27
103574,0.21
103575,0.16
103591,0.15
103594,0.05
103609,0.08
103613,0.08
103614,0.16
103615,0.09
103624,0.16
103625,0.32
103628,0.32
103629,0.16
103647,0.13
103648,0.15
103651,0.17
103658,0.11
103668,0.15
103669,0.18
103676,0.15
103682,0.13
103683,0.1
103689,0.26
103725,0.26
103733,0.26
103744,0.1
103762,0.19
103771,0.16
103773,0.12
103783,0.15
103784,0.13
103808,0.01
103812,0.05
103813,0.23
103814,0.21
103818,0.29
103824,0.18
103828,0.01
103830,0.24
103840,0.08
103842,0.21
103847,0.27
103848,0.16
103851,0.03
103854,0.17
103857,0.25
103861,0.08
103862,0.19
103865,0.15
103870,0.11
103876,0.14
103891,0.37
103908,0.06
103914,0.07
103918,0.13
103940,0.11
103963,0.19
103966,0.18
103971,0.16
103980,0.15
103984,0.09
103985,0.08
103998,0.25
104019,0.07
104026,0.13
104035,0.22
104044,0.1
104045,0.22
104047,0.27
104051,0.02
104058,0.08
104063,0.07
104066,0.26
104087,0.03
104089,0.12
104095,0.09
104098,0.22
104104,0.18
104110,0.3
104120,0.23
104122,0.04
104131,0.11
104132,0.19
104135,0.05
104136,0.09
104149,0.05
104150,0.06
104156,0.31
104165,0.19
104175,0.1
104179,0.14
104184,0.23
104206,0.01
104216,0.29
104230,0.31
104257,0.23
104272,0.2
104273,0.09
104278,0.05
104294,0.22
104295,0.14
104297,0.06
104298,0.17
104308,0.1
104318,0.1
104319,0.02
104320,0.21
104327,0.17
104334,0.14
104344,0.19
104350,0.11
104351,0.22
104354,0.08
104369,0.33
104376,0.17
104381,0.11
104384,0.09
104391,0.08
104394,0.13
104398,0.25
104402,0.2
104408,0.1
104409,0.01
104410,0.33
104412,0.09
104417,0.22
104424,0.2
104426,0.02
104435,0.09
104445,0.14
104458,0.06
104460,0.09
104466,0.12
104472,0.17
104473,0.17
104479,0.03
104480,0.11
104482,0.16
104499,0.05
104501,0.01
104502,0.12
104506,0.19
104510,0.1
104512,0.23
104520,0.11
104528,0.18
104529,0.07
104541,0.16
104578,0.09
104584,0.22
104588,0.14
104602,0.21
104610,0.05
104611,0.18
104618,0.15
104620,0.13
104622,0.17
104624,0.11
104625,0.14
104634,0.22
104639,0.18
104646,0.15
104647,0.18
104652,0.12
104670,0.1
104677,0.04
104685,0.15
104691,0.09
104696,0.06
104699,0.01
104712,0.25
104714,0.11
104717,0.1
104718,0.14
104740,0.18
104741,0.15
104743,0.06
104744,0.15
104747,0.23
104767,0.1
104772,0.32
104776,0.2
104779,0.04
104814,0.1
104815,0.12
104830,0.15
104831,0.26
104833,0.16
104839,0.16
104840,0.08
104860,0.17
104861,0.14
104866,0.14
104870,0.15
104877,0.15
104878,0.05
104879,0.07
104880,0.09
104899,0.11
104906,0.04
104907,0.16
104913,0.2
104916,0.13
104921,0.21
104930,0.05
104931,0.21
104936,0.21
104937,0.14
104942,0.17
104943,0.13
104969,0.24
104972,0.29
104988,0.15
105013,0.14
105015,0.12
105019,0.08
105027,0.04
105030,0.13
105035,0.33
105041,0.12
105051,0.17
105056,0.1
105067,0.35
105071,0.17
105072,0.04
105074,0.13
105091,0.14
105101,0.12
105103,0.11
105134,0.11
105139,0.07
105142,0.17
105146,0.13
105163,0.16
105168,0.12
105172,0.12
105176,0.43
105195,0.12
105196,0.29
105197,0.02
105203,0.12
105223,0.18
105227,0.2
105228,0.1
105230,0.27
105231,0.3
105239,0.2
105242,0.21
105244,0.03
105245,0.15
105248,0.13
105249,0.05
105266,0.14
105271,0.23
105276,0.15
105282,0.07
105292,0.18
105297,0.06
105332,0.18
105333,0.14
105343,0.02
105344,0.12
105345,0.2
105357,0.07
105359,0.22
105366,0.21
105367,0.1
105370,0.06
105377,0.12
105390,0.24
105399,0.18
105403,0.09
105404,0.08
105414,0.05
105417,0.1
105425,0.19
105452,0.19
105454,0.25
105456,0.12
105470,0.09
105471,0.07
105483,0.27
105493,0.12
105508,0.19
105514,0.09
105515,0.03
105528,0.38
105529,0.02
105531,0.07
105532,0.12
105558,0.0
105574,0.12
105578,0.02
105584,0.35
105595,0.2
105617,0.18
105618,0.16
105621,0.07
105625,0.24
105629,0.11
105630,0.07
105634,0.04
105635,0.09
105641,0.19
105647,0.15
105648,0.25
105655,0.1
105657,0.05
105672,0.15
105678,0.13
105682,0.21
105691,0.19
105692,0.16
105706,0.19
105712,0.12
105720,0.24
105734,0.1
105735,0.18
105736,0.19
105737,0.1
105738,0.14
105740,0.22
105744,0.11
105747,0.13
105749,0.23
105754,0.19
105758,0.14
105760,0.21
105767,0.14
105784,0.25
105791,0.08
105802,0.16
105807,0.27
105809,0.16
105816,0.18
105817,0.17
105824,0.2
105832,0.14
105856,0.13
105865,0.07
105899,0.28
105906,0.05
105916,0.14
105923,0.21
105937,0.22
105965,0.03
105966,0.17
105968,0.22
105973,0.1
105976,0.09
105978,0.18
105979,0.15
105991,0.15
105998,0.28
105999,0.16
106000,0.35
106001,0.17
106010,0.15
106011,0.13
106013,0.25
106015,0.05
106026,0.09
106032,0.05
106035,0.28
106040,0.1
106041,0.14
106044,0.1
106053,0.23
106054,0.12
106065,0.2
106081,0.22
106083,0.11
106087,0.11
106090,0.18
106101,0.16
106102,0.06
106109,0.16
106116,0.1
106150,0.15
106155,0.25
106166,0.12
106176,0.17
106189,0.18
106199,0.06
106205,0.24
106206,0.14
106211,0.16
106214,0.17
106216,0.18
106217,0.09
106225,0.16
106249,0.09
106256,0.07
106258,0.05
106261,0.21
106262,0.19
106264,0.07
106271,0.17
106276,0.12
106277,0.16
106286,0.21
106293,0.14
106295,0.23
106296,0.11
106297,0.16
106298,0.14
106311,0.08
106314,0.28
106320,0.1
106334,0.11
106346,0.11
106347,0.11
106349,0.07
106354,0.11
106360,0.06
106373,0.22
106377,0.12
106386,0.15
106387,0.23
106391,0.11
106401,0.3
106411,0.17
106413,0.37
106426,0.19
106427,0.11
106428,0.16
106434,0.07
106438,0.12
106440,0.23
106441,0.12
106452,0.24
106453,0.26
106454,0.17
106457,0.15
106484,0.05
106488,0.22
106491,0.13
106514,0.2
106527,0.17
106528,0.18
106529,0.06
106534,0.25
106550,0.25
106577,0.15
106585,0.19
106590,0.09
106607,0.06
106610,0.19
106611,0.16
106612,0.14
106624,0.06
106631,0.07
106647,0.39
106660,0.33
106674,0.16
106687,0.09
106712,0.11
106713,0.08
106717,0.17
106720,0.22
106721,0.16
106724,0.05
106735,0.17
106739,0.07
106740,0.05
106754,0.14
106760,0.27
106761,0.19
106784,0.2
106787,0.15
106797,0.05
106798,0.04
106802,0.27
106803,0.15
106804,0.35
106805,0.08
106810,0.1
106812,0.19
106813,0.11
106817,0.2
106822,0.13
106823,0.11
106827,0.1
106841,0.1
106851,0.24
106852,0.16
106853,0.32
106854,0.32
106861,0.18
106873,0.08
106877,0.09
106878,0.1
106881,0.18
106900,0.09
106906,0.06
106907,0.19
106914,0.22
106916,0.11
106924,0.12
106931,0.12
106936,0.19
106937,0.28
106938,0.13
106939,0.16
106943,0.17
106944,0.25
106967,0.13
106980,0.11
106986,0.15
106987,0.09
106990,0.1
107013,0.09
107023,0.17
107033,0.06
107037,0.19
107048,0.09
107071,0.12
107081,0.1
107113,0.14
107130,0.28
107131,0.11
107145,0.22
107156,0.08
107219,0.18
107222,0.14
107223,0.36
107232,0.2
107245,0.23
107246,0.2
107247,0.06
107256,0.13
107259,0.11
107260,0.02
107279,0.18
107280,0.07
107281,0.15
107285,0.07
107329,0.08
107337,0.14
107349,0.07
107350,0.1
107351,0.03
107359,0.15
107391,0.18
107394,0.2
107395,0.06
107406,0.17
107416,0.14
107417,0.01
107418,0.11
107419,0.05
107444,0.09
107445,0.07
107446,0.19
107460,0.12
107470,0.13
107475,0.01
107520,0.11
107526,0.13
107527,0.01
107530,0.03
107532,0.22
107534,0.13
107535,0.08
107554,0.23
107556,0.12
107559,0.21
107561,0.11
107564,0.13
107566,0.14
107571,0.13
107590,0.28
107602,0.17
107625,0.08
107626,0.27
107635,0.14
107636,0.17
107645,0.15
107652,0.22
107655,0.07
107668,0.15
107670,0.14
107677,0.09
107680,0.2
107683,0.26
107684,0.03
107691,0.12
107692,0.09
107703,0.07
107709,0.05
107710,0.11
107721,0.29
107725,0.13
107727,0.15
107739,0.11
107740,0.1
107741,0.11
107747,0.11
107765,0.45
107768,0.04
107775,0.24
107782,0.31
107790,0.08
107801,0.13
107807,0.14
107811,0.15
107817,0.19
107826,0.18
107838,0.12
107839,0.11
107843,0.21
107847,0.19
107849,0.22
107850,0.14
107867,0.19
107871,0.15
107908,0.11
107913,0.12
107927,0.07
107931,0.09
107955,0.03
107962,0.14
107977,0.12
107978,0.15
107993,0.14
108010,0.2
108016,0.08
108018,0.34
108027,0.32
108045,0.26
108069,0.19
108082,0.1
108089,0.21
108092,0.1
108106,0.07
108112,0.16
108120,0.15
108122,0.32
108135,0.16
108170,0.1
108171,0.14
108177,0.04
108180,0.14
108183,0.18
108184,0.09
108185,0.13
108192,0.13
108195,0.24
108196,0.16
108218,0.09
108219,0.32
108243,0.11
108249,0.06
108251,0.08
108274,0.09
108280,0.39
108289,0.1
108292,0.14
108295,0.13
108327,0.05
108332,0.13
108346,0.06
108349,0.23
108353,0.22
108362,0.07
108363,0.03
108377,0.32
108378,0.27
108381,0.12
108383,0.19
108390,0.19
108407,0.07
108408,0.22
108411,0.13
108412,0.04
108419,0.12
108436,0.3
108437,0.18
108438,0.16
108441,0.16
108448,0.16
108449,0.05
108466,0.06
108467,0.19
108473,0.08
108474,0.08
108476,0.21
108479,0.09
108486,0.01
108493,0.14
108501,0.12
108506,0.28
108510,0.19
108511,0.19
108514,0.1
108517,0.1
108519,0.13
108522,0.03
108548,0.17
108554,0.22
108555,0.19
108559,0.12
108562,0.08
108571,0.1
108572,0.16
108579,0.14
108583,0.07
108584,0.02
108592,0.19
108602,0.09
108609,0.05
108613,0.17
108616,0.14
108618,0.07
108620,0.08
108643,0.02
108649,0.17
108654,0.22
108655,0.04
108656,0.15
108667,0.06
108668,0.2
108682,0.12
108690,0.17
108691,0.04
108692,0.15
108695,0.15
108699,0.11
108710,0.2
108718,0.28
108739,0.22
108740,0.08
108741,0.12
108742,0.1
108763,0.07
108767,0.14
108769,0.26
108779,0.25
108788,0.11
108801,0.14
108802,0.08
108810,0.1
108811,0.06
108813,0.04
108814,0.16
108825,0.15
108826,0.22
108830,0.21
108834,0.15
108852,0.11
108887,0.2
108901,0.2
108908,0.05
108910,0.13
108920,0.06
108922,0.09
108929,0.26
108930,0.14
108937,0.1
108938,0.11
108943,0.1
108948,0.17
108953,0.12
108956,0.19
108965,0.1
108985,0.26
108986,0.11
108987,0.05
108990,0.11
108991,0.32
108993,0.29
109000,0.14
109001,0.18
109012,0.2
109014,0.15
109015,0.25
109021,0.09
109037,0.06
109042,0.08
109044,0.04
109046,0.34
109064,0.12
109084,0.06
109086,0.1
109092,0.04
109093,0.19
109100,0.13
109101,0.12
109110,0.27
109114,0.15
109126,0.2
109152,0.17
109162,0.14
109167,0.12
109168,0.22
109169,0.12
109179,0.23
109184,0.13
109191,0.15
109192,0.09
109193,0.14
109196,0.25
109206,0.19
109210,0.14
109244,0.14
109249,0.06
109273,0.09
109276,0.18
109281,0.09
109287,0.07
109297,0.19
109298,0.05
109306,0.09
109309,0.09
109321,0.27
109328,0.24
109336,0.13
109342,0.02
109346,0.08
109347,0.18
109348,0.18
109362,0.17
109363,0.05
109367,0.11
109370,0.16
109393,0.11
109405,0.16
109413,0.11
109414,0.33
109421,0.02
109427,0.13
109428,0.05
109429,0.2
109437,0.11
109443,0.09
109461,0.13
109468,0.17
109469,0.11
109471,0.26
109479,0.11
109484,0.11
109501,0.17
109505,0.1
109535,0.06
109539,0.13
109544,0.2
109545,0.07
109551,0.22
109553,0.05
109555,0.11
109561,0.15
109580,0.18
109583,0.29
109593,0.2
109604,0.23
109620,0.14
109635,0.04
109637,0.31
109638,0.1
109642,0.16
109649,0.09
109652,0.21
109656,0.08
109663,0.21
109696,0.23
109700,0.31
109709,0.25
109735,0.14
109740,0.05
109741,0.12
109749,0.19
109764,0.09
109771,0.28
109772,0.06
109773,0.22
109798,0.07
109802,0.16
109804,0.11
109813,0.14
109818,0.2
109848,0.19
109850,0.07
109851,0.03
109855,0.02
109871,0.37
109877,0.12
109883,0.04
109886,0.07
109905,0.12
109936,0.22
109950,0.21
109958,0.11
109959,0.1
109969,0.06
109971,0.09
109984,0.18
109985,0.34
109988,0.13
109992,0.11
110005,0.09
110009,0.13
110011,0.22
110014,0.05
110026,0.12
110042,0.09
110058,0.19
110069,0.07
110080,0.14
110087,0.11
110091,0.1
110094,0.14
110098,0.22
110105,0.16
110117,0.09
110136,0.18
110138,0.27
110149,0.24
110164,0.24
110202,0.25
110212,0.17
110226,0.04
110236,0.1
110249,0.01
110257,0.11
110258,0.18
110277,0.15
110282,0.14
110284,0.12
110286,0.18
110289,0.1
110304,0.12
110319,0.1
110324,0.22
110326,0.15
110335,0.18
110337,0.09
110338,0.04
110343,0.08
110345,0.08
110347,0.11
110355,0.11
110359,0.07
110360,0.22
110364,0.16
110371,0.16
110372,0.06
110376,0.17
110379,0.21
110380,0.1
110393,0.08
110401,0.16
110406,0.04
110411,0.04
110416,0.04
110420,0.02
110443,0.03
110465,0.06
110468,0.17
110469,0.1
110471,0.31
110487,0.27
110491,0.15
110504,0.17
110547,0.1
110550,0.02
110559,0.2
110578,0.24
110582,0.21
110590,0.08
110598,0.13
110601,0.25
110602,0.03
110604,0.08
110625,0.34
110626,0.19
110636,0.15
110637,0.18
110638,0.14
110646,0.18
110648,0.16
110652,0.17
110681,0.12
110682,0.07
110687,0.33
110691,0.05
110694,0.15
110695,0.05
110696,0.17
110708,0.08
110710,0.08
110717,0.13
110730,0.08
110740,0.12
110742,0.12
110747,0.08
110761,0.11
110766,0.06
110769,0.07
110774,0.2
110803,0.06
110805,0.16
110809,0.34
110827,0.1
110832,0.16
110839,0.14
110859,0.22
110861,0.08
110863,0.2
110865,0.12
110881,0.21
110889,0.12
110891,0.03
110894,0.11
110895,0.14
110907,0.29
110914,0.25
110933,0.07
110934,0.08
110937,0.04
110953,0.04
110954,0.24
110958,0.3
110970,0.15
110974,0.12
110977,0.27
110989,0.07
110993,0.34
110994,0.27
111018,0.04
111019,0.15
111030,0.07
111032,0.15
111041,0.05
111045,0.13
111048,0.12
111052,0.07
111070,0.24
111084,0.26
111091,0.14
111104,0.1
111108,0.14
111112,0.1
111127,0.11
111142,0.12
111146,0.12
111165,0.1
111168,0.02
111169,0.19
111172,0.18
111173,0.09
111174,0.23
111175,0.3
111176,0.08
111177,0.19
111180,0.15
111182,0.02
111192,0.15
111194,0.18
111196,0.18
111197,0.14
111198,0.11
111205,0.06
111207,0.09
111222,0.12
111228,0.12
111233,0.13
111256,0.13
111258,0.1
111262,0.06
111263,0.13
111267,0.13
111269,0.04
111276,0.12
111277,0.36
111279,0.23
111290,0.15
111294,0.06
111295,0.18
111315,0.33
111318,0.21
111327,0.08
111328,0.25
111332,0.19
111338,0.07
111343,0.19
111344,0.1
111345,0.45
111347,0.07
111356,0.05
111359,0.15
111367,0.15
111368,0.07
111391,0.2
111408,0.12
111412,0.1
111419,0.16
111422,0.03
111423,0.37
111439,0.03
111452,0.37
111456,0.08
111467,0.1
111478,0.22
111482,0.13
111488,0.16
111503,0.19
111510,0.14
111512,0.04
111518,0.06
111532,0.2
111537,0.06
111541,0.1
111544,0.05
111550,0.03
111554,0.22
111560,0.28
111566,0.14
111567,0.16
111592,0.07
111618,0.12
111620,0.08
111627,0.04
111641,0.24
111646,0.32
111652,0.12
111657,0.12
111664,0.2
111665,0.16
111669,0.07
111673,0.07
111687,0.1
111688,0.03
111689,0.08
111694,0.08
111695,0.2
111698,0.16
111703,0.17
111709,0.01
111712,0.12
111715,0.16
111724,0.1
111730,0.08
111747,0.13
111760,0.1
111761,0.02
111763,0.1
111776,0.06
111777,0.08
111781,0.1
111793,0.2
111804,0.33
111810,0.24
111816,0.12
111818,0.09
111830,0.08
111832,0.14
111841,0.09
111842,0.26
111843,0.3
111846,0.2
111848,0.27
111856,0.17
111857,0.1
111877,0.09
111882,0.0
111883,0.2
111891,0.1
111893,0.1
111901,0.09
111912,0.25
111913,0.08
111955,0.06
111958,0.02
111960,0.07
111967,0.14
112000,0.11
112003,0.16
112015,0.22
112019,0.31
112020,0.09
112028,0.18
112029,0.2
112031,0.06
112039,0.15
112042,0.14
112049,0.05
112052,0.13
112054,0.13
112055,0.15
112063,0.19
112070,0.06
112071,0.19
112080,0.07
112083,0.1
112085,0.15
112089,0.05
112098,0.24
112100,0.19
112105,0.12
112124,0.08
112126,0.1
112127,0.14
112128,0.13
112148,0.13
112149,0.17
112165,0.18
112170,0.07
112171,0.18
112176,0.08
112186,0.11
112199,0.16
112203,0.12
112214,0.2
112215,0.13
112216,0.13
112224,0.23
112225,0.08
112231,0.29
112234,0.28
112235,0.0
112236,0.11
112254,0.19
112265,0.22
112271,0.13
112284,0.14
112287,0.13
112295,0.2
112303,0.19
112307,0.18
112310,0.11
112312,0.17
112313,0.23
112326,0.25
112333,0.08
112334,0.1
112339,0.1
112347,0.11
112350,0.13
112356,0.24
112357,0.13
112359,0.2
112360,0.18
112371,0.27
112385,0.17
112392,0.2
112401,0.31
112405,0.08
112414,0.18
112429,0.14
112448,0.03
112467,0.15
112468,0.14
112469,0.25
112491,0.22
112500,0.19
112510,0.29
112535,0.25
112537,0.06
112551,0.28
112552,0.09
112556,0.16
112577,0.13
112590,0.13
112593,0.03
112596,0.3
112601,0.08
112604,0.21
112622,0.07
112655,0.09
112663,0.04
112667,0.03
112670,0.06
112676,0.15
112677,0.12
112679,0.07
112683,0.13
112688,0.13
112692,0.21
112696,0.25
112702,0.19
112709,0.0
112720,0.12
112735,0.01
112738,0.16
112742,0.04
112748,0.14
112749,0.07
112766,0.16
112767,0.08
112769,0.09
112771,0.1
112775,0.16
112794,0.17
112795,0.15
112796,0.15
112815,0.13
112817,0.14
112821,0.16
112822,0.09
112829,0.14
112831,0.35
112835,0.09
112838,0.06
112842,0.03
112844,0.32
112845,0.06
112846,0.09
112847,0.07
112867,0.1
112868,0.07
112874,0.03
112879,0.06
112882,0.21
112886,0.13
112895,0.04
112896,0.18
112902,0.19
112904,0.06
112917,0.31
112932,0.25
112944,0.11
112946,0.08
112947,0.18
112948,0.13
112966,0.2
112967,0.03
112971,0.15
112973,0.26
112974,0.01
112978,0.18
112988,0.06
112992,0.36
113003,0.07
113004,0.1
113007,0.28
113020,0.17
113025,0.28
113032,0.06
113042,0.19
113047,0.05
113066,0.16
113067,0.22
113071,0.09
113087,0.19
113108,0.05
113109,0.15
113123,0.12
113128,0.3
113134,0.08
113151,0.13
113175,0.25
113181,0.01
113188,0.11
113191,0.08
113193,0.2
113201,0.18
113209,0.15
113222,0.16
113248,0.02
113272,0.07
113276,0.06
113287,0.13
113302,0.06
113308,0.17
113316,0.18
113318,0.23
113320,0.06
113322,0.24
113325,0.24
113326,0.17
113332,0.19
113346,0.33
113352,0.09
113361,0.19
113362,0.1
113365,0.11
113366,0.04
113368,0.11
113382,0.03
113385,0.16
113390,0.18
113391,0.1
113393,0.1
113396,0.25
113397,0.15
113402,0.07
113403,0.14
113405,0.17
113406,0.13
113410,0.36
113413,0.16
113418,0.14
113419,0.27
113435,0.23
113438,0.27
113447,0.07
113458,0.12
113466,0.12
113475,0.13
113482,0.05
113490,0.1
113505,0.06
113508,0.14
113520,0.08
113532,0.17
113535,0.1
113549,0.12
113557,0.23
113558,0.16
113561,0.16
113566,0.06
113569,0.29
113574,0.1
113576,0.19
113577,0.15
113585,0.09
113587,0.22
113599,0.15
113601,0.17
113602,0.19
113605,0.09
113609,0.23
113611,0.14
113616,0.12
113627,0.52
113631,0.28
113643,0.18
113652,0.24
113657,0.14
113659,0.02
113672,0.08
113680,0.11
113692,0.07
113694,0.08
113695,0.21
113701,0.15
113733,0.06
113738,0.15
113740,0.21
113742,0.07
113777,0.06
113783,0.12
113788,0.21
113789,0.13
113791,0.21
113795,0.12
113799,0.11
113805,0.05
113820,0.15
113822,0.01
113824,0.06
113829,0.04
113832,0.1
113833,0.08
113841,0.12
113849,0.17
113862,0.27
113863,0.22
113864,0.1
113870,0.08
113875,0.06
113882,0.06
113887,0.19
113894,0.04
113909,0.21
113930,0.15
113936,0.15
113939,0.06
113942,0.11
113943,0.19
113945,0.11
113947,0.11
113950,0.18
113951,0.2
113957,0.16
113966,0.21
113967,0.12
113977,0.1
113984,0.12
113986,0.07
113992,0.09
113998,0.12
113999,0.33
114003,0.13
114010,0.03
114011,0.29
114032,0.07
114047,0.14
114055,0.07
114056,0.28
114064,0.19
114065,0.16
114067,0.1
114068,0.06
114075,0.1
114076,0.14
114077,0.09
114094,0.12
114095,0.01
114109,0.11
114114,0.11
114116,0.04
114127,0.07
114158,0.15
114168,0.23
114169,0.2
114171,0.21
114180,0.39
114193,0.01
114198,0.09
114201,0.11
114202,0.34
114207,0.12
114210,0.2
114221,0.06
114222,0.17
114227,0.25
114250,0.08
114253,0.12
114265,0.14
114267,0.18
114273,0.44
114280,0.29
114281,0.13
114283,0.43
114291,0.32
114310,0.2
114316,0.08
114326,0.04
114327,0.08
114339,0.11
114352,0.17
114359,0.27
114360,0.16
114382,0.24
114396,0.15
114397,0.07
114415,0.19
114425,0.13
114434,0.11
114456,0.19
114463,0.07
114469,0.09
114476,0.09
114480,0.03
114482,0.19
114492,0.09
114493,0.22
114501,0.18
114506,0.02
114510,0.07
114515,0.27
114524,0.34
114545,0.17
114546,0.1
114560,0.06
114562,0.2
114563,0.03
114566,0.2
114599,0.04
114601,0.08
114607,0.19
114612,0.06
114622,0.15
114625,0.14
114634,0.05
114635,0.02
114641,0.0
114644,0.07
114645,0.03
114651,0.17
114653,0.12
114654,0.13
114667,0.11
114668,0.15
114670,0.1
114686,0.2
114688,0.24
114690,0.16
114691,0.11
114700,0.09
114706,0.07
114740,0.03
114741,0.14
114755,0.08
114757,0.03
114767,0.22
114772,0.27
114780,0.15
114782,0.09
114791,0.11
114815,0.16
114823,0.16
114835,0.04
114838,0.05
114840,0.04
114842,0.15
114844,0.24
114850,0.13
114853,0.07
114856,0.26
114857,0.11
114858,0.2
114864,0.15
114871,0.09
114875,0.17
114879,0.15
114893,0.08
114912,0.15
114922,0.13
114930,0.15
114945,0.12
114951,0.03
114958,0.1
114962,0.13
114976,0.1
114978,0.04
114987,0.16
115002,0.02
115005,0.07
115023,0.23
115030,0.03
115033,0.3
115034,0.12
115038,0.09
115046,0.1
115049,0.23
115055,0.1
115059,0.14
115076,0.13
115078,0.18
115081,0.08
115085,0.12
115096,0.16
115101,0.02
115114,0.16
115119,0.11
115121,0.1
115122,0.14
115144,0.14
115147,0.14
115151,0.11
115172,0.1
115175,0.29
115183,0.11
115185,0.26
115197,0.13
115200,0.09
115207,0.08
115217,0.18
115230,0.27
115237,0.06
115246,0.05
115251,0.08
115269,0.09
115290,0.16
115299,0.04
115309,0.26
115310,0.15
115311,0.07
115312,0.08
115323,0.11
115324,0.08
115341,0.28
115342,0.17
115343,0.08
115350,0.2
115354,0.07
115360,0.09
115368,0.15
115373,0.18
115396,0.13
115400,0.23
115401,0.06
115404,0.12
115405,0.2
115406,0.04
115407,0.15
115412,0.18
115413,0.11
115415,0.19
115423,0.14
115427,0.14
115428,0.18
115439,0.09
115440,0.23
115447,0.17
115450,0.14
115457,0.11
115459,0.2
115463,0.09
115473,0.25
115477,0.14
115479,0.15
115480,0.21
115481,0.03
115485,0.27
115489,0.14
115495,0.1
115500,0.1
115521,0.23
115572,0.08
115580,0.06
115582,0.04
115586,0.1
115587,0.15
115588,0.05
115591,0.15
115592,0.05
115618,0.23
115619,0.13
115621,0.31
115632,0.27
115646,0.15
115658,0.11
115671,0.12
115680,0.14
115686,0.25
115688,0.04
115705,0.17
115707,0.06
115708,0.14
115726,0.36
115759,0.18
115773,0.08
115777,0.09
115778,0.15
115781,0.15
115801,0.42
115804,0.15
115810,0.2
115812,0.17
115820,0.27
115827,0.05
115831,0.22
115841,0.17
115846,0.24
115852,0.05
115857,0.17
115858,0.17
115860,0.16
115865,0.22
115867,0.24
115869,0.17
115877,0.23
115904,0.23
115913,0.12
115916,0.01
115928,0.19
115932,0.17
115933,0.09
115937,0.4
115938,0.05
115957,0.1
115958,0.04
115969,0.11
115980,0.31
115984,0.01
116006,0.08
116007,0.21
116008,0.15
116009,0.19
116011,0.05
116012,0.15
116015,0.3
116025,0.08
116047,0.12
116052,0.09
116068,0.11
116077,0.03
116084,0.16
116089,0.03
116093,0.06
116097,0.08
116102,0.15
116118,0.2
116119,0.1
116125,0.22
116128,0.1
116135,0.04
116140,0.12
116141,0.03
116142,0.05
116153,0.08
116156,0.08
116157,0.07
116167,0.23
116168,0.2
116175,0.08
116187,0.05
116189,0.15
116191,0.09
116201,0.2
116210,0.18
116213,0.08
116215,0.36
116223,0.15
116226,0.03
116228,0.07
116241,0.03
116247,0.04
116266,0.09
116276,0.37
116287,0.07
116289,0.09
116292,0.11
116306,0.07
116309,0.2
116312,0.07
116313,0.14
116335,0.11
116342,0.17
116348,0.16
116367,0.19
116380,0.12
116383,0.26
116389,0.17
116395,0.06
116397,0.16
116398,0.26
116402,0.09
116404,0.04
116406,0.05
116424,0.17
116428,0.15
116436,0.07
116440,0.07
116448,0.04
116458,0.03
116466,0.04
116469,0.17
116473,0.19
116474,0.12
116479,0.08
116480,0.07
116491,0.04
116493,0.09
116505,0.08
116511,0.15
116525,0.17
116535,0.19
116544,0.08
116546,0.08
116562,0.16
116565,0.14
116578,0.09
116579,0.08
116580,0.24
116582,0.2
116584,0.07
116586,0.11
116596,0.07
116597,0.13
116598,0.14
116604,0.34
116608,0.09
116609,0.12
116613,0.01
116614,0.15
116615,0.18
116633,0.12
116637,0.18
116643,0.13
116647,0.19
116656,0.1
116659,0.15
116662,0.22
116676,0.12
116680,0.14
116681,0.03
116683,0.31
116684,0.19
116712,0.09
116720,0.12
116726,0.15
116729,0.14
116737,0.24
116745,0.25
116747,0.18
116766,0.14
116781,0.17
116783,0.13
116787,0.07
116788,0.39
116789,0.11
116801,0.07
116803,0.07
116804,0.25
116806,0.13
116815,0.15
116817,0.12
116825,0.12
116828,0.06
116829,0.01
116853,0.21
116854,0.18
116859,0.1
116860,0.17
116865,0.1
116872,0.24
116880,0.19
116882,0.06
116893,0.27
116896,0.06
116906,0.02
116908,0.12
116925,0.13
116926,0.2
116948,0.07
116949,0.2
116955,0.16
116964,0.02
116974,0.15
116976,0.25
116990,0.14
116993,0.23
116994,0.15
116997,0.27
117003,0.11
117007,0.18
117011,0.08
117012,0.22
117019,0.05
117021,0.3
117030,0.09
117036,0.12
117043,0.11
117054,0.11
117070,0.07
117077,0.17
117087,0.16
117093,0.22
117105,0.11
117112,0.06
117129,0.3
117135,0.17
117138,0.28
117142,0.12
117148,0.17
117157,0.16
117170,0.0
117171,0.13
117172,0.07
117178,0.29
117186,0.12
117187,0.19
117193,0.24
117194,0.16
117199,0.12
117207,0.07
117211,0.13
117216,0.27
117217,0.27
117218,0.06
117219,0.11
117224,0.12
117225,0.11
117239,0.22
117242,0.12
117249,0.27
117255,0.15
117257,0.2
117272,0.2
117284,0.29
117287,0.09
117293,0.1
117298,0.37
117299,0.09
117307,0.19
117321,0.12
117323,0.15
117326,0.18
117327,0.34
117341,0.09
117350,0.13
117362,0.32
117375,0.1
117391,0.2
117392,0.13
117396,0.18
117399,0.13
117400,0.18
117402,0.03
117406,0.18
117417,0.42
117418,0.06
117425,0.24
117428,0.08
117443,0.13
117448,0.06
117449,0.04
117450,0.21
117463,0.1
117467,0.06
117478,0.15
117480,0.21
117483,0.28
117484,0.18
117495,0.18
117498,0.11
117501,0.12
117503,0.27
117520,0.29
117524,0.27
117525,0.26
117526,0.19
117527,0.18
117531,0.16
117545,0.04
117547,0.32
117557,0.09
117563,0.16
117564,0.13
117598,0.2
117599,0.18
117610,0.03
117614,0.2
117616,0.2
117623,0.06
117625,0.31
117633,0.16
117634,0.13
117639,0.11
117652,0.07
117653,0.12
117660,0.23
117661,0.11
117662,0.09
117676,0.06
117677,0.22
117681,0.15
117684,0.17
117707,0.04
117736,0.3
117737,0.17
117741,0.13
117746,0.32
117753,0.31
117755,0.13
117775,0.16
117784,0.26
117786,0.08
117791,0.13
117801,0.24
117805,0.12
117816,0.03
117824,0.15
117835,0.08
117837,0.0
117847,0.23
117853,0.04
117854,0.18
117886,0.11
117900,0.04
117920,0.17
117924,0.03
117925,0.21
117934,0.02
117957,0.13
117959,0.21
117967,0.26
117969,0.2
117981,0.16
117982,0.08
117996,0.22
118000,0.16
118018,0.17
118025,0.19
118026,0.23
118044,0.21
118045,0.31
118048,0.09
118055,0.28
118058,0.09
118060,0.2
118066,0.05
118071,0.09
118072,0.22
118082,0.07
118089,0.1
118106,0.11
118115,0.07
118127,0.45
118144,0.17
118150,0.18
118151,0.04
118157,0.42
118162,0.07
118163,0.19
118166,0.09
118181,0.13
118191,0.06
118202,0.24
118205,0.23
118214,0.21
118251,0.19
118264,0.23
118271,0.21
118272,0.18
118276,0.18
118287,0.34
118291,0.02
118292,0.04
118294,0.13
118305,0.14
118312,0.09
118319,0.15
118321,0.04
118326,0.23
118342,0.22
118343,0.03
118353,0.08
118354,0.17
118358,0.12
118359,0.17
118365,0.18
118367,0.05
118368,0.15
118371,0.13
118378,0.15
118379,0.17
118383,0.09
118386,0.18
118387,0.19
118400,0.18
118403,0.08
118428,0.24
118440,0.16
118459,0.13
118490,0.04
118491,0.18
118492,0.03
118498,0.22
118499,0.21
118509,0.13
118518,0.08
118531,0.23
118532,0.04
118546,0.1
118548,0.09
118558,0.16
118560,0.2
118561,0.13
118562,0.28
118564,0.08
118569,0.25
118578,0.11
118585,0.14
118591,0.09
118592,0.2
118594,0.09
118611,0.11
118614,0.12
118622,0.07
118641,0.13
118642,0.09
118650,0.06
118666,0.16
118696,0.18
118697,0.15
118710,0.05
118717,0.14
118720,0.03
118735,0.11
118747,0.06
118750,0.18
118789,0.13
118791,0.14
118803,0.26
118804,0.11
118806,0.21
118809,0.15
118823,0.14
118842,0.05
118871,0.28
118874,0.09
118876,0.14
118886,0.08
118888,0.27
118889,0.17
118894,0.22
118898,0.09
118905,0.26
118911,0.11
118915,0.19
118916,0.18
118925,0.04
118926,0.14
118929,0.17
118935,0.09
118947,0.08
118951,0.05
118953,0.15
118960,0.23
118973,0.15
119001,0.11
119003,0.33
119009,0.16
119011,0.11
119012,0.15
119014,0.15
119025,0.06
119047,0.16
119049,0.03
119057,0.14
119062,0.09
119064,0.09
119069,0.07
119079,0.1
119088,0.08
119091,0.32
119095,0.18
119104,0.1
119108,0.34
119109,0.05
119115,0.12
119125,0.09
119146,0.05
119148,0.12
119160,0.22
119164,0.29
119169,0.3
119179,0.04
119187,0.18
119191,0.08
119205,0.1
119207,0.21
119208,0.11
119217,0.21
119230,0.1
119232,0.13
119236,0.24
119238,0.11
119240,0.1
119250,0.12
119251,0.18
119252,0.07
119266,0.15
119267,0.03
119270,0.17
119272,0.22
119276,0.16
119281,0.05
119295,0.07
119313,0.26
119318,0.08
119321,0.21
119340,0.08
119341,0.04
119344,0.22
119348,0.01
119353,0.11
119361,0.17
119362,0.52
119376,0.21
119383,0.14
119391,0.25
119394,0.17
119395,0.23
119415,0.03
119430,0.18
119441,0.11
119454,0.13
119468,0.2
119474,0.35
119492,0.08
119496,0.24
119500,0.25
119501,0.25
119510,0.13
119518,0.16
119524,0.23
119533,0.08
119540,0.25
119553,0.03
119573,0.04
119593,0.09
119594,0.05
119595,0.28
119596,0.06
119607,0.31
119609,0.16
119616,0.14
119618,0.22
119619,0.26
119628,0.2
119630,0.09
119632,0.15
119648,0.35
119671,0.15
119675,0.13
119683,0.19
119689,0.16
119697,0.19
119698,0.36
119702,0.35
119709,0.13
119715,0.05
119718,0.17
119719,0.29
119731,0.31
119736,0.13
119745,0.18
119749,0.1
119751,0.19
119757,0.14
119761,0.16
119762,0.04
119771,0.19
119778,0.23
119784,0.11
119788,0.04
119802,0.04
119803,0.18
119806,0.15
119810,0.01
119811,0.16
119813,0.33
119820,0.25
119821,0.22
119842,0.12
119843,0.03
119844,0.17
119861,0.03
119866,0.04
119868,0.16
119875,0.12
119896,0.32
119898,0.16
119921,0.16
119922,0.12
119929,0.19
119934,0.11
119938,0.11
119947,0.09
119948,0.35
119967,0.26
119977,0.07
119980,0.09
119984,0.23
119989,0.19
119990,0.1
119994,0.06
119999,0.22
120004,0.15
120020,0.1
120030,0.09
120036,0.14
120050,0.3
120051,0.33
120053,0.22
120075,0.06
120076,0.11
120088,0.08
120099,0.05
120101,0.07
120102,0.15
120108,0.05
120145,0.13
120146,0.1
120154,0.11
120156,0.13
120165,0.17
120166,0.14
120176,0.05
120179,0.21
120182,0.09
120198,0.16
120205,0.15
120208,0.06
120214,0.06
120220,0.08
120227,0.2
120233,0.11
120240,0.1
120243,0.14
120266,0.22
120268,0.2
120280,0.14
120281,0.2
120284,0.08
120298,0.13
120304,0.17
120306,0.24
120320,0.12
120325,0.03
120326,0.11
120335,0.27
120341,0.01
120343,0.12
120388,0.06
120390,0.08
120404,0.05
120405,0.14
120408,0.24
120415,0.16
120421,0.3
120422,0.13
120433,0.15
120437,0.23
120440,0.01
120441,0.18
120449,0.2
120457,0.23
120459,0.24
120460,0.08
120463,0.14
120464,0.08
120470,0.18
120488,0.3
120535,0.12
120538,0.16
120539,0.28
120541,0.22
120562,0.06
120570,0.16
120580,0.21
120581,0.22
120591,0.3
120593,0.13
120598,0.22
120603,0.03
120607,0.22
120642,0.06
120647,0.15
120649,0.11
120664,0.08
120665,0.11
120671,0.17
120678,0.15
120679,0.1
120680,0.2
120681,0.26
120691,0.22
120696,0.18
120697,0.17
120713,0.16
120721,0.21
120725,0.1
120734,0.18
120740,0.34
120748,0.21
120755,0.07
120759,0.05
120761,0.16
120764,0.15
120770,0.25
120777,0.09
120796,0.04
120803,0.04
120809,0.13
120811,0.09
120826,0.22
120829,0.06
120832,0.12
120840,0.24
120857,0.18
120885,0.16
120891,0.09
120894,0.02
120905,0.18
120913,0.17
120914,0.08
120918,0.08
120921,0.11
120923,0.16
120927,0.26
120928,0.13
120934,0.23
120936,0.12
120942,0.05
120946,0.1
120947,0.25
120953,0.06
120955,0.08
120956,0.13
120977,0.15
120980,0.28
120981,0.09
120982,0.09
120991,0.2
121011,0.14
121013,0.06
121018,0.12
121020,0.11
121037,0.1
121038,0.09
121039,0.07
121045,0.16
121046,0.09
121059,0.35
121066,0.28
121078,0.18
121080,0.28
121081,0.14
121086,0.13
121099,0.21
121100,0.09
121107,0.24
121108,0.1
121111,0.01
121130,0.12
121131,0.2
121135,0.18
121152,0.01
121156,0.03
121160,0.15
121162,0.21
121175,0.13
121181,0.04
121186,0.13
121197,0.09
121201,0.26
121208,0.09
121215,0.19
121220,0.25
121225,0.22
121227,0.16
121228,0.25
121243,0.16
121258,0.2
121259,0.04
121265,0.07
121279,0.12
121280,0.21
121281,0.19
121283,0.11
121288,0.08
121296,0.22
121300,0.16
121308,0.21
121321,0.15
121323,0.06
121332,0.07
121334,0.07
121348,0.08
121350,0.08
121351,0.13
121363,0.01
121379,0.13
121380,0.13
121383,0.13
121387,0.22
121414,0.1
121416,0.14
121422,0.15
121423,0.1
121427,0.18
121431,0.09
121438,0.07
121460,0.13
121479,0.07
121482,0.07
121483,0.21
121488,0.12
121489,0.19
121492,0.16
121502,0.03
121503,0.17
121513,0.11
121544,0.17
121545,0.14
121546,0.1
121552,0.35
121553,0.11
121556,0.11
121557,0.1
121583,0.11
121588,0.06
121596,0.09
121597,0.09
121612,0.09
121618,0.17
121619,0.07
121621,0.13
121622,0.16
121626,0.18
121628,0.16
121630,0.32
121631,0.1
121632,0.24
121641,0.16
121695,0.13
121733,0.28
121754,0.02
121762,0.16
121765,0.14
121766,0.12
121771,0.14
121772,0.43
121778,0.22
121791,0.15
121792,0.09
121822,0.23
121825,0.29
121832,0.1
121841,0.23
121846,0.11
121850,0.08
121851,0.09
121853,0.27
121857,0.18
121862,0.18
121863,0.14
121875,0.07
121881,0.06
121896,0.29
121901,0.08
121908,0.11
121909,0.22
121916,0.12
121919,0.11
121921,0.21
121933,0.15
121947,0.22
121948,0.24
121963,0.19
121968,0.18
121970,0.18
121978,0.11
121991,0.18
121996,0.14
121997,0.29
122000,0.16
122015,0.22
122017,0.35
122027,0.2
122044,0.02
122047,0.21
122055,0.21
122065,0.16
122069,0.12
122074,0.03
122086,0.15
122089,0.24
122099,0.04
122102,0.1
122118,0.2
122124,0.02
122125,0.11
122129,0.07
122133,0.08
122135,0.11
122136,0.12
122142,0.09
122154,0.11
122158,0.28
122160,0.04
122165,0.02
122166,0.19
122170,0.15
122175,0.12
122192,0.13
122207,0.07
122210,0.06
122215,0.06
122222,0.09
122234,0.21
122235,0.08
122236,0.06
122248,0.23
122256,0.08
122257,0.22
122258,0.11
122259,0.14
122260,0.2
122264,0.16
122266,0.25
122268,0.08
122271,0.16
122283,0.13
122286,0.06
122288,0.11
122301,0.08
122313,0.14
122322,0.01
122323,0.06
122324,0.12
122336,0.14
122338,0.12
122349,0.01
122351,0.14
122354,0.22
122358,0.04
122376,0.22
122378,0.19
122387,0.02
122392,0.15
122405,0.34
122409,0.18
122411,0.14
122415,0.12
122416,0.21
122425,0.35
122452,0.13
122453,0.27
122456,0.04
122458,0.2
122465,0.17
122468,0.23
122477,0.15
122483,0.08
122517,0.27
122521,0.47
122537,0.14
122538,0.14
122552,0.25
122557,0.19
122561,0.06
122568,0.04
122573,0.19
122583,0.1
122590,0.22
122609,0.06
122617,0.03
122621,0.22
122635,0.14
122638,0.03
122639,0.14
122644,0.09
122675,0.1
122699,0.19
122703,0.15
122706,0.07
122712,0.17
122730,0.06
122731,0.08
122736,0.13
122741,0.17
122745,0.11
122751,0.18
122768,0.04
122785,0.16
122797,0.22
122812,0.2
122816,0.16
122817,0.07
122826,0.17
122838,0.22
122845,0.01
122848,0.12
122850,0.06
122856,0.12
122862,0.18
122869,0.18
122871,0.24
122874,0.3
122875,0.21
122885,0.17
122901,0.15
122902,0.08
122903,0.13
122904,0.14
122910,0.1
122921,0.07
122925,0.2
122964,0.04
122975,0.14
122977,0.16
122984,0.35
122999,0.08
123004,0.25
123009,0.16
123012,0.14
123018,0.1
123025,0.26
123037,0.04
123038,0.17
123039,0.09
123045,0.13
123046,0.09
123051,0.11
123052,0.06
123056,0.16
123061,0.11
123072,0.12
123074,0.13
123086,0.19
123087,0.09
123091,0.27
123094,0.04
123105,0.16
123110,0.13
123113,0.06
123114,0.22
123124,0.13
123131,0.07
123136,0.39
123146,0.03
123147,0.25
123155,0.28
123163,0.01
123182,0.11
123196,0.14
123200,0.09
123204,0.05
123207,0.18
123210,0.1
123215,0.18
123227,0.09
123234,0.11
123239,0.14
123249,0.28
123252,0.19
123255,0.02
123257,0.05
123260,0.13
123263,0.17
123274,0.07
123275,0.18
123276,0.1
123292,0.1
123308,0.04
123316,0.08
123328,0.07
123330,0.21
123331,0.15
123334,0.27
123343,0.15
123344,0.1
123345,0.2
123352,0.23
123356,0.07
123365,0.17
123368,0.2
123376,0.04
123381,0.07
123384,0.3
123389,0.1
123401,0.23
123419,0.05
123433,0.16
123438,0.17
123441,0.09
123456,0.13
123457,0.12
123476,0.02
123477,0.21
123489,0.17
123490,0.17
123496,0.19
123502,0.18
123503,0.33
123513,0.08
123515,0.25
123530,0.16
123532,0.09
123537,0.04
123539,0.2
123540,0.12
123546,0.07
123547,0.27
123554,0.07
123572,0.07
123574,0.14
123575,0.11
123576,0.01
123584,0.23
123586,0.06
123591,0.15
123606,0.13
123607,0.15
123615,0.07
123616,0.15
123619,0.1
123621,0.22
123622,0.14
123633,0.09
123635,0.21
123658,0.24
123659,0.18
123663,0.08
123666,0.16
123670,0.1
123678,0.07
123688,0.22
123707,0.07
123709,0.12
123720,0.15
123741,0.07
123751,0.17
123759,0.2
123765,0.21
123766,0.14
123793,0.33
123794,0.07
123809,0.21
123837,0.16
123839,0.1
123843,0.14
123851,0.15
123854,0.26
123860,0.11
123863,0.15
123879,0.14
123888,0.23
123891,0.17
123912,0.17
123942,0.13
123952,0.26
123953,0.11
123958,0.22
123966,0.07
123977,0.19
123981,0.06
124000,0.18
124023,0.08
124026,0.09
124027,0.12
124033,0.1
124053,0.16
124057,0.1
124065,0.11
124074,0.07
124079,0.22
124095,0.13
124110,0.12
124138,0.04
124167,0.16
124168,0.13
124175,0.03
124176,0.21
124181,0.18
124195,0.27
124197,0.06
124206,0.05
124225,0.03
124230,0.2
124231,0.15
124253,0.12
124257,0.1
124263,0.02
124277,0.14
124285,0.05
124289,0.09
124299,0.17
124303,0.13
124309,0.28
124316,0.15
124319,0.2
124335,0.24
124347,0.36
124359,0.09
124362,0.07
124363,0.17
124389,0.12
124390,0.2
124393,0.26
124401,0.44
124406,0.1
124407,0.16
124416,0.26
124423,0.15
124429,0.14
124431,0.18
124439,0.03
124441,0.2
124451,0.19
124454,0.15
124463,0.35
124492,0.17
124493,0.16
124503,0.16
124506,0.12
124514,0.06
124516,0.16
124519,0.15
124520,0.22
124539,0.09
124545,0.25
124546,0.15
124552,0.06
124553,0.15
124555,0.08
124575,0.08
124586,0.14
124587,0.05
124591,0.27
124595,0.2
124597,0.22
124625,0.2
124628,0.19
124647,0.26
124648,0.05
124654,0.18
124655,0.15
124656,0.09
124658,0.07
124674,0.22
124675,0.01
124686,0.18
124696,0.2
124698,0.11
124702,0.15
124704,0.06
124705,0.12
124719,0.06
124732,0.11
124734,0.24
124737,0.15
124742,0.23
124793,0.13
124816,0.29
124820,0.18
124823,0.38
124826,0.13
124829,0.17
124844,0.17
124850,0.02
124866,0.02
124868,0.08
124874,0.2
124875,0.18
124876,0.14
124887,0.18
124893,0.22
124901,0.03
124905,0.17
124906,0.21
124931,0.11
124938,0.08
124940,0.16
124947,0.09
124948,0.13
124949,0.05
124971,0.15
124974,0.11
124976,0.05
125004,0.19
125025,0.14
125029,0.19
125031,0.18
125037,0.21
125046,0.17
125052,0.11
125053,0.06
125090,0.17
125093,0.13
125100,0.16
125101,0.17
125104,0.11
125111,0.14
125133,0.13
125144,0.11
125145,0.11
125149,0.17
125157,0.21
125158,0.34
125164,0.2
125167,0.18
125170,0.15
125177,0.11
125185,0.16
125190,0.09
125196,0.17
125200,0.28
125203,0.18
125215,0.2
125221,0.15
125224,0.0
125227,0.13
125252,0.15
125256,0.15
125264,0.06
125266,0.18
125267,0.13
125268,0.36
125270,0.12
125271,0.12
125276,0.11
125290,0.13
125300,0.13
125311,0.1
125327,0.07
125338,0.07
125359,0.15
125360,0.08
125366,0.11
125373,0.18
125376,0.32
125384,0.13
125387,0.28
125388,0.06
125393,0.09
125394,0.23
125396,0.03
125397,0.15
125408,0.06
125409,0.07
125414,0.31
125423,0.09
125425,0.18
125436,0.12
125450,0.07
125465,0.12
125471,0.29
125488,0.14
125496,0.2
125500,0.36
125505,0.12
125507,0.11
125519,0.1
125521,0.16
125524,0.09
125531,0.27
125542,0.17
125552,0.02
125560,0.15
125573,0.09
125574,0.18
125576,0.09
125592,0.03
125604,0.11
125622,0.04
125628,0.09
125649,0.14
125668,0.24
125695,0.15
125698,0.09
125701,0.25
125705,0.21
125709,0.15
125713,0.03
125720,0.11
125727,0.39
125747,0.08
125752,0.04
125758,0.19
125772,0.2
125779,0.38
125798,0.13
125804,0.27
125814,0.22
125817,0.11
125835,0.08
125838,0.16
125842,0.08
125852,0.25
125878,0.08
125886,0.19
125896,0.22
125924,0.08
125930,0.13
125939,0.05
125957,0.15
125961,0.08
125972,0.06
125973,0.19
125975,0.02
125983,0.1
125984,0.25
125990,0.29
126016,0.3
126022,0.07
126028,0.17
126047,0.21
126048,0.06
126067,0.2
126068,0.01
126069,0.1
126088,0.13
126121,0.11
126123,0.07
126125,0.02
126136,0.16
126159,0.06
126162,0.18
126165,0.12
126172,0.22
126175,0.18
126178,0.17
126184,0.04
126198,0.15
126202,0.21
126203,0.07
126205,0.2
126214,0.16
126231,0.26
126238,0.07
126242,0.14
126252,0.1
126263,0.16
126265,0.12
126267,0.21
126274,0.14
126299,0.14
126307,0.29
126310,0.13
126329,0.19
126331,0.2
126340,0.05
126341,0.23
126348,0.03
126349,0.05
126351,0.14
126354,0.13
126366,0.12
126370,0.11
126398,0.07
126407,0.09
126409,0.21
126431,0.14
126438,0.18
126448,0.1
126462,0.14
126464,0.28
126468,0.11
126472,0.18
126473,0.08
126479,0.13
126484,0.21
126486,0.09
126488,0.11
126490,0.16
126494,0.16
126506,0.03
126510,0.11
126513,0.13
126526,0.29
126533,0.09
126538,0.13
126549,0.22
126553,0.08
126554,0.04
126555,0.1
126579,0.24
126584,0.09
126594,0.13
126595,0.1
126596,0.08
126602,0.02
126611,0.1
126614,0.09
126636,0.15
126638,0.06
126651,0.13
126658,0.09
126674,0.15
126685,0.08
126688,0.18
126689,0.12
126707,0.33
126715,0.1
126716,0.09
126721,0.15
126722,0.2
126732,0.15
126738,0.06
126743,0.16
126744,0.13
126752,0.05
126759,0.03
126763,0.23
126775,0.15
126778,0.24
126784,0.18
126791,0.09
126792,0.14
126804,0.22
126816,0.16
126817,0.05
126822,0.11
126832,0.12
126842,0.09
126849,0.05
126850,0.13
126861,0.04
126871,0.08
126872,0.22
126880,0.12
126888,0.13
126896,0.18
126913,0.19
126918,0.05
126954,0.12
126961,0.12
126963,0.02
126965,0.3
126968,0.19
126971,0.12
126981,0.08
126984,0.08
126985,0.15
126995,0.19
126999,0.17
127007,0.09
127015,0.12
127038,0.08
127054,0.04
127057,0.09
127062,0.17
127083,0.22
127098,0.08
127102,0.11
127110,0.13
127111,0.18
127116,0.19
127126,0.11
127135,0.09
127137,0.15
127142,0.09
127151,0.1
127155,0.13
127156,0.05
127160,0.11
127169,0.13
127174,0.12
127175,0.17
127177,0.04
127192,0.17
127193,0.11
127196,0.13
127197,0.21
127204,0.14
127207,0.21
127215,0.04
127226,0.28
127230,0.09
127244,0.14
127247,0.19
127249,0.08
127259,0.18
127299,0.04
127304,0.15
127308,0.15
127309,0.09
127313,0.23
127316,0.11
127317,0.16
127318,0.15
127333,0.03
127334,0.03
127336,0.05
127346,0.15
127370,0.1
127375,0.13
127390,0.12
127392,0.13
127398,0.17
127400,0.12
127402,0.11
127407,0.17
127412,0.15
127413,0.07
127415,0.03
127418,0.26
127425,0.15
127432,0.16
127436,0.18
127448,0.15
127449,0.09
127463,0.19
127464,0.21
127468,0.06
127481,0.09
127492,0.22
127495,0.11
127496,0.18
127501,0.12
127508,0.06
127531,0.02
127554,0.02
127562,0.1
127565,0.09
127567,0.18
127582,0.11
127593,0.19
127595,0.16
127614,0.08
127627,0.12
127630,0.05
127638,0.15
127639,0.12
127641,0.13
127643,0.18
127665,0.06
127674,0.1
127676,0.23
127693,0.11
127701,0.08
127702,0.18
127709,0.19
127720,0.08
127733,0.16
127739,0.24
127753,0.15
127756,0.18
127757,0.21
127777,0.12
127810,0.34
127811,0.15
127821,0.2
127835,0.07
127839,0.14
127870,0.25
127878,0.23
127887,0.26
127918,0.16
127919,0.18
127920,0.18
127932,0.16
127933,0.23
127953,0.14
127955,0.06
127957,0.08
127961,0.11
127967,0.25
127970,0.2
127975,0.13
127985,0.05
127991,0.1
127997,0.1
127999,0.11
128004,0.06
128005,0.2
128015,0.08
128018,0.19
128044,0.14
128046,0.09
128047,0.11
128048,0.31
128054,0.09
128066,0.24
128070,0.22
128071,0.15
128094,0.2
128095,0.01
128099,0.23
128116,0.05
128130,0.13
128132,0.21
128133,0.3
128140,0.16
128154,0.01
128156,0.15
128160,0.05
128165,0.3
128166,0.03
128169,0.01
128171,0.18
128177,0.06
128178,0.09
128182,0.1
128191,0.15
128199,0.12
128213,0.16
128214,0.18
128216,0.02
128217,0.25
128226,0.15
128229,0.17
128232,0.22
128246,0.14
128273,0.16
128274,0.22
128283,0.12
128284,0.12
128294,0.22
128295,0.16
128297,0.08
128300,0.04
128314,0.09
128317,0.11
128339,0.13
128340,0.03
128342,0.24
128343,0.07
128364,0.13
128368,0.17
128377,0.1
128380,0.11
128383,0.2
128407,0.19
128409,0.13
128423,0.11
128428,0.03
128433,0.07
128438,0.14
128439,0.17
128446,0.13
128447,0.14
128450,0.19
128455,0.27
128457,0.15
128464,0.14
128465,0.1
128471,0.08
128474,0.23
128483,0.14
128514,0.14
128516,0.11
128519,0.07
128528,0.16
128529,0.21
128536,0.17
128541,0.15
128542,0.12
128545,0.09
128557,0.1
128560,0.16
128568,0.2
128571,0.05
128578,0.09
128582,0.17
128588,0.14
128597,0.18
128610,0.13
128619,0.28
128630,0.23
128680,0.12
128684,0.06
128687,0.08
128699,0.31
128702,0.18
128704,0.16
128710,0.22
128720,0.24
128724,0.24
128727,0.14
128744,0.08
128745,0.09
128760,0.2
128766,0.21
128770,0.24
128782,0.1
128822,0.09
128830,0.29
128836,0.12
128845,0.04
128858,0.09
128859,0.07
128860,0.18
128874,0.21
128880,0.17
128882,0.1
128883,0.21
128884,0.02
128892,0.23
128905,0.11
128910,0.06
128912,0.17
128915,0.19
128917,0.25
128937,0.06
128942,0.08
128945,0.08
128957,0.1
128962,0.19
128970,0.04
128985,0.19
128986,0.05
128992,0.03
128994,0.11
129003,0.05
129005,0.16
129010,0.06
129024,0.09
129038,0.02
129042,0.01
129049,0.06
129062,0.15
129067,0.24
129070,0.1
129073,0.21
129074,0.05
129088,0.13
129090,0.24
129101,0.22
129102,0.06
129106,0.18
129108,0.13
129120,0.18
129122,0.12
129123,0.37
129135,0.18
129141,0.16
129152,0.08
129160,0.14
129168,0.22
129174,0.07
129178,0.07
129183,0.18
129187,0.0
129197,0.19
129200,0.09
129205,0.09
129222,0.05
129230,0.18
129235,0.16
129251,0.03
129274,0.11
129282,0.05
129284,0.11
129298,0.14
129299,0.1
129311,0.08
129312,0.02
129313,0.07
129314,0.07
129321,0.12
129329,0.19
129330,0.13
129332,0.07
129338,0.17
129345,0.07
129349,0.22
129353,0.04
129357,0.09
129358,0.14
129365,0.17
129376,0.1
129380,0.16
129382,0.13
129402,0.21
129403,0.04
129412,0.1
129441,0.28
129442,0.11
129448,0.3
129466,0.11
129475,0.07
129483,0.15
129484,0.09
129499,0.1
129501,0.21
129508,0.19
129510,0.16
129526,0.15
129527,0.25
129533,0.16
129535,0.27
129536,0.19
129545,0.14
129553,0.23
129557,0.22
129560,0.04
129576,0.08
129580,0.16
129585,0.2
129587,0.07
129597,0.1
129611,0.08
129619,0.1
129622,0.22
129631,0.15
129632,0.12
129640,0.19
129647,0.11
129658,0.05
129676,0.12
129683,0.02
129685,0.17
129701,0.21
129706,0.26
129707,0.06
129720,0.12
129727,0.27
129728,0.04
129768,0.17
129775,0.12
129790,0.08
129804,0.1
129805,0.18
129813,0.02
129816,0.08
129823,0.17
129826,0.38
129831,0.07
129833,0.04
129851,0.15
129857,0.21
129860,0.11
129914,0.18
129926,0.05
129933,0.11
129939,0.12
129949,0.16
129959,0.19
129962,0.31
129963,0.17
129964,0.11
129977,0.03
129985,0.09
129987,0.18
129992,0.22
130002,0.11
130016,0.18
130045,0.13
130048,0.17
130051,0.1
130053,0.25
130056,0.06
130061,0.11
130062,0.08
130065,0.23
130066,0.11
130070,0.2
130079,0.11
130080,0.19
130098,0.13
130109,0.09
130110,0.12
130116,0.02
130125,0.22
130134,0.25
130137,0.12
130138,0.17
130146,0.19
130148,0.07
130154,0.12
130156,0.17
130158,0.05
130159,0.03
130177,0.04
130186,0.27
130204,0.25
130205,0.22
130206,0.07
130211,0.08
130217,0.14
130218,0.17
130235,0.16
130236,0.29
130239,0.13
130256,0.13
130260,0.1
130261,0.24
130262,0.02
130263,0.18
130264,0.13
130266,0.22
130277,0.27
130278,0.17
130281,0.34
130297,0.08
130302,0.23
130320,0.17
130325,0.1
130329,0.05
130338,0.26
130339,0.02
130340,0.2
130344,0.07
130347,0.14
130353,0.18
130358,0.03
130366,0.06
130371,0.14
130374,0.17
130389,0.11
130390,0.13
130404,0.07
130426,0.05
130440,0.22
130449,0.38
130451,0.08
130452,0.18
130453,0.07
130463,0.08
130466,0.16
130467,0.05
130475,0.11
130489,0.25
130490,0.15
130495,0.14
130497,0.03
130499,0.08
130504,0.14
130513,0.22
130528,0.09
130533,0.18
130543,0.1
130567,0.26
130571,0.26
130572,0.08
130589,0.18
130592,0.25
130603,0.22
130623,0.05
130641,0.08
130687,0.03
130690,0.22
130698,0.11
130707,0.16
130709,0.24
130718,0.12
130722,0.08
130732,0.07
130735,0.03
130757,0.11
130760,0.09
130771,0.03
130772,0.12
130774,0.19
130779,0.09
130795,0.04
130828,0.25
130833,0.11
130843,0.04
130855,0.15
130871,0.06
130878,0.14
130885,0.28
130889,0.1
130894,0.13
130896,0.17
130905,0.16
130906,0.02
130930,0.05
130931,0.23
130943,0.04
130946,0.02
130947,0.34
130950,0.11
130954,0.21
130966,0.16
130983,0.13
131003,0.14
131005,0.04
131009,0.16
131013,0.17
131027,0.06
131030,0.25
131031,0.02
131033,0.11
131039,0.16
131045,0.17
131057,0.23
131072,0.16
131084,0.14
131088,0.08
131089,0.04
131091,0.19
131093,0.23
131114,0.24
131118,0.06
131123,0.14
131130,0.13
131144,0.18
131162,0.21
131163,0.18
131166,0.22
131179,0.2
131181,0.12
131183,0.21
131219,0.09
131227,0.06
131231,0.08
131235,0.18
131242,0.07
131251,0.17
131257,0.18
131263,0.08
131268,0.15
131271,0.12
131275,0.13
131286,0.21
131290,0.25
131300,0.08
131306,0.16
131316,0.16
131321,0.27
131322,0.21
131326,0.1
131333,0.14
131335,0.2
131352,0.09
131354,0.07
131366,0.1
131373,0.09
131388,0.1
131394,0.13
131404,0.17
131405,0.22
131411,0.09
131416,0.15
131421,0.14
131424,0.02
131426,0.13
131443,0.26
131470,0.14
131471,0.17
131476,0.11
131477,0.09
131479,0.37
131493,0.2
131495,0.19
131496,0.21
131498,0.2
131504,0.14
131525,0.23
131528,0.09
131548,0.16
131549,0.18
131550,0.22
131557,0.25
131564,0.12
131565,0.11
131576,0.16
131602,0.22
131628,0.19
131629,0.08
131641,0.11
131647,0.14
131664,0.08
131677,0.12
131681,0.15
131682,0.14
131688,0.18
131690,0.17
131691,0.06
131709,0.09
131713,0.1
131719,0.07
131733,0.24
131734,0.1
131743,0.33
131747,0.11
131748,0.19
131758,0.05
131759,0.13
131764,0.1
131771,0.06
131788,0.07
131791,0.23
131798,0.12
131810,0.28
131812,0.07
131815,0.17
131823,0.18
131824,0.13
131828,0.19
131844,0.12
131846,0.16
131848,0.09
131863,0.08
131864,0.12
131889,0.11
131890,0.11
131892,0.16
131895,0.13
131896,0.12
131897,0.05
131905,0.13
131906,0.12
131907,0.29
131914,0.14
131921,0.07
131922,0.1
131925,0.09
131936,0.15
131941,0.05
131950,0.06
131952,0.1
131959,0.33
131983,0.12
131987,0.09
131994,0.23
132004,0.21
132009,0.15
132012,0.07
132013,0.14
132014,0.24
132028,0.19
132054,0.1
132061,0.11
132062,0.17
132078,0.42
132082,0.07
132086,0.05
132089,0.09
132095,0.15
132109,0.1
132110,0.11
132121,0.07
132125,0.09
132127,0.25
132128,0.18
132134,0.07
132139,0.09
132141,0.05
132149,0.27
132150,0.17
132152,0.07
132153,0.16
132164,0.11
132179,0.27
132182,0.12
132189,0.04
132193,0.18
132194,0.11
132195,0.02
132208,0.26
132211,0.16
132212,0.07
132216,0.09
132219,0.1
132223,0.16
132238,0.12
132242,0.08
132268,0.09
132275,0.22
132276,0.15
132279,0.07
132289,0.2
132290,0.12
132300,0.28
132319,0.24
132340,0.0
132344,0.09
132345,0.1
132346,0.22
132352,0.1
132353,0.16
132358,0.3
132381,0.14
132382,0.11
132383,0.22
132410,0.09
132419,0.04
132423,0.11
132432,0.1
132434,0.06
132440,0.11
132441,0.21
132452,0.04
132453,0.07
132456,0.09
132459,0.26
132462,0.11
132463,0.19
132468,0.17
132485,0.26
132490,0.07
132500,0.22
132521,0.33
132555,0.18
132560,0.07
132562,0.1
132575,0.13
132587,0.04
132591,0.17
132611,0.13
132615,0.13
132617,0.29
132622,0.23
132629,0.12
132638,0.06
132642,0.14
132658,0.05
132664,0.09
132668,0.06
132676,0.19
132704,0.06
132707,0.16
132719,0.15
132723,0.26
132724,0.12
132732,0.15
132754,0.13
132756,0.04
132766,0.08
132767,0.16
132775,0.23
132776,0.2
132785,0.13
132787,0.04
132793,0.12
132807,0.09
132811,0.08
132818,0.08
132834,0.07
132846,0.06
132861,0.18
132870,0.21
132882,0.03
132884,0.02
132885,0.22
132888,0.1
132898,0.1
132912,0.09
132916,0.2
132917,0.11
132932,0.22
132940,0.14
132943,0.12
132962,0.02
132965,0.21
132969,0.06
132974,0.18
132977,0.11
132978,0.09
132982,0.08
132983,0.03
132996,0.13
133006,0.04
133007,0.01
133025,0.08
133027,0.19
133033,0.11
133038,0.19
133040,0.12
133041,0.1
133044,0.16
133053,0.08
133063,0.08
133065,0.04
133083,0.14
133084,0.02
133091,0.16
133092,0.12
133107,0.1
133111,0.17
133122,0.13
133132,0.1
133140,0.22
133147,0.14
133150,0.11
133168,0.04
133170,0.09
133184,0.13
133228,0.22
133229,0.11
133230,0.17
133232,0.16
133242,0.18
133246,0.27
133247,0.08
133253,0.14
133268,0.12
133271,0.14
133272,0.06
133296,0.22
133299,0.14
133302,0.31
133315,0.14
133330,0.1
133331,0.11
133332,0.15
133333,0.14
133334,0.35
133361,0.32
133363,0.29
133404,0.08
133412,0.35
133418,0.12
133422,0.33
133426,0.23
133450,0.14
133465,0.19
133468,0.08
133469,0.07
133474,0.02
133479,0.24
133490,0.27
133492,0.03
133495,0.09
133496,0.03
133501,0.27
133502,0.09
133511,0.18
133515,0.23
133528,0.12
133539,0.08
133551,0.18
133564,0.12
133569,0.04
133570,0.13
133578,0.13
133586,0.11
133587,0.34
133597,0.32
133608,0.0
133624,0.09
133626,0.22
133645,0.17
133655,0.13
133658,0.19
133659,0.09
133660,0.09
133664,0.08
133684,0.19
133685,0.13
133688,0.22
133706,0.06
133713,0.08
133723,0.04
133730,0.06
133733,0.17
133760,0.19
133762,0.21
133777,0.11
133793,0.17
133816,0.22
133818,0.19
133824,0.15
133841,0.27
133850,0.17
133877,0.16
133880,0.22
133887,0.04
133889,0.38
133896,0.16
133916,0.28
133920,0.08
133936,0.15
133939,0.07
133940,0.16
133942,0.16
133956,0.2
133957,0.15
133965,0.13
133972,0.24
133973,0.07
134008,0.17
134016,0.3
134039,0.09
134040,0.04
134045,0.16
134050,0.24
134056,0.25
134082,0.17
134085,0.17
134089,0.18
134102,0.12
134118,0.05
134131,0.03
134135,0.13
134137,0.14
134150,0.1
134159,0.11
134183,0.06
134186,0.1
134211,0.07
134216,0.06
134217,0.1
134218,0.09
134230,0.33
134233,0.19
134234,0.05
134236,0.15
134241,0.08
134242,0.16
134273,0.05
134277,0.07
134287,0.19
134293,0.14
134302,0.13
134306,0.28
134307,0.08
134325,0.13
134330,0.18
134334,0.16
134338,0.18
134339,0.05
134348,0.16
134355,0.12
134369,0.14
134387,0.08
134399,0.12
134400,0.17
134405,0.12
134407,0.04
134433,0.04
134448,0.04
134460,0.11
134463,0.16
134467,0.12
134485,0.06
134486,0.24
134490,0.34
134494,0.21
134501,0.2
134508,0.07
134512,0.15
134514,0.11
134519,0.08
134528,0.15
134536,0.06
134540,0.2
134546,0.14
134549,0.17
134558,0.28
134560,0.2
134588,0.22
134590,0.13
134591,0.11
134594,0.15
134622,0.01
134626,0.12
134639,0.08
134649,0.18
134654,0.2
134658,0.02
134683,0.1
134688,0.26
134689,0.29
134697,0.19
134698,0.26
134718,0.12
134742,0.06
134751,0.18
134760,0.06
134763,0.06
134764,0.14
134765,0.03
134773,0.1
134790,0.15
134794,0.22
134802,0.12
134805,0.08
134807,0.08
134812,0.13
134813,0.05
134823,0.06
134824,0.21
134838,0.21
134841,0.04
134857,0.11
134862,0.14
134865,0.09
134880,0.17
134883,0.18
134884,0.23
134916,0.05
134918,0.16
134919,0.2
134921,0.15
134928,0.29
134943,0.16
134950,0.11
134968,0.09
134971,0.28
134972,0.04
135011,0.14
135013,0.41
135016,0.1
135031,0.07
135036,0.04
135041,0.03
135052,0.08
135053,0.19
135054,0.19
135060,0.04
135072,0.15
135078,0.13
135079,0.12
135090,0.21
135113,0.04
135123,0.09
135128,0.12
135136,0.08
135152,0.13
135163,0.01
135166,0.08
135186,0.13
135188,0.07
135194,0.18
135214,0.1
135220,0.16
135235,0.14
135236,0.09
135241,0.15
135243,0.17
135253,0.07
135258,0.22
135264,0.16
135271,0.11
135274,0.09
135275,0.23
135288,0.11
135290,0.07
135299,0.08
135304,0.21
135309,0.1
135345,0.2
135359,0.14
135360,0.18
135361,0.01
135363,0.08
135365,0.09
135369,0.09
135380,0.17
135387,0.17
135389,0.19
135390,0.14
135393,0.03
135401,0.22
135409,0.2
135410,0.07
135412,0.07
135430,0.16
135434,0.11
135435,0.19
135445,0.31
135449,0.3
135460,0.18
135461,0.08
135491,0.07
135500,0.07
135504,0.18
135506,0.18
135521,0.23
135523,0.17
135527,0.12
135528,0.22
135530,0.23
135540,0.1
135541,0.41
135562,0.18
135578,0.07
135584,0.23
135589,0.16
135590,0.18
135591,0.18
135596,0.13
135607,0.05
135622,0.14
135626,0.2
135635,0.15
135636,0.23
135650,0.08
135656,0.15
135657,0.16
135672,0.22
135673,0.02
135678,0.24
135679,0.11
135684,0.17
135701,0.02
135704,0.14
135713,0.1
135716,0.06
135718,0.04
135723,0.1
135737,0.1
135738,0.02
135745,0.17
135746,0.17
135752,0.18
135755,0.18
135756,0.01
135765,0.08
135778,0.06
135779,0.1
135788,0.07
135803,0.1
135804,0.13
135809,0.04
135811,0.34
135812,0.16
135823,0.22
135834,0.06
135838,0.11
135843,0.13
135847,0.1
135857,0.38
135865,0.05
135872,0.16
135885,0.14
135888,0.11
135899,0.08
135910,0.09
135930,0.16
135941,0.33
135943,0.22
135949,0.27
135950,0.07
135951,0.15
135954,0.19
135966,0.31
135967,0.06
135971,0.11
135974,0.22
135975,0.17
135985,0.09
136004,0.07
136009,0.09
136033,0.27
136041,0.19
136051,0.12
136057,0.08
136070,0.2
136099,0.03
136103,0.08
136114,0.19
136116,0.19
136140,0.04
136160,0.12
136185,0.06
136201,0.08
136211,0.33
136213,0.15
136224,0.16
136234,0.15
136244,0.09
136255,0.2
136257,0.02
136260,0.03
136261,0.15
136263,0.2
136267,0.15
136277,0.12
136289,0.14
136293,0.14
136296,0.1
136302,0.15
136312,0.14
136317,0.19
136337,0.23
136355,0.02
136356,0.28
136383,0.02
136390,0.11
136406,0.05
136416,0.11
136417,0.11
136429,0.27
136440,0.13
136445,0.27
136449,0.05
136454,0.06
136457,0.04
136467,0.19
136474,0.2
136503,0.09
136505,0.21
136558,0.03
136578,0.21
136579,0.07
136582,0.16
136583,0.11
136588,0.11
136593,0.12
136605,0.25
136617,0.16
136620,0.09
136625,0.15
136640,0.15
136643,0.19
136653,0.26
136654,0.14
136660,0.11
136661,0.02
136663,0.2
136683,0.23
136711,0.1
136726,0.34
136730,0.19
136739,0.29
136740,0.16
136745,0.08
136751,0.19
136754,0.13
136758,0.25
136762,0.18
136763,0.21
136778,0.08
136782,0.17
136798,0.21
136808,0.35
136811,0.15
136829,0.12
136832,0.13
136838,0.1
136846,0.14
136848,0.05
136852,0.08
136854,0.07
136856,0.05
136862,0.36
136863,0.01
136885,0.22
136887,0.2
136902,0.24
136918,0.1
136922,0.08
136923,0.08
136929,0.22
136940,0.15
136967,0.19
136968,0.24
136972,0.13
136984,0.18
136993,0.2
136994,0.14
136995,0.04
136999,0.03
137013,0.1
137015,0.23
137023,0.16
137025,0.19
137032,0.06
137033,0.23
137045,0.04
137049,0.03
137051,0.22
137052,0.1
137101,0.19
137119,0.18
137142,0.22
137149,0.18
137166,0.11
137167,0.09
137192,0.08
137193,0.11
137194,0.15
137204,0.15
137214,0.04
137222,0.18
137223,0.12
137234,0.11
137254,0.1
137269,0.08
137284,0.14
137285,0.23
137286,0.35
137287,0.19
137300,0.23
137305,0.15
137313,0.12
137344,0.29
137346,0.21
137354,0.24
137356,0.23
137357,0.03
137364,0.16
137368,0.06
137380,0.18
137383,0.03
137395,0.19
137432,0.05
137433,0.17
137435,0.14
137444,0.02
137453,0.15
137454,0.11
137455,0.15
137456,0.12
137457,0.21
137465,0.09
137476,0.06
137515,0.14
137544,0.09
137549,0.1
137560,0.21
137577,0.32
137590,0.05
137591,0.15
137592,0.15
137595,0.16
137614,0.15
137624,0.14
137640,0.07
137651,0.21
137657,0.06
137658,0.23
137672,0.18
137673,0.13
137687,0.13
137688,0.11
137689,0.09
137700,0.41
137711,0.16
137715,0.14
137718,0.14
137721,0.14
137722,0.24
137726,0.2
137739,0.15
137741,0.14
137743,0.14
137747,0.15
137761,0.15
137796,0.02
137807,0.14
137809,0.16
137824,0.19
137827,0.11
137846,0.31
137862,0.04
137865,0.04
137868,0.12
137875,0.12
137878,0.1
137883,0.15
137888,0.16
137913,0.17
137915,0.08
137934,0.21
137936,0.27
137937,0.16
137942,0.08
137944,0.19
137947,0.01
137960,0.17
137977,0.18
138006,0.03
138007,0.09
138008,0.05
138019,0.24
138021,0.14
138022,0.11
138025,0.26
138044,0.19
138046,0.08
138050,0.19
138068,0.15
138084,0.12
138085,0.07
138086,0.07
138087,0.09
138089,0.17
138100,0.12
138105,0.03
138107,0.08
138127,0.07
138128,0.2
138129,0.13
138131,0.03
138132,0.11
138150,0.06
138156,0.11
138169,0.2
138174,0.09
138177,0.16
138187,0.21
138189,0.04
138193,0.1
138203,0.2
138209,0.16
138237,0.14
138243,0.19
138273,0.09
138274,0.21
138275,0.08
138277,0.12
138285,0.17
138289,0.16
138308,0.13
138313,0.1
138317,0.18
138326,0.11
138327,0.19
138338,0.08
138367,0.12
138377,0.19
138416,0.14
138417,0.04
138419,0.18
138425,0.13
138430,0.06
138454,0.14
138465,0.15
138470,0.08
138480,0.1
138481,0.37
138486,0.12
138492,0.13
138496,0.2
138519,0.22
138520,0.18
138522,0.23
138545,0.06
138556,0.24
138560,0.06
138564,0.1
138573,0.11
138581,0.27
138585,0.21
138591,0.07
138598,0.1
138600,0.19
138602,0.18
138613,0.3
138639,0.1
138651,0.01
138652,0.15
138661,0.15
138674,0.11
138678,0.39
138679,0.07
138686,0.03
138695,0.05
138711,0.06
138728,0.26
138731,0.03
138744,0.13
138752,0.25
138754,0.27
138756,0.25
138770,0.06
138771,0.24
138807,0.02
138818,0.11
138819,0.22
138820,0.04
138831,0.08
138843,0.18
138871,0.17
138873,0.07
138876,0.22
138880,0.16
138881,0.12
138882,0.13
138890,0.09
138892,0.14
138893,0.04
138917,0.17
138921,0.2
138922,0.31
138924,0.06
138926,0.08
138932,0.11
138946,0.15
138959,0.2
138961,0.1
138964,0.11
138968,0.13
138969,0.28
138980,0.19
138992,0.14
139002,0.24
139010,0.16
139011,0.11
139017,0.23
139030,0.1
139032,0.22
139034,0.24
139039,0.11
139049,0.16
139053,0.11
139058,0.22
139062,0.21
139067,0.31
139069,0.37
139070,0.37
139075,0.1
139082,0.22
139092,0.15
139098,0.17
139108,0.14
139127,0.23
139130,0.22
139145,0.05
139164,0.02
139174,0.16
139175,0.37
139178,0.05
139180,0.02
139181,0.2
139186,0.16
139189,0.11
139190,0.04
139191,0.1
139198,0.02
139201,0.1
139204,0.2
139208,0.13
139211,0.17
139215,0.08
139225,0.2
139226,0.03
139231,0.06
139246,0.27
139252,0.18
139256,0.02
139258,0.21
139268,0.14
139272,0.13
139283,0.19
139286,0.08
139289,0.15
139290,0.17
139291,0.01
139293,0.05
139303,0.09
139304,0.11
139307,0.25
139319,0.02
139321,0.06
139326,0.07
139327,0.09
139355,0.27
139363,0.01
139375,0.09
139397,0.18
139412,0.2
139413,0.01
139415,0.19
139416,0.1
139449,0.19
139461,0.26
139462,0.19
139463,0.23
139486,0.06
139493,0.19
139515,0.16
139516,0.19
139522,0.2
139532,0.05
139542,0.17
139545,0.15
139552,0.32
139553,0.18
139555,0.18
139559,0.18
139560,0.16
139564,0.07
139565,0.15
139567,0.24
139568,0.11
139572,0.09
139573,0.12
139592,0.12
139595,0.37
139597,0.23
139598,0.09
139607,0.17
139609,0.21
139628,0.11
139653,0.2
139656,0.39
139661,0.1
139673,0.09
139674,0.07
139683,0.03
139714,0.16
139724,0.13
139737,0.28
139749,0.18
139755,0.05
139756,0.12
139757,0.17
139763,0.21
139769,0.18
139774,0.24
139775,0.06
139777,0.02
139780,0.14
139788,0.28
139794,0.13
139831,0.34
139832,0.08
139834,0.07
139839,0.11
139843,0.17
139844,0.11
139858,0.28
139861,0.2
139864,0.26
139865,0.29
139874,0.18
139876,0.06
139895,0.13
139903,0.25
139917,0.09
139930,0.02
139934,0.17
139935,0.02
139946,0.18
139958,0.11
139977,0.09
139981,0.08
139989,0.02
139992,0.23
139995,0.07
139996,0.15
139997,0.03
140005,0.14
140010,0.17
140018,0.08
140026,0.1
140027,0.13
140031,0.16
140037,0.05
140039,0.06
140040,0.08
140042,0.03
140049,0.26
140084,0.23
140087,0.29
140096,0.07
140101,0.23
140114,0.11
140117,0.14
140129,0.3
140131,0.32
140132,0.05
140136,0.22
140144,0.11
140151,0.13
140172,0.06
140174,0.15
140190,0.11
140196,0.09
140200,0.05
140204,0.25
140223,0.16
140232,0.11
140234,0.13
140237,0.12
140245,0.23
140247,0.08
140248,0.09
140298,0.07
140305,0.27
140311,0.06
140312,0.36
140318,0.28
140325,0.15
140327,0.44
140334,0.15
140337,0.05
140338,0.07
140343,0.17
140376,0.1
140378,0.22
140381,0.13
140382,0.17
140384,0.1
140386,0.03
140390,0.09
140402,0.0
140406,0.05
140425,0.1
140426,0.12
140434,0.02
140435,0.15
140436,0.28
140451,0.18
140452,0.03
140454,0.11
140455,0.26
140483,0.14
140504,0.11
140512,0.22
140518,0.09
140534,0.06
140545,0.11
140546,0.21
140560,0.07
140563,0.04
140564,0.16
140569,0.1
140577,0.22
140638,0.08
140655,0.15
140664,0.1
140669,0.15
140672,0.27
140682,0.05
140693,0.11
140700,0.1
140701,0.15
140704,0.16
140705,0.09
140719,0.08
140749,0.37
140750,0.05
140751,0.15
140752,0.17
140762,0.13
140772,0.14
140778,0.19
140779,0.17
140780,0.08
140802,0.06
140804,0.27
140807,0.23
140813,0.08
140827,0.11
140840,0.12
140845,0.11
140847,0.2
140861,0.06
140862,0.18
140872,0.11
140879,0.08
140880,0.19
140886,0.13
140924,0.13
140938,0.04
140944,0.13
140945,0.35
140961,0.16
140963,0.08
140967,0.13
140982,0.15
140990,0.02
140993,0.06
140996,0.29
141004,0.11
141025,0.34
141030,0.13
141031,0.16
141032,0.13
141067,0.18
141072,0.15
141081,0.27
141084,0.17
141085,0.19
141089,0.22
141090,0.13
141093,0.07
141095,0.18
141110,0.05
141114,0.19
141119,0.35
141147,0.17
141150,0.29
141159,0.14
141160,0.17
141167,0.01
141206,0.19
141213,0.13
141215,0.43
141222,0.17
141255,0.07
141283,0.12
141298,0.19
141306,0.09
141310,0.21
141320,0.07
141323,0.14
141329,0.16
141333,0.04
141339,0.05
141340,0.1
141344,0.14
141345,0.03
141347,0.19
141350,0.03
141356,0.05
141358,0.12
141365,0.06
141368,0.06
141369,0.07
141376,0.23
141377,0.15
141385,0.09
141387,0.07
141388,0.24
141389,0.11
141390,0.16
141409,0.16
141410,0.09
141411,0.15
141414,0.17
141422,0.11
141426,0.24
141457,0.12
141470,0.14
141480,0.13
141481,0.01
141492,0.04
141493,0.04
141496,0.18
141497,0.06
141502,0.02
141503,0.18
141504,0.31
141507,0.15
141515,0.03
141524,0.35
141528,0.03
141540,0.05
141542,0.12
141551,0.22
141573,0.21
141580,0.05
141588,0.11
141596,0.12
141597,0.15
141602,0.25
141608,0.22
141611,0.03
141612,0.21
141618,0.09
141628,0.14
141632,0.19
141634,0.13
141637,0.16
141638,0.15
141639,0.13
141640,0.24
141644,0.23
141654,0.25
141656,0.07
141668,0.02
141717,0.2
141718,0.05
141723,0.33
141743,0.09
141744,0.05
141750,0.13
141753,0.01
141762,0.28
141809,0.13
141815,0.02
141826,0.01
141832,0.1
141840,0.12
141869,0.09
141870,0.22
141887,0.2
141915,0.06
141925,0.13
141945,0.46
141949,0.04
141958,0.15
141959,0.06
141963,0.08
141989,0.04
141995,0.14
141997,0.18
142005,0.12
142008,0.21
142012,0.06
142014,0.07
142025,0.13
142036,0.09
142037,0.07
142038,0.05
142039,0.06
142064,0.14
142065,0.22
142070,0.05
142074,0.2
142079,0.17
142084,0.28
142087,0.02
142102,0.07
142106,0.15
142115,0.02
142120,0.12
142132,0.05
142139,0.12
142142,0.07
142153,0.24
142160,0.19
142162,0.08
142163,0.13
142167,0.02
142168,0.08
142177,0.17
142180,0.23
142183,0.1
142186,0.13
142189,0.12
142195,0.07
142198,0.12
142210,0.11
142215,0.13
142222,0.02
142223,0.16
142224,0.12
142236,0.09
142237,0.1
142239,0.08
142242,0.08
142243,0.18
142244,0.1
142255,0.09
142273,0.13
142289,0.2
142294,0.16
142303,0.19
142305,0.12
142339,0.15
142359,0.28
142361,0.01
142364,0.09
142378,0.25
142380,0.13
142383,0.14
142387,0.17
142393,0.2
142396,0.31
142407,0.36
142409,0.21
142427,0.05
142429,0.48
142430,0.21
142431,0.07
142433,0.13
142439,0.19
142440,0.03
142446,0.12
142459,0.23
142478,0.03
142481,0.07
142491,0.08
142495,0.01
142497,0.14
142510,0.07
142513,0.13
142521,0.11
142529,0.15
142537,0.06
142542,0.36
142558,0.07
142574,0.04
142575,0.06
142579,0.13
142587,0.12
142590,0.28
142610,0.04
142614,0.23
142621,0.17
142641,0.03
142650,0.1
142653,0.13
142667,0.21
142671,0.27
142676,0.15
142680,0.15
142684,0.14
142685,0.11
142686,0.04
142689,0.09
142691,0.23
142704,0.13
142707,0.18
142724,0.09
142727,0.08
142728,0.01
142741,0.03
142747,0.21
142748,0.15
142752,0.1
142755,0.14
142756,0.16
142759,0.03
142762,0.08
142771,0.12
142778,0.15
142783,0.19
142789,0.21
142790,0.12
142791,0.24
142793,0.3
142795,0.15
142803,0.12
142819,0.11
142822,0.08
142825,0.09
142833,0.08
142871,0.03
142872,0.09
142883,0.11
142905,0.05
142906,0.09
142917,0.18
142921,0.2
142927,0.2
142932,0.09
142940,0.16
142962,0.13
142969,0.13
142976,0.01
142977,0.14
142982,0.2
142988,0.09
142990,0.16
142992,0.08
143012,0.07
143013,0.19
143016,0.17
143017,0.15
143033,0.14
143058,0.08
143059,0.12
143060,0.12
143065,0.05
143076,0.08
143081,0.16
143088,0.08
143089,0.15
143090,0.04
143094,0.07
143100,0.1
143115,0.11
143132,0.1
143135,0.05
143136,0.27
143149,0.24
143151,0.15
143152,0.11
143153,0.17
143162,0.14
143166,0.1
143167,0.13
143187,0.13
143188,0.05
143190,0.14
143191,0.15
143195,0.29
143207,0.18
143209,0.26
143227,0.18
143231,0.05
143232,0.11
143244,0.08
143263,0.12
143268,0.29
143275,0.14
143278,0.18
143302,0.14
143320,0.01
143328,0.26
143336,0.11
143339,0.07
143340,0.18
143353,0.05
143360,0.11
143361,0.23
143385,0.3
143388,0.1
143389,0.09
143390,0.08
143393,0.32
143396,0.17
143419,0.14
143421,0.1
143422,0.17
143431,0.06
143433,0.12
143440,0.17
143442,0.06
143463,0.07
143466,0.1
143475,0.17
143500,0.2
143510,0.08
143528,0.13
143532,0.11
143535,0.22
143538,0.09
143548,0.11
143550,0.2
143555,0.06
143576,0.35
143593,0.14
143595,0.2
143596,0.02
143597,0.09
143599,0.07
143601,0.14
143602,0.07
143605,0.1
143609,0.16
143611,0.17
143613,0.13
143618,0.08
143652,0.06
143667,0.11
143679,0.16
143680,0.17
143692,0.2
143703,0.1
143712,0.17
143714,0.16
143715,0.1
143729,0.25
143732,0.07
143738,0.12
143740,0.17
143743,0.19
143772,0.08
143773,0.16
143792,0.02
143802,0.12
143808,0.05
143819,0.03
143820,0.19
143825,0.11
143828,0.03
143831,0.18
143834,0.08
143835,0.12
143843,0.01
143860,0.06
143874,0.08
143889,0.22
143903,0.22
143921,0.13
143936,0.12
143944,0.09
143947,0.15
143948,0.03
143957,0.35
143964,0.23
143965,0.04
143971,0.15
143976,0.23
143977,0.26
143983,0.16
143991,0.18
144015,0.1
144032,0.13
144057,0.11
144065,0.07
144087,0.09
144090,0.13
144091,0.24
144092,0.14
144139,0.01
144150,0.1
144151,0.1
144153,0.16
144154,0.42
144159,0.31
144168,0.23
144169,0.09
144178,0.23
144179,0.04
144183,0.11
144186,0.13
144190,0.25
144191,0.18
144199,0.17
144226,0.12
144227,0.03
144229,0.06
144237,0.14
144247,0.03
144249,0.09
144259,0.17
144260,0.02
144282,0.21
144295,0.17
144304,0.11
144314,0.11
144318,0.16
144324,0.23
144325,0.11
144333,0.18
144334,0.07
144336,0.04
144350,0.03
144354,0.16
144357,0.18
144359,0.1
144365,0.1
144385,0.1
144386,0.08
144387,0.26
144390,0.14
144393,0.11
144398,0.09
144402,0.06
144416,0.1
144422,0.14
144446,0.18
144451,0.03
144461,0.14
144464,0.2
144483,0.1
144498,0.29
144499,0.09
144534,0.04
144549,0.16
144563,0.05
144570,0.35
144579,0.09
144580,0.07
144581,0.08
144582,0.13
144587,0.08
144588,0.18
144589,0.03
144590,0.12
144598,0.15
144601,0.2
144610,0.03
144611,0.15
144612,0.14
144613,0.04
144617,0.17
144635,0.3
144640,0.17
144644,0.04
144645,0.04
144654,0.08
144656,0.12
144657,0.28
144658,0.23
144659,0.09
144665,0.08
144667,0.05
144675,0.11
144677,0.2
144678,0.08
144690,0.15
144701,0.19
144702,0.24
144716,0.1
144721,0.13
144722,0.22
144729,0.05
144744,0.08
144753,0.08
144761,0.03
144764,0.3
144767,0.12
144780,0.15
144781,0.14
144784,0.15
144806,0.11
144810,0.21
144811,0.15
144824,0.11
144828,0.14
144829,0.1
144835,0.18
144849,0.09
144850,0.12
144870,0.08
144881,0.1
144891,0.02
144898,0.21
144904,0.08
144906,0.05
144909,0.16
144910,0.18
144912,0.18
144963,0.13
144965,0.1
144966,0.11
144979,0.05
144990,0.16
144991,0.09
144992,0.23
144999,0.19
145006,0.03
145007,0.11
145008,0.13
145009,0.05
145011,0.06
145014,0.21
145025,0.13
145036,0.04
145041,0.09
145058,0.16
145071,0.13
145106,0.06
145110,0.15
145142,0.13
145146,0.27
145147,0.06
145148,0.21
145149,0.01
145154,0.1
145157,0.18
145158,0.02
145167,0.06
145172,0.13
145174,0.16
145192,0.15
145195,0.16
145196,0.21
145199,0.08
145209,0.26
145242,0.07
145248,0.1
145249,0.09
145250,0.08
145281,0.08
145287,0.06
145288,0.12
145298,0.12
145303,0.11
145309,0.09
145333,0.11
145336,0.06
145339,0.04
145350,0.09
145353,0.06
145354,0.17
145358,0.11
145382,0.19
145383,0.19
145389,0.14
145390,0.17
145391,0.12
145392,0.14
145407,0.15
145410,0.12
145412,0.09
145415,0.14
145418,0.06
145419,0.18
145440,0.05
145451,0.13
145476,0.18
145481,0.16
145482,0.05
145484,0.03
145502,0.1
145512,0.09
145515,0.06
145521,0.01
145523,0.19
145554,0.15
145557,0.06
145560,0.11
145563,0.2
145569,0.19
145586,0.26
145601,0.11
145602,0.07
145615,0.13
145623,0.14
145638,0.03
145640,0.14
145645,0.09
145654,0.1
145664,0.12
145677,0.1
145679,0.12
145681,0.13
145698,0.09
145709,0.08
145713,0.01
145720,0.17
145780,0.14
145781,0.11
145798,0.16
145811,0.21
145819,0.03
145833,0.2
145834,0.18
145835,0.11
145844,0.0
145862,0.17
145869,0.23
145871,0.03
145872,0.02
145874,0.31
145888,0.1
145891,0.15
145907,0.05
145908,0.28
145919,0.22
145925,0.06
145940,0.16
145941,0.09
145943,0.07
145951,0.14
145954,0.15
145957,0.23
145962,0.26
145974,0.09
145976,0.21
145987,0.15
145988,0.28
145989,0.08
145990,0.11
145991,0.22
145993,0.13
146000,0.28
146001,0.1
146006,0.08
146011,0.05
146014,0.11
146020,0.11
146021,0.05
146022,0.14
146026,0.18
146028,0.18
146032,0.08
146033,0.22
146037,0.2
146059,0.08
146060,0.28
146063,0.22
146069,0.14
146086,0.03
146090,0.33
146092,0.03
146094,0.2
146097,0.14
146098,0.19
146106,0.15
146115,0.17
146121,0.16
146122,0.25
146140,0.19
146142,0.07
146146,0.2
146149,0.07
146153,0.1
146155,0.11
146156,0.03
146159,0.07
146172,0.21
146176,0.13
146184,0.08
146186,0.18
146191,0.14
146198,0.07
146199,0.15
146202,0.19
146206,0.16
146214,0.1
146221,0.09
146232,0.05
146239,0.22
146246,0.17
146247,0.09
146252,0.19
146255,0.04
146256,0.03
146262,0.14
146277,0.11
146292,0.03
146303,0.05
146305,0.12
146313,0.13
146317,0.2
146330,0.12
146344,0.22
146345,0.05
146347,0.24
146356,0.07
146369,0.16
146384,0.17
146385,0.03
146386,0.08
146388,0.11
146404,0.14
146409,0.21
146413,0.08
146421,0.18
146428,0.15
146451,0.28
146458,0.03
146466,0.09
146476,0.02
146485,0.08
146486,0.19
146487,0.09
146500,0.02
146502,0.08
146512,0.28
146514,0.13
146515,0.23
146516,0.09
146533,0.12
146535,0.15
146541,0.15
146557,0.09
146562,0.19
146565,0.13
146570,0.07
146571,0.1
146574,0.17
146587,0.18
146591,0.06
146597,0.1
146600,0.08
146614,0.32
146621,0.14
146623,0.18
146631,0.16
146644,0.14
146649,0.13
146651,0.06
146652,0.11
146663,0.07
146680,0.04
146683,0.2
146714,0.2
146724,0.08
146730,0.11
146732,0.15
146738,0.18
146752,0.15
146755,0.07
146756,0.12
146759,0.14
146760,0.19
146761,0.14
146765,0.16
146806,0.14
146809,0.19
146810,0.07
146811,0.14
146815,0.08
146820,0.3
146821,0.07
146824,0.19
146829,0.17
146842,0.18
146864,0.15
146891,0.23
146918,0.17
146955,0.09
146957,0.21
146972,0.14
146973,0.19
146979,0.23
146982,0.18
146984,0.1
146997,0.13
147001,0.12
147008,0.2
147014,0.05
147022,0.1
147038,0.06
147048,0.12
147060,0.14
147061,0.05
147077,0.12
147082,0.12
147083,0.12
147085,0.2
147086,0.1
147099,0.2
147127,0.07
147128,0.02
147133,0.09
147138,0.14
147139,0.09
147150,0.12
147155,0.16
147171,0.13
147172,0.04
147182,0.08
147195,0.11
147199,0.02
147216,0.13
147224,0.07
147225,0.23
147230,0.08
147240,0.09
147250,0.1
147253,0.04
147254,0.29
147264,0.06
147294,0.18
147308,0.07
147309,0.09
147315,0.12
147319,0.1
147329,0.07
147340,0.1
147345,0.27
147353,0.06
147354,0.26
147364,0.26
147366,0.09
147373,0.15
147382,0.13
147383,0.22
147390,0.02
147408,0.2
147411,0.12
147415,0.15
147416,0.17
147425,0.15
147427,0.07
147438,0.21
147439,0.08
147457,0.14
147459,0.1
147463,0.07
147469,0.24
147476,0.14
147483,0.11
147497,0.09
147502,0.29
147515,0.27
147523,0.08
147527,0.1
147541,0.14
147551,0.05
147552,0.03
147561,0.03
147571,0.14
147587,0.07
147657,0.15
147659,0.09
147670,0.02
147695,0.17
147696,0.19
147702,0.22
147710,0.4
147711,0.02
147712,0.07
147713,0.17
147720,0.18
147722,0.22
147742,0.11
147750,0.06
147761,0.18
147764,0.14
147770,0.16
147771,0.27
147774,0.3
147786,0.13
147787,0.07
147791,0.13
147792,0.24
147793,0.23
147794,0.11
147801,0.15
147824,0.06
147826,0.14
147840,0.16
147847,0.15
147862,0.18
147865,0.15
147882,0.2
147893,0.1
147925,0.1
147932,0.29
147942,0.14
147953,0.08
147955,0.29
147964,0.18
147966,0.25
147981,0.07
147982,0.21
147990,0.12
147998,0.19
148002,0.26
148013,0.19
148025,0.19
148026,0.18
148031,0.16
148035,0.14
148042,0.17
148047,0.07
148050,0.07
148063,0.15
148065,0.17
148069,0.14
148070,0.07
148075,0.22
148076,0.1
148087,0.12
148091,0.12
148102,0.13
148107,0.13
148108,0.14
148113,0.08
148131,0.18
148141,0.13
148149,0.17
148150,0.28
148163,0.14
148175,0.06
148185,0.21
148187,0.19
148198,0.21
148204,0.25
148205,0.09
148212,0.19
148216,0.31
148217,0.1
148223,0.05
148224,0.16
148235,0.14
148255,0.25
148276,0.11
148285,0.07
148289,0.09
148292,0.09
148294,0.13
148314,0.06
148319,0.18
148320,0.11
148322,0.1
148323,0.19
148325,0.26
148333,0.11
148339,0.08
148359,0.1
148361,0.07
148364,0.15
148380,0.03
148382,0.06
148386,0.31
148393,0.25
148394,0.07
148404,0.14
148419,0.17
148423,0.14
148437,0.27
148440,0.17
148448,0.11
148449,0.13
148450,0.07
148451,0.17
148458,0.22
148471,0.13
148475,0.08
148476,0.22
148497,0.15
148511,0.15
148512,0.16
148534,0.12
148545,0.18
148557,0.13
148564,0.03
148570,0.16
148586,0.07
148596,0.21
148600,0.13
148607,0.22
148609,0.13
148622,0.02
148623,0.04
148625,0.21
148626,0.1
148628,0.05
148632,0.16
148639,0.13
148643,0.13
148644,0.18
148680,0.02
148702,0.22
148716,0.09
148717,0.12
148726,0.26
148738,0.18
148746,0.11
148749,0.15
148750,0.07
148769,0.08
148791,0.16
148803,0.12
148804,0.06
148823,0.06
148831,0.08
148849,0.11
148850,0.04
148855,0.13
148893,0.12
148896,0.04
148899,0.12
148903,0.14
148910,0.08
148911,0.12
148912,0.33
148913,0.17
148933,0.05
148935,0.07
148937,0.18
148946,0.29
148955,0.13
148980,0.1
148996,0.19
149015,0.22
149025,0.1
149028,0.15
149029,0.1
149035,0.06
149050,0.14
149051,0.09
149052,0.14
149056,0.17
149062,0.13
149067,0.17
149076,0.28
149090,0.3
149106,0.19
149107,0.03
149118,0.17
149119,0.14
149130,0.19
149154,0.07
149157,0.13
149158,0.06
149160,0.03
149163,0.1
149164,0.12
149165,0.21
149166,0.1
149214,0.18
149231,0.12
149236,0.05
149237,0.18
149246,0.1
149247,0.08
149253,0.11
149254,0.03
149265,0.15
149266,0.02
149277,0.17
149283,0.13
149289,0.13
149310,0.2
149314,0.05
149318,0.19
149319,0.04
149320,0.15
149321,0.23
149333,0.12
149337,0.26
149338,0.03
149341,0.13
149342,0.11
149349,0.05
149351,0.16
149354,0.12
149360,0.13
149362,0.14
149366,0.02
149372,0.26
149376,0.18
149388,0.09
149393,0.04
149401,0.1
149405,0.31
149412,0.2
149415,0.02
149416,0.01
149430,0.09
149435,0.12
149436,0.24
149444,0.25
149456,0.17
149471,0.07
149480,0.04
149481,0.11
149490,0.16
149491,0.16
149503,0.15
149512,0.13
149524,0.03
149525,0.25
149532,0.19
149533,0.24
149536,0.46
149540,0.25
149548,0.1
149563,0.13
149568,0.09
149569,0.17
149570,0.24
149582,0.13
149584,0.07
149587,0.15
149592,0.14
149596,0.25
149599,0.19
149612,0.2
149643,0.08
149648,0.28
149665,0.1
149666,0.24
149671,0.05
149675,0.13
149676,0.18
149677,0.12
149680,0.28
149711,0.21
149723,0.03
149726,0.21
149727,0.14
149730,0.05
149733,0.19
149734,0.24
149736,0.21
149750,0.13
149752,0.27
149767,0.16
149791,0.12
149793,0.03
149810,0.07
149850,0.1
149857,0.16
149858,0.07
149860,0.29
149882,0.09
149889,0.12
149890,0.1
149918,0.04
149919,0.17
149927,0.02
149928,0.13
149940,0.3
149944,0.05
149947,0.13
149951,0.25
149956,0.05
149958,0.19
149969,0.03
149988,0.13
149996,0.05
150007,0.0
150018,0.02
150025,0.1
150054,0.07
150064,0.09
150070,0.11
150074,0.13
150078,0.03
150084,0.07
150106,0.15
150111,0.42
150115,0.13
150117,0.27
150120,0.07
150127,0.21
150128,0.21
150130,0.13
150132,0.16
150135,0.05
150145,0.15
150148,0.21
150153,0.24
150154,0.1
150173,0.11
150174,0.26
150176,0.27
150177,0.17
150178,0.26
150179,0.3
150187,0.03
150207,0.17
150223,0.16
150224,0.06
150229,0.01
150233,0.09
150245,0.04
150252,0.15
150257,0.24
150258,0.17
150267,0.12
150268,0.14
150272,0.33
150282,0.22
150289,0.23
150299,0.08
150307,0.07
150310,0.14
150311,0.22
150312,0.17
150313,0.14
150324,0.21
150335,0.07
150343,0.13
150354,0.13
150363,0.15
150365,0.05
150377,0.1
150381,0.13
150382,0.06
150414,0.09
150418,0.15
150431,0.18
150449,0.08
150450,0.28
150473,0.2
150475,0.09
150476,0.25
150478,0.08
150488,0.21
150499,0.21
150501,0.03
150503,0.09
150518,0.08
150529,0.1
150531,0.1
150532,0.21
150535,0.23
150543,0.27
150545,0.23
150548,0.14
150552,0.22
150558,0.18
150574,0.13
150576,0.26
150577,0.12
150594,0.17
150601,0.18
150604,0.17
150618,0.16
150626,0.2
150627,0.15
150635,0.27
150648,0.12
150649,0.17
150650,0.22
150651,0.13
150652,0.15
150657,0.17
150659,0.06
150666,0.18
150667,0.12
150680,0.09
150698,0.28
150700,0.23
150713,0.09
150715,0.14
150718,0.08
150724,0.19
150731,0.13
150734,0.07
150738,0.13
150744,0.1
150745,0.25
150746,0.21
150749,0.09
150750,0.22
150753,0.08
150759,0.14
150762,0.04
150764,0.04
150782,0.12
150784,0.26
150785,0.08
150786,0.15
150789,0.16
150802,0.1
150809,0.1
150810,0.11
150817,0.12
150820,0.1
150822,0.1
150845,0.02
150846,0.16
150854,0.08
150858,0.27
150866,0.11
150869,0.02
150874,0.21
150887,0.03
150889,0.08
150892,0.11
150896,0.15
150901,0.32
150914,0.23
150918,0.12
150919,0.06
150929,0.14
150935,0.14
150941,0.12
150949,0.09
150950,0.28
150951,0.19
150952,0.11
150980,0.28
150981,0.09
150986,0.35
150987,0.16
151004,0.13
151005,0.14
151010,0.1
151012,0.13
151016,0.15
151021,0.07
151022,0.03
151023,0.4
151024,0.14
151035,0.24
151036,0.09
151039,0.07
151041,0.16
151043,0.11
151052,0.24
151058,0.21
151065,0.14
151066,0.08
151067,0.27
151069,0.14
151070,0.05
151080,0.18
151090,0.11
151092,0.35
151100,0.08
151108,0.06
151113,0.17
151119,0.03
151131,0.03
151145,0.15
151147,0.17
151148,0.05
151149,0.22
151153,0.21
151158,0.13
151167,0.09
151169,0.23
151185,0.1
151186,0.12
151187,0.04
151203,0.11
151206,0.08
151213,0.13
151237,0.18
151254,0.1
151255,0.18
151264,0.21
151266,0.03
151267,0.12
151270,0.21
151286,0.2
151288,0.12
151289,0.24
151290,0.24
151303,0.14
151304,0.13
151308,0.09
151315,0.08
151324,0.08
151329,0.15
151335,0.06
151343,0.1
151347,0.2
151348,0.15
151357,0.1
151366,0.17
151372,0.08
151374,0.1
151394,0.05
151395,0.24
151403,0.14
151410,0.15
151412,0.02
151419,0.15
151443,0.02
151464,0.06
151466,0.25
151467,0.07
151476,0.21
151480,0.15
151481,0.24
151486,0.2
151487,0.12
151490,0.14
151498,0.02
151500,0.14
151504,0.11
151516,0.06
151519,0.17
151528,0.2
151529,0.07
151539,0.24
151540,0.1
151556,0.29
151558,0.07
151559,0.06
151581,0.08
151586,0.26
151589,0.27
151603,0.14
151604,0.09
151610,0.1
151637,0.29
151652,0.11
151654,0.13
151667,0.13
151668,0.38
151669,0.06
151678,0.05
151697,0.11
151706,0.04
151729,0.08
151730,0.29
151737,0.09
151744,0.18
151756,0.27
151785,0.17
151800,0.06
151801,0.11
151821,0.16
151822,0.19
151834,0.19
151845,0.01
151846,0.11
151847,0.12
151848,0.14
151859,0.12
151872,0.19
151875,0.03
151883,0.09
151888,0.06
151895,0.04
151896,0.01
151900,0.17
151913,0.13
151920,0.18
151928,0.03
151933,0.04
151934,0.11
151948,0.11
151951,0.13
151963,0.05
151964,0.06
151965,0.12
151966,0.08
151974,0.1
151975,0.42
151978,0.08
151982,0.15
151993,0.28
152002,0.15
152005,0.11
152017,0.22
152020,0.19
152039,0.11
152047,0.13
152064,0.14
152071,0.15
152076,0.13
152088,0.04
152091,0.11
152093,0.14
152100,0.18
152107,0.13
152115,0.15
152119,0.05
152123,0.13
152129,0.14
152140,0.35
152141,0.13
152142,0.11
152148,0.04
152170,0.04
152171,0.21
152176,0.07
152186,0.11
152192,0.17
152204,0.12
152215,0.15
152220,0.13
152230,0.1
152256,0.13
152265,0.12
152266,0.17
152268,0.1
152272,0.16
152286,0.07
152299,0.2
152305,0.14
152324,0.07
152329,0.13
152355,0.17
152356,0.07
152365,0.23
152369,0.13
152373,0.09
152374,0.13
152383,0.19
152395,0.22
152403,0.23
152404,0.11
152406,0.06
152425,0.31
152437,0.08
152438,0.17
152442,0.21
152460,0.17
152461,0.16
152462,0.07
152472,0.11
152473,0.09
152477,0.08
152506,0.17
152522,0.11
152530,0.18
152535,0.21
152543,0.05
152548,0.06
152556,0.09
152562,0.19
152563,0.19
152565,0.03
152591,0.14
152593,0.09
152612,0.19
152619,0.16
152627,0.05
152628,0.08
152632,0.22
152638,0.14
152646,0.2
152662,0.24
152679,0.15
152680,0.07
152699,0.09
152703,0.06
152717,0.33
152720,0.14
152721,0.13
152735,0.09
152736,0.13
152739,0.26
152755,0.09
152769,0.08
152785,0.15
152788,0.12
152791,0.15
152808,0.06
152815,0.09
152816,0.18
152817,0.09
152818,0.19
152819,0.17
152820,0.07
152823,0.1
152831,0.13
152832,0.17
152833,0.11
152835,0.1
152838,0.02
152846,0.12
152862,0.22
152864,0.2
152865,0.11
152871,0.03
152874,0.16
152875,0.07
152876,0.21
152877,0.32
152881,0.18
152892,0.06
152908,0.34
152909,0.02
152915,0.07
152916,0.33
152923,0.19
152932,0.01
152934,0.16
152936,0.19
152948,0.32
152951,0.18
152956,0.14
152963,0.12
152964,0.47
152978,0.12
152980,0.23
152986,0.21
153001,0.18
153002,0.18
153007,0.13
153009,0.01
153017,0.07
153018,0.24
153022,0.18
153027,0.27
153032,0.05
153033,0.12
153034,0.1
153037,0.18
153051,0.37
153052,0.22
153057,0.04
153067,0.19
153084,0.09
153088,0.15
153089,0.02
153093,0.1
153094,0.18
153095,0.12
153105,0.2
153108,0.13
153110,0.09
153119,0.16
153135,0.13
153139,0.16
153146,0.15
153154,0.19
153185,0.08
153195,0.26
153196,0.07
153198,0.12
153202,0.04
153203,0.04
153209,0.08
153223,0.22
153224,0.09
153227,0.02
153230,0.1
153233,0.2
153234,0.1
153235,0.13
153243,0.18
153263,0.08
153269,0.13
153272,0.14
153276,0.16
153279,0.09
153291,0.15
153311,0.17
153328,0.22
153330,0.32
153341,0.09
153345,0.07
153393,0.09
153394,0.18
153395,0.12
153420,0.22
153428,0.29
153432,0.13
153449,0.12
153458,0.3
153459,0.19
153472,0.04
153475,0.03
153479,0.19
153480,0.05
153490,0.15
153491,0.1
153501,0.02
153502,0.02
153507,0.13
153513,0.14
153514,0.1
153519,0.23
153520,0.08
153556,0.12
153577,0.2
153582,0.26
153594,0.18
153595,0.15
153598,0.15
153601,0.07
153625,0.14
153641,0.01
153654,0.04
153676,0.07
153681,0.08
153704,0.28
153706,0.1
153710,0.21
153720,0.22
153734,0.23
153738,0.15
153743,0.18
153748,0.12
153756,0.22
153757,0.11
153759,0.15
153764,0.19
153782,0.14
153796,0.16
153802,0.24
153809,0.21
153810,0.13
153817,0.34
153821,0.13
153823,0.09
153830,0.06
153834,0.11
153839,0.07
153842,0.16
153847,0.24
153855,0.07
153873,0.12
153875,0.1
153882,0.1
153884,0.12
153885,0.27
153886,0.21
153890,0.19
153892,0.01
153897,0.16
153898,0.02
153901,0.2
153924,0.27
153928,0.12
153929,0.19
153949,0.1
153979,0.18
153980,0.09
153981,0.19
154010,0.34
154015,0.19
154039,0.3
154043,0.15
154044,0.08
154046,0.03
154047,0.11
154058,0.12
154060,0.08
154065,0.25
154083,0.12
154100,0.06
154108,0.21
154120,0.22
154121,0.13
154122,0.14
154128,0.19
154137,0.1
154143,0.13
154151,0.15
154158,0.05
154176,0.11
154184,0.15
154191,0.17
154215,0.15
154216,0.11
154220,0.1
154222,0.21
154227,0.12
154241,0.04
154243,0.09
154244,0.23
154254,0.19
154264,0.12
154265,0.17
154268,0.19
154269,0.0
154299,0.09
154307,0.13
154315,0.28
154325,0.16
154327,0.24
154332,0.25
154346,0.05
154347,0.06
154353,0.22
154369,0.14
154376,0.06
154377,0.21
154379,0.13
154389,0.07
154402,0.17
154403,0.11
154416,0.1
154428,0.05
154430,0.23
154442,0.22
154447,0.13
154468,0.02
154470,0.08
154473,0.14
154480,0.09
154486,0.16
154500,0.11
154507,0.11
154529,0.06
154549,0.13
154557,0.06
154571,0.25
154578,0.09
154580,0.08
154591,0.15
154611,0.24
154623,0.03
154650,0.17
154655,0.3
154659,0.15
154680,0.22
154681,0.0
154690,0.17
154711,0.11
154712,0.16
154722,0.16
154731,0.06
154747,0.32
154749,0.09
154750,0.12
154760,0.17
154763,0.16
154786,0.19
154788,0.16
154792,0.19
154807,0.16
154812,0.1
154818,0.18
154819,0.15
154824,0.11
154839,0.17
154840,0.01
154843,0.05
154847,0.08
154849,0.24
154850,0.04
154851,0.17
154853,0.08
154858,0.11
154868,0.41
154871,0.1
154877,0.01
154916,0.05
154920,0.03
154922,0.22
154924,0.03
154933,0.14
154942,0.11
154955,0.15
154957,0.21
154966,0.04
154971,0.14
154972,0.1
154973,0.05
154974,0.09
154979,0.03
154982,0.11
154990,0.15
154991,0.18
154994,0.19
154995,0.07
155009,0.12
155014,0.07
155017,0.09
155018,0.07
155019,0.07
155020,0.1
155027,0.12
155034,0.14
155047,0.04
155049,0.23
155052,0.04
155053,0.05
155059,0.18
155060,0.19
155069,0.15
155077,0.3
155078,0.07
155086,0.09
155088,0.08
155094,0.17
155099,0.1
155100,0.09
155116,0.09
155117,0.12
155119,0.08
155120,0.21
155133,0.08
155135,0.26
155141,0.31
155144,0.14
155145,0.08
155174,0.14
155194,0.21
155196,0.02
155204,0.22
155232,0.2
155240,0.21
155246,0.15
155254,0.04
155267,0.18
155273,0.12
155274,0.13
155283,0.12
155296,0.29
155312,0.02
155318,0.07
155322,0.14
155323,0.08
155329,0.16
155342,0.05
155346,0.23
155366,0.23
155369,0.2
155372,0.25
155378,0.09
155382,0.13
155390,0.14
155401,0.27
155428,0.26
155443,0.15
155445,0.15
155450,0.13
155452,0.12
155453,0.03
155480,0.26
155482,0.14
155484,0.27
155485,0.28
155496,0.09
155497,0.12
155531,0.02
155541,0.19
155547,0.23
155550,0.2
155551,0.15
155565,0.2
155567,0.1
155569,0.09
155573,0.13
155575,0.09
155581,0.06
155591,0.12
155593,0.18
155594,0.05
155610,0.28
155623,0.19
155624,0.21
155629,0.07
155638,0.11
155650,0.04
155652,0.07
155687,0.07
155697,0.18
155715,0.22
155718,0.11
155719,0.12
155723,0.28
155730,0.28
155731,0.04
155737,0.19
155738,0.08
155740,0.15
155742,0.11
155755,0.17
155766,0.22
155768,0.09
155771,0.21
155803,0.13
155808,0.01
155809,0.05
155812,0.08
155820,0.2
155832,0.23
155841,0.14
155847,0.31
155848,0.16
155855,0.21
155886,0.16
155893,0.19
155905,0.05
155910,0.16
155912,0.06
155919,0.27
155921,0.11
155937,0.15
155939,0.07
155950,0.07
155987,0.17
155988,0.13
156005,0.05
156006,0.09
156010,0.14
156018,0.09
156021,0.25
156026,0.09
156030,0.16
156033,0.11
156038,0.14
156041,0.23
156049,0.23
156050,0.11
156068,0.11
156069,0.21
156087,0.04
156088,0.02
156095,0.08
156104,0.2
156107,0.12
156108,0.11
156111,0.19
156119,0.07
156123,0.13
156140,0.26
156149,0.16
156161,0.14
156180,0.18
156186,0.1
156189,0.15
156194,0.08
156200,0.18
156213,0.47
156214,0.05
156228,0.06
156234,0.17
156236,0.17
156243,0.06
156256,0.11
156268,0.02
156269,0.1
156270,0.13
156274,0.12
156290,0.07
156291,0.14
156292,0.16
156298,0.16
156301,0.08
156302,0.23
156309,0.06
156355,0.2
156365,0.09
156367,0.08
156372,0.09
156376,0.1
156377,0.12
156389,0.16
156400,0.05
156404,0.18
156405,0.13
156426,0.05
156427,0.07
156429,0.2
156430,0.11
156431,0.21
156432,0.01
156449,0.02
156463,0.1
156464,0.23
156478,0.07
156492,0.18
156508,0.11
156509,0.16
156517,0.2
156526,0.04
156527,0.07
156538,0.2
156542,0.11
156543,0.05
156555,0.1
156556,0.14
156561,0.1
156563,0.05
156564,0.04
156567,0.08
156570,0.09
156581,0.12
156594,0.13
156597,0.1
156600,0.12
156601,0.13
156627,0.23
156629,0.2
156642,0.11
156644,0.11
156663,0.11
156674,0.08
156688,0.13
156696,0.07
156707,0.16
156723,0.08
156728,0.22
156731,0.12
156732,0.17
156733,0.23
156768,0.12
156773,0.15
156782,0.22
156815,0.12
156837,0.04
156854,0.18
156861,0.18
156862,0.02
156878,0.22
156903,0.16
156910,0.17
156925,0.09
156933,0.13
156952,0.14
156953,0.2
156963,0.27
156965,0.27
156989,0.11
156994,0.16
156996,0.17
157005,0.14
157011,0.13
157046,0.17
157058,0.17
157061,0.2
157065,0.02
157066,0.1
157067,0.18
157090,0.19
157091,0.13
157096,0.1
157101,0.31
157104,0.07
157109,0.07
157116,0.15
157120,0.13
157121,0.11
157124,0.15
157125,0.07
157132,0.15
157153,0.13
157157,0.22
157159,0.19
157168,0.11
157189,0.04
157195,0.13
157203,0.18
157210,0.14
157212,0.07
157220,0.13
157239,0.3
157241,0.03
157246,0.04
157247,0.15
157252,0.13
157253,0.39
157265,0.14
157291,0.12
157292,0.1
157301,0.11
157306,0.2
157312,0.32
157314,0.12
157332,0.09
157333,0.18
157337,0.13
157345,0.25
157347,0.28
157363,0.2
157376,0.09
157382,0.07
157397,0.09
157409,0.07
157411,0.11
157422,0.05
157428,0.08
157434,0.14
157442,0.09
157446,0.03
157456,0.15
157465,0.15
157469,0.2
157482,0.09
157497,0.15
157507,0.18
157510,0.18
157515,0.05
157529,0.09
157530,0.18
157541,0.18
157546,0.32
157553,0.01
157554,0.18
157562,0.17
157565,0.25
157566,0.16
157571,0.08
157572,0.08
157574,0.06
157575,0.13
157581,0.33
157590,0.22
157604,0.0
157611,0.08
157617,0.21
157620,0.19
157623,0.21
157651,0.19
157653,0.2
157664,0.22
157690,0.15
157704,0.15
157712,0.11
157722,0.17
157727,0.12
157764,0.05
157765,0.1
157775,0.1
157777,0.1
157789,0.2
157802,0.24
157803,0.09
157804,0.29
157805,0.19
157822,0.19
157823,0.02
157827,0.17
157836,0.12
157839,0.09
157847,0.14
157859,0.09
157864,0.12
157866,0.25
157877,0.23
157886,0.11
157892,0.13
157903,0.04
157913,0.27
157919,0.09
157920,0.15
157923,0.13
157926,0.15
157927,0.14
157948,0.03
157949,0.09
157952,0.13
157955,0.25
157958,0.22
157960,0.17
157966,0.14
157970,0.17
157979,0.05
157980,0.24
157985,0.03
157997,0.13
157998,0.23
158002,0.22
158004,0.09
158005,0.15
158007,0.07
158008,0.1
158015,0.03
158033,0.19
158036,0.08
158041,0.18
158044,0.19
158049,0.14
158061,0.07
158078,0.02
158099,0.08
158100,0.13
158102,0.11
158107,0.17
158114,0.1
158127,0.34
158128,0.15
158142,0.16
158145,0.25
158146,0.19
158167,0.05
158176,0.2
158184,0.08
158197,0.08
158201,0.11
158202,0.17
158205,0.09
158208,0.29
158211,0.17
158215,0.08
158218,0.14
158221,0.37
158223,0.22
158230,0.17
158234,0.12
158235,0.13
158245,0.14
158254,0.1
158267,0.08
158277,0.03
158283,0.14
158289,0.23
158290,0.18
158298,0.03
158307,0.02
158332,0.12
158336,0.13
158342,0.11
158344,0.13
158347,0.38
158352,0.07
158354,0.1
158355,0.22
158357,0.11
158365,0.08
158366,0.17
158367,0.04
158368,0.16
158384,0.17
158388,0.12
158395,0.03
158413,0.17
158425,0.13
158426,0.07
158432,0.05
158444,0.12
158453,0.08
158454,0.13
158459,0.03
158462,0.15
158468,0.09
158469,0.1
158470,0.11
158483,0.13
158485,0.08
158490,0.25
158494,0.13
158500,0.1
158503,0.05
158504,0.01
158519,0.12
158523,0.19
158527,0.05
158533,0.25
158535,0.13
158539,0.17
158544,0.21
158547,0.09
158551,0.11
158552,0.09
158560,0.15
158616,0.21
158638,0.07
158642,0.08
158651,0.0
158653,0.1
158677,0.16
158683,0.14
158687,0.16
158693,0.12
158700,0.06
158703,0.19
158705,0.22
158706,0.1
158708,0.15
158712,0.05
158714,0.31
158715,0.14
158752,0.07
158753,0.01
158763,0.04
158764,0.26
158767,0.29
158770,0.19
158781,0.11
158789,0.12
158790,0.19
158791,0.18
158795,0.14
158796,0.07
158800,0.24
158806,0.22
158807,0.2
158815,0.13
158824,0.06
158828,0.24
158831,0.29
158840,0.04
158841,0.14
158847,0.16
158856,0.17
158858,0.13
158884,0.12
158885,0.07
158891,0.18
158898,0.01
158911,0.14
158913,0.15
158918,0.08
158926,0.06
158929,0.05
158939,0.15
158940,0.19
158952,0.11
158963,0.12
158973,0.1
158977,0.17
158988,0.1
159013,0.12
159016,0.15
159018,0.01
159024,0.27
159034,0.23
159035,0.16
159039,0.28
159049,0.16
159056,0.16
159068,0.12
159078,0.26
159099,0.16
159103,0.18
159106,0.26
159113,0.15
159117,0.15
159124,0.29
159132,0.11
159139,0.07
159142,0.08
159145,0.22
159147,0.08
159174,0.13
159201,0.19
159203,0.03
159212,0.28
159214,0.05
159221,0.16
159240,0.11
159241,0.2
159242,0.11
159244,0.09
159250,0.19
159275,0.07
159284,0.03
159293,0.07
159295,0.11
159301,0.09
159310,0.16
159314,0.17
159318,0.06
159333,0.11
159334,0.14
159335,0.06
159337,0.29
159338,0.21
159340,0.26
159361,0.03
159384,0.19
159402,0.19
159421,0.09
159424,0.13
159425,0.15
159426,0.14
159439,0.15
159445,0.15
159449,0.16
159460,0.27
159475,0.19
159481,0.12
159483,0.13
159494,0.14
159504,0.14
159512,0.21
159522,0.18
159524,0.2
159526,0.08
159528,0.2
159547,0.25
159555,0.02
159562,0.07
159563,0.02
159565,0.27
159569,0.08
159578,0.02
159579,0.17
159581,0.1
159594,0.19
159598,0.11
159604,0.11
159605,0.07
159620,0.23
159631,0.14
159633,0.12
159659,0.11
159661,0.23
159667,0.09
159669,0.02
159682,0.12
159683,0.11
159693,0.13
159698,0.06
159702,0.26
159703,0.11
159707,0.16
159716,0.18
159732,0.07
159734,0.16
159740,0.07
159748,0.1
159751,0.22
159756,0.19
159758,0.17
159767,0.17
159769,0.28
159775,0.16
159802,0.12
159804,0.09
159817,0.09
159818,0.02
159824,0.05
159837,0.03
159840,0.19
159842,0.25
159851,0.03
159865,0.23
159866,0.12
159872,0.16
159874,0.12
159879,0.03
159883,0.05
159884,0.1
159898,0.27
159903,0.19
159906,0.17
159914,0.17
159915,0.21
159917,0.04
159929,0.06
159949,0.14
159951,0.07
159953,0.16
159957,0.05
159968,0.14
159972,0.13
159973,0.06
159993,0.19
160008,0.25
160011,0.09
160013,0.19
160015,0.05
160017,0.08
160023,0.34
160028,0.18
160035,0.19
160074,0.2
160076,0.05
160077,0.18
160080,0.23
160084,0.17
160089,0.31
160094,0.08
160101,0.13
160103,0.08
160111,0.18
160114,0.02
160116,0.06
160119,0.2
160123,0.14
160141,0.04
160147,0.13
160151,0.1
160172,0.23
160173,0.1
160177,0.21
160178,0.23
160180,0.22
160181,0.13
160188,0.15
160189,0.01
160193,0.08
160205,0.13
160214,0.13
160215,0.15
160217,0.18
160262,0.13
160263,0.09
160273,0.25
160282,0.36
160295,0.23
160297,0.09
160303,0.07
160305,0.2
160309,0.16
160324,0.09
160338,0.15
160366,0.18
160375,0.23
160381,0.03
160398,0.15
160400,0.11
160406,0.04
160410,0.15
160411,0.12
160418,0.18
160440,0.11
160441,0.13
160450,0.41
160465,0.04
160470,0.12
160471,0.2
160472,0.16
160479,0.16
160490,0.07
160500,0.17
160503,0.04
160504,0.17
160515,0.09
160541,0.18
160545,0.06
160562,0.07
160589,0.05
160594,0.06
160595,0.09
160598,0.21
160601,0.13
160605,0.07
160606,0.02
160607,0.04
160608,0.18
160610,0.14
160614,0.05
160615,0.17
160626,0.13
160634,0.07
160656,0.05
160660,0.08
160666,0.17
160672,0.12
160673,0.04
160674,0.03
160681,0.19
160683,0.08
160694,0.09
160710,0.16
160715,0.06
160719,0.18
160732,0.15
160734,0.1
160737,0.31
160742,0.07
160747,0.06
160749,0.11
160753,0.19
160756,0.02
160757,0.26
160763,0.05
160782,0.09
160789,0.16
160804,0.11
160805,0.09
160813,0.09
160815,0.14
160819,0.11
160820,0.12
160822,0.09
160823,0.18
160837,0.12
160841,0.05
160847,0.2
160861,0.19
160886,0.07
160891,0.2
160897,0.14
160914,0.21
160915,0.3
160929,0.15
160930,0.17
160931,0.04
160935,0.2
160939,0.19
160953,0.11
160954,0.08
160962,0.17
160966,0.08
160982,0.07
160983,0.02
160991,0.06
160998,0.15
161009,0.28
161014,0.17
161017,0.24
161021,0.03
161023,0.07
161027,0.1
161028,0.14
161030,0.4
161031,0.19
161033,0.18
161050,0.01
161053,0.1
161054,0.18
161055,0.16
161059,0.03
161061,0.13
161065,0.11
161069,0.09
161072,0.08
161073,0.09
161080,0.15
161083,0.14
161104,0.14
161111,0.19
161139,0.17
161149,0.06
161158,0.28
161171,0.16
161175,0.18
161201,0.11
161202,0.28
161205,0.08
161228,0.11
161233,0.18
161234,0.15
161237,0.08
161238,0.05
161250,0.35
161251,0.14
161253,0.2
161254,0.04
161283,0.16
161291,0.07
161297,0.1
161300,0.08
161314,0.18
161315,0.14
161336,0.18
161341,0.25
161343,0.13
161351,0.24
161352,0.16
161353,0.21
161361,0.21
161366,0.17
161368,0.17
161378,0.07
161379,0.1
161380,0.1
161398,0.22
161408,0.03
161432,0.12
161439,0.16
161461,0.05
161467,0.14
161468,0.14
161471,0.16
161477,0.07
161503,0.07
161514,0.02
161524,0.2
161527,0.12
161528,0.05
161531,0.26
161536,0.1
161537,0.1
161548,0.19
161558,0.01
161572,0.04
161586,0.12
161605,0.15
161606,0.12
161607,0.33
161618,0.04
161640,0.09
161658,0.05
161660,0.03
161661,0.14
161662,0.23
161677,0.17
161681,0.08
161682,0.2
161683,0.1
161685,0.09
161686,0.05
161687,0.1
161691,0.04
161701,0.17
161707,0.06
161709,0.03
161710,0.14
161711,0.08
161714,0.05
161742,0.19
161751,0.09
161764,0.17
161771,0.12
161781,0.22
161782,0.06
161800,0.07
161810,0.2
161812,0.16
161813,0.06
161816,0.01
161838,0.17
161841,0.13
161845,0.16
161871,0.13
161877,0.19
161882,0.15
161885,0.14
161886,0.04
161895,0.08
161897,0.24
161914,0.13
161921,0.23
161922,0.17
161927,0.29
161946,0.15
161952,0.17
161954,0.14
161955,0.15
161961,0.17
161977,0.31
161980,0.24
161989,0.29
161993,0.18
162002,0.1
162011,0.15
162012,0.04
162015,0.14
162016,0.13
162019,0.16
162021,0.22
162022,0.27
162023,0.04
162025,0.18
162028,0.06
162029,0.12
162030,0.11
162031,0.36
162033,0.23
162037,0.03
162044,0.16
162071,0.17
162093,0.12
162094,0.2
162100,0.11
162102,0.14
162105,0.07
162109,0.15
162116,0.1
162117,0.13
162118,0.2
162120,0.15
162125,0.14
162128,0.21
162131,0.21
162133,0.23
162135,0.09
162156,0.04
162157,0.25
162165,0.15
162166,0.07
162170,0.29
162201,0.15
162202,0.15
162206,0.16
162211,0.11
162227,0.12
162232,0.06
162235,0.08
162237,0.23
162248,0.12
162261,0.16
162262,0.06
162280,0.14
162282,0.06
162284,0.04
162287,0.18
162305,0.05
162308,0.08
162309,0.18
162312,0.16
162313,0.11
162316,0.03
162324,0.22
162325,0.07
162333,0.05
162334,0.08
162337,0.1
162340,0.19
162344,0.2
162347,0.18
162350,0.17
162351,0.22
162365,0.19
162368,0.13
162379,0.14
162383,0.12
162392,0.13
162393,0.18
162397,0.2
162398,0.19
162406,0.18
162410,0.13
162418,0.1
162420,0.05
162424,0.17
162425,0.12
162438,0.11
162442,0.05
162462,0.06
162476,0.08
162477,0.16
162480,0.13
162491,0.08
162493,0.11
162503,0.14
162504,0.1
162513,0.15
162516,0.19
162517,0.05
162522,0.23
162523,0.12
162542,0.12
162584,0.18
162586,0.07
162589,0.11
162594,0.07
162616,0.2
162630,0.04
162637,0.19
162652,0.13
162659,0.2
162668,0.1
162674,0.12
162680,0.09
162685,0.3
162689,0.23
162711,0.05
162714,0.12
162732,0.07
162741,0.08
162758,0.11
162759,0.13
162775,0.2
162776,0.19
162777,0.02
162782,0.1
162786,0.07
162794,0.06
162799,0.09
162801,0.24
162802,0.15
162807,0.17
162820,0.13
162827,0.06
162833,0.16
162837,0.07
162844,0.07
162860,0.14
162862,0.16
162864,0.19
162868,0.15
162880,0.05
162895,0.36
162898,0.14
162918,0.21
162924,0.15
162931,0.16
162936,0.07
162978,0.31
162979,0.06
162988,0.07
162989,0.2
163013,0.2
163014,0.16
163021,0.06
163024,0.08
163027,0.09
163030,0.05
163031,0.18
163032,0.08
163039,0.13
163042,0.07
163048,0.09
163049,0.06
163068,0.1
163071,0.05
163074,0.2
163079,0.11
163080,0.02
163085,0.02
163093,0.22
163094,0.23
163109,0.09
163116,0.16
163117,0.16
163118,0.1
163119,0.23
163121,0.12
163131,0.1
163132,0.11
163133,0.16
163182,0.15
163187,0.14
163188,0.26
163195,0.14
163197,0.09
163200,0.03
163206,0.12
163207,0.05
163214,0.22
163222,0.09
163224,0.06
163226,0.17
163235,0.29
163240,0.14
163258,0.14
163263,0.18
163264,0.28
163265,0.16
163266,0.1
163268,0.25
163272,0.11
163273,0.25
163278,0.27
163288,0.0
163299,0.22
163302,0.12
163307,0.03
163321,0.09
163349,0.08
163352,0.13
163353,0.16
163357,0.1
163362,0.17
163375,0.15
163385,0.18
163386,0.2
163390,0.15
163408,0.16
163423,0.07
163426,0.12
163437,0.22
163452,0.1
163472,0.19
163473,0.19
163479,0.09
163480,0.07
163487,0.2
163492,0.24
163493,0.11
163523,0.08
163524,0.06
163527,0.13
163528,0.12
163531,0.14
163538,0.19
163556,0.1
163563,0.19
163566,0.19
163570,0.11
163571,0.11
163574,0.11
163578,0.14
163580,0.12
163597,0.24
163601,0.18
163604,0.12
163609,0.16
163618,0.2
163634,0.27
163647,0.2
163660,0.13
163661,0.02
163666,0.12
163667,0.27
163669,0.19
163676,0.05
163681,0.03
163682,0.18
163684,0.25
163714,0.3
163724,0.08
163728,0.15
163729,0.13
163738,0.05
163742,0.13
163743,0.17
163748,0.1
163759,0.04
163782,0.08
163793,0.25
163800,0.02
163801,0.26
163802,0.19
163814,0.2
163820,0.08
163821,0.2
163848,0.09
163852,0.18
163854,0.04
163855,0.27
163882,0.16
163895,0.1
163900,0.23
163907,0.22
163915,0.11
163926,0.12
163929,0.09
163934,0.11
163940,0.1
163943,0.11
163944,0.07
163949,0.12
163951,0.06
163952,0.04
163965,0.16
163970,0.08
163980,0.18
163981,0.1
163988,0.22
163989,0.22
163991,0.09
164015,0.05
164028,0.14
164030,0.15
164031,0.19
164037,0.11
164049,0.16
164052,0.03
164059,0.01
164083,0.14
164095,0.12
164106,0.34
164116,0.16
164117,0.43
164119,0.12
164133,0.2
164134,0.1
164142,0.07
164143,0.03
164147,0.09
164148,0.14
164150,0.33
164152,0.12
164156,0.19
164157,0.24
164158,0.12
164166,0.17
164191,0.16
164194,0.27
164198,0.1
164201,0.06
164202,0.06
164207,0.3
164228,0.21
164240,0.18
164241,0.1
164244,0.09
164256,0.14
164262,0.09
164269,0.12
164276,0.12
164281,0.26
164290,0.14
164300,0.24
164305,0.13
164307,0.02
164308,0.23
164309,0.04
164314,0.16
164319,0.17
164331,0.17
164332,0.07
164343,0.13
164349,0.15
164363,0.14
164373,0.18
164410,0.23
164417,0.06
164436,0.09
164438,0.13
164441,0.09
164445,0.1
164451,0.14
164452,0.06
164502,0.22
164513,0.24
164526,0.26
164527,0.06
164528,0.13
164530,0.01
164537,0.2
164542,0.1
164546,0.09
164555,0.38
164556,0.12
164568,0.13
164571,0.17
164572,0.31
164574,0.09
164580,0.02
164597,0.12
164601,0.06
164619,0.13
164633,0.09
164642,0.1
164652,0.05
164676,0.11
164682,0.05
164685,0.07
164691,0.12
164696,0.13
164708,0.21
164711,0.08
164712,0.17
164717,0.2
164721,0.13
164740,0.11
164746,0.04
164755,0.23
164761,0.06
164764,0.06
164766,0.52
164776,0.28
164777,0.14
164783,0.06
164786,0.1
164799,0.12
164808,0.19
164812,0.2
164815,0.13
164816,0.04
164817,0.11
164818,0.22
164819,0.27
164821,0.12
164822,0.12
164825,0.12
164834,0.1
164841,0.01
164842,0.21
164853,0.03
164855,0.17
164856,0.03
164878,0.11
164883,0.15
164887,0.09
164888,0.11
164889,0.19
164891,0.35
164892,0.13
164922,0.11
164924,0.16
164933,0.2
164938,0.14
164939,0.24
164949,0.07
164950,0.12
164957,0.23
164961,0.17
164963,0.02
164972,0.07
164980,0.1
164981,0.11
165020,0.12
165027,0.07
165046,0.12
165048,0.17
165049,0.19
165058,0.07
165065,0.19
165081,0.17
165082,0.24
165090,0.04
165107,0.1
165131,0.1
165133,0.11
165137,0.11
165140,0.13
165142,0.13
165143,0.16
165152,0.13
165154,0.19
165158,0.07
165166,0.1
165168,0.14
165171,0.13
165175,0.12
165182,0.15
165188,0.3
165190,0.04
165199,0.13
165202,0.2
165203,0.11
165204,0.16
165208,0.14
165221,0.06
165243,0.06
165283,0.06
165300,0.09
165302,0.12
165304,0.04
165313,0.02
165336,0.23
165339,0.09
165363,0.24
165376,0.16
165380,0.17
165385,0.02
165386,0.06
165410,0.09
165422,0.04
165426,0.11
165428,0.17
165445,0.28
165452,0.11
165454,0.04
165455,0.0
165462,0.02
165465,0.07
165466,0.24
165467,0.2
165476,0.08
165477,0.18
165478,0.37
165497,0.08
165500,0.18
165511,0.09
165513,0.14
165515,0.27
165521,0.08
165522,0.15
165523,0.16
165530,0.03
165537,0.08
165538,0.03
165539,0.17
165545,0.16
165550,0.07
165551,0.15
165552,0.19
165557,0.13
165558,0.09
165560,0.04
165574,0.18
165576,0.24
165587,0.15
165601,0.03
165605,0.1
165606,0.07
165607,0.12
165624,0.33
165632,0.1
165633,0.21
165634,0.15
165646,0.13
165649,0.06
165651,0.17
165661,0.11
165666,0.18
165669,0.16
165674,0.15
165685,0.22
165687,0.05
165692,0.11
165721,0.07
165726,0.19
165748,0.26
165749,0.16
165752,0.18
165755,0.12
165758,0.08
165761,0.1
165762,0.04
165780,0.24
165781,0.08
165789,0.14
165802,0.07
165806,0.13
165817,0.15
165822,0.27
165837,0.1
165840,0.2
165846,0.06
165853,0.02
165864,0.21
165865,0.12
165868,0.12
165869,0.07
165871,0.18
165880,0.12
165887,0.16
165904,0.22
165907,0.02
165910,0.2
165915,0.18
165917,0.12
165918,0.24
165919,0.23
165923,0.04
165931,0.07
165932,0.14
165934,0.31
165939,0.09
165944,0.3
165951,0.32
165955,0.19
165959,0.18
165966,0.22
165970,0.06
165975,0.18
165977,0.11
165990,0.24
165997,0.11
166003,0.18
166008,0.07
166020,0.15
166025,0.11
166033,0.07
166038,0.03
166042,0.06
166049,0.02
166071,0.05
166091,0.22
166093,0.26
166095,0.12
166104,0.09
166107,0.0
166108,0.02
166110,0.1
166112,0.14
166135,0.12
166136,0.11
166138,0.18
166153,0.18
166155,0.3
166158,0.12
166164,0.11
166186,0.15
166191,0.09
166196,0.18
166197,0.18
166202,0.09
166215,0.11
166230,0.06
166243,0.13
166244,0.14
166255,0.17
166258,0.1
166263,0.12
166271,0.15
166283,0.13
166286,0.12
166291,0.15
166294,0.06
166303,0.13
166306,0.12
166309,0.08
166316,0.11
166317,0.1
166321,0.09
166331,0.18
166349,0.01
166374,0.19
166387,0.12
166393,0.09
166400,0.1
166420,0.26
166446,0.08
166449,0.09
166452,0.14
166495,0.26
166501,0.03
166514,0.13
166515,0.05
166521,0.04
166525,0.1
166529,0.02
166536,0.23
166542,0.09
166543,0.22
166545,0.13
166550,0.2
166560,0.13
166567,0.13
166570,0.05
166573,0.11
166582,0.27
166583,0.25
166590,0.06
166594,0.14
166618,0.38
166623,0.23
166626,0.14
166641,0.12
166654,0.09
166682,0.26
166685,0.18
166688,0.11
166692,0.07
166701,0.1
166702,0.12
166705,0.14
166713,0.09
166733,0.04
166734,0.17
166738,0.12
166739,0.08
166740,0.09
166755,0.32
166761,0.12
166764,0.16
166773,0.13
166774,0.1
166814,0.15
166819,0.18
166834,0.29
166841,0.18
166848,0.2
166857,0.13
166858,0.18
166873,0.07
166889,0.04
166890,0.06
166891,0.14
166902,0.13
166908,0.11
166916,0.15
166920,0.08
166922,0.19
166926,0.16
166928,0.17
166930,0.13
166931,0.1
166932,0.02
166937,0.05
166941,0.11
166944,0.01
166960,0.2
166972,0.23
166973,0.17
166978,0.05
166984,0.15
166994,0.06
166995,0.05
166996,0.11
167001,0.04
167006,0.11
167007,0.12
167037,0.29
167041,0.06
167051,0.17
167052,0.23
167054,0.08
167057,0.24
167058,0.11
167059,0.08
167060,0.1
167066,0.08
167077,0.08
167078,0.23
167080,0.17
167089,0.12
167090,0.24
167091,0.2
167096,0.07
167105,0.14
167121,0.2
167128,0.09
167131,0.29
167139,0.18
167140,0.24
167149,0.18
167152,0.3
167153,0.23
167163,0.21
167167,0.18
167171,0.13
167178,0.12
167179,0.18
167182,0.15
167187,0.08
167192,0.15
167208,0.14
167212,0.15
167217,0.19
167230,0.19
167236,0.05
167238,0.21
167239,0.11
167257,0.27
167260,0.18
167264,0.14
167271,0.12
167273,0.14
167276,0.2
167283,0.09
167295,0.02
167296,0.23
167299,0.24
167310,0.02
167313,0.2
167323,0.08
167328,0.26
167329,0.1
167333,0.12
167349,0.22
167351,0.16
167359,0.11
167363,0.07
167371,0.05
167384,0.15
167387,0.14
167389,0.08
167393,0.08
167401,0.1
167427,0.19
167428,0.07
167433,0.15
167434,0.14
167437,0.08
167438,0.16
167454,0.03
167475,0.08
167480,0.11
167491,0.13
167494,0.17
167495,0.03
167503,0.12
167521,0.21
167529,0.04
167530,0.1
167550,0.11
167554,0.14
167557,0.19
167562,0.13
167566,0.17
167572,0.26
167573,0.21
167578,0.21
167592,0.16
167597,0.1
167621,0.18
167622,0.11
167631,0.26
167637,0.31
167638,0.13
167645,0.05
167648,0.25
167697,0.18
167698,0.09
167701,0.02
167708,0.01
167714,0.22
167717,0.17
167727,0.05
167737,0.03
167746,0.19
167751,0.19
167753,0.13
167755,0.18
167771,0.04
167805,0.11
167811,0.06
167815,0.15
167829,0.11
167830,0.15
167834,0.08
167841,0.13
167846,0.05
167851,0.34
167871,0.06
167890,0.08
167898,0.08
167901,0.08
167902,0.14
167907,0.19
167911,0.1
167912,0.07
167916,0.12
167917,0.16
167928,0.09
167940,0.16
167947,0.17
167948,0.09
167953,0.02
167957,0.04
167958,0.18
167968,0.07
167970,0.12
167977,0.12
167980,0.06
167993,0.13
167994,0.21
167998,0.03
168000,0.12
168006,0.19
168011,0.16
168012,0.05
168013,0.14
168022,0.09
168026,0.12
168032,0.06
168046,0.1
168054,0.11
168071,0.11
168078,0.21
168092,0.16
168093,0.18
168097,0.13
168105,0.3
168107,0.17
168108,0.13
168115,0.16
168127,0.12
168133,0.24
168135,0.07
168162,0.09
168163,0.1
168165,0.19
168169,0.15
168171,0.18
168174,0.13
168175,0.36
168186,0.14
168202,0.04
168204,0.11
168208,0.05
168229,0.1
168239,0.03
168245,0.11
168276,0.04
168309,0.19
168313,0.13
168322,0.03
168323,0.08
168326,0.22
168331,0.13
168349,0.19
168384,0.05
168398,0.1
168403,0.03
168405,0.24
168416,0.08
168418,0.18
168420,0.24
168422,0.02
168436,0.17
168438,0.19
168443,0.1
168444,0.08
168446,0.03
168454,0.19
168459,0.14
168462,0.18
168472,0.12
168485,0.05
168496,0.22
168503,0.13
168515,0.12
168516,0.14
168520,0.39
168521,0.17
168531,0.05
168542,0.11
168548,0.16
168551,0.09
168575,0.02
168580,0.04
168588,0.28
168593,0.01
168614,0.09
168615,0.11
168622,0.1
168623,0.15
168634,0.07
168645,0.16
168651,0.23
168683,0.07
168691,0.25
168708,0.25
168716,0.13
168718,0.05
168720,0.2
168722,0.21
168731,0.08
168736,0.08
168738,0.2
168747,0.01
168751,0.12
168752,0.07
168753,0.03
168774,0.21
168782,0.03
168788,0.09
168790,0.08
168791,0.2
168793,0.28
168796,0.14
168802,0.19
168803,0.09
168810,0.27
168817,0.1
168820,0.22
168823,0.03
168827,0.25
168828,0.31
168831,0.08
168842,0.27
168845,0.21
168855,0.2
168856,0.25
168861,0.2
168876,0.11
168897,0.16
168899,0.08
168913,0.16
168915,0.11
168916,0.21
168929,0.25
168930,0.06
168933,0.21
168954,0.11
168957,0.16
168959,0.07
168960,0.19
168961,0.12
168968,0.05
168969,0.1
168994,0.09
168995,0.02
169003,0.14
169004,0.36
169008,0.17
169009,0.1
169014,0.07
169030,0.19
169048,0.09
169061,0.18
169070,0.27
169092,0.08
169117,0.19
169118,0.09
169121,0.13
169123,0.15
169124,0.24
169137,0.13
169138,0.18
169143,0.02
169165,0.01
169166,0.13
169167,0.16
169168,0.18
169175,0.05
169184,0.06
169195,0.08
169196,0.08
169197,0.21
169202,0.35
169204,0.05
169212,0.08
169214,0.2
169218,0.14
169239,0.06
169248,0.05
169252,0.1
169254,0.2
169257,0.03
169264,0.26
169267,0.21
169269,0.31
169278,0.16
169297,0.09
169299,0.08
169301,0.07
169306,0.05
169323,0.22
169328,0.17
169330,0.14
169331,0.09
169346,0.21
169348,0.18
169350,0.07
169353,0.09
169355,0.18
169364,0.22
169365,0.11
169367,0.06
169370,0.11
169378,0.17
169385,0.06
169387,0.07
169389,0.15
169395,0.29
169412,0.18
169426,0.17
169427,0.12
169432,0.15
169436,0.2
169453,0.2
169455,0.34
169457,0.1
169458,0.08
169461,0.09
169467,0.04
169470,0.13
169477,0.05
169481,0.13
169483,0.13
169490,0.21
169491,0.11
169495,0.07
169504,0.24
169514,0.08
169517,0.09
169523,0.11
169528,0.2
169534,0.22
169535,0.11
169537,0.04
169541,0.21
169546,0.14
169549,0.01
169554,0.26
169561,0.08
169571,0.07
169580,0.27
169597,0.05
169598,0.04
169625,0.2
169626,0.22
169627,0.1
169628,0.21
169629,0.12
169658,0.14
169659,0.1
169668,0.07
169669,0.21
169673,0.06
169674,0.1
169676,0.26
169677,0.19
169678,0.17
169680,0.13
169695,0.15
169698,0.3
169710,0.21
169719,0.02
169720,0.12
169722,0.18
169735,0.24
169745,0.1
169749,0.15
169754,0.21
169760,0.09
169772,0.09
169773,0.04
169780,0.09
169788,0.04
169793,0.14
169809,0.21
169810,0.13
169824,0.07
169831,0.13
169833,0.09
169836,0.13
169859,0.02
169864,0.25
169872,0.09
169895,0.23
169911,0.1
169914,0.2
169960,0.04
169961,0.15
169964,0.11
169974,0.03
169988,0.05
169989,0.05
169995,0.15
170007,0.09
170026,0.17
170030,0.43
170033,0.27
170041,0.14
170043,0.09
170048,0.01
170050,0.1
170051,0.12
170056,0.16
170072,0.31
170076,0.14
170080,0.24
170101,0.18
170102,0.15
170107,0.23
170115,0.08
170119,0.01
170128,0.13
170129,0.0
170134,0.24
170136,0.17
170139,0.09
170140,0.18
170143,0.22
170148,0.38
170159,0.06
170163,0.17
170164,0.12
170173,0.05
170178,0.15
170179,0.08
170199,0.13
170203,0.12
170207,0.19
170211,0.06
170217,0.09
170224,0.03
170225,0.2
170255,0.2
170258,0.04
170259,0.17
170262,0.05
170278,0.2
170284,0.1
170285,0.16
170292,0.17
170293,0.07
170301,0.11
170302,0.26
170305,0.24
170309,0.1
170310,0.1
170326,0.14
170327,0.05
170328,0.13
170329,0.19
170330,0.21
170331,0.16
170337,0.12
170340,0.11
170341,0.14
170343,0.13
170361,0.11
170366,0.13
170376,0.22
170382,0.3
170396,0.04
170400,0.17
170403,0.1
170409,0.06
170410,0.09
170421,0.23
170425,0.11
170427,0.08
170428,0.08
170435,0.06
170438,0.16
170442,0.18
170446,0.23
170461,0.09
170473,0.28
170477,0.15
170516,0.09
170517,0.16
170522,0.2
170523,0.13
170534,0.14
170535,0.16
170538,0.19
170549,0.03
170556,0.19
170563,0.04
170570,0.12
170580,0.16
170582,0.06
170584,0.2
170585,0.11
170587,0.1
170590,0.2
170598,0.18
170599,0.13
170601,0.06
170612,0.26
170617,0.22
170620,0.23
170629,0.08
170647,0.21
170651,0.16
170654,0.12
170657,0.14
170662,0.08
170707,0.14
170719,0.1
170722,0.09
170723,0.17
170731,0.21
170735,0.09
170750,0.19
170769,0.14
170770,0.19
170776,0.19
170783,0.13
170789,0.13
170800,0.16
170809,0.21
170810,0.14
170811,0.24
170827,0.06
170842,0.04
170854,0.08
170857,0.13
170865,0.15
170867,0.07
170869,0.15
170870,0.14
170878,0.14
170881,0.23
170910,0.16
170913,0.31
170919,0.14
170932,0.12
170939,0.28
170947,0.04
170950,0.15
170953,0.32
170954,0.13
170970,0.05
170972,0.04
170973,0.24
170980,0.02
170981,0.18
170983,0.19
170998,0.15
171001,0.03
171004,0.07
171020,0.12
171023,0.12
171026,0.04
171060,0.19
171061,0.12
171065,0.15
171077,0.04
171081,0.1
171103,0.19
171110,0.06
171114,0.17
171118,0.12
171119,0.14
171120,0.14
171137,0.1
171147,0.14
171153,0.37
171156,0.25
171158,0.09
171163,0.06
171169,0.03
171170,0.19
171172,0.02
171173,0.18
171176,0.18
171181,0.18
171182,0.24
171191,0.18
171193,0.14
171195,0.22
171198,0.05
171205,0.15
171212,0.21
171237,0.17
171241,0.08
171262,0.21
171263,0.07
171266,0.14
171274,0.15
171290,0.11
171291,0.19
171297,0.09
171307,0.16
171311,0.28
171320,0.07
171322,0.14
171328,0.04
171337,0.15
171346,0.14
171348,0.14
171354,0.04
171358,0.02
171359,0.11
171360,0.14
171369,0.06
171379,0.17
171384,0.12
171388,0.15
171390,0.06
171394,0.05
171395,0.14
171399,0.11
171403,0.11
171422,0.08
171423,0.11
171469,0.14
171480,0.06
171487,0.23
171497,0.18
171502,0.29
171503,0.09
171506,0.21
171521,0.1
171530,0.06
171540,0.23
171541,0.05
171544,0.11
171551,0.19
171582,0.06
171587,0.14
171597,0.17
171603,0.14
171610,0.16
171614,0.11
171619,0.04
171621,0.12
171625,0.05
171626,0.14
171638,0.04
171642,0.12
171658,0.04
171674,0.14
171677,0.2
171684,0.12
171685,0.19
171686,0.14
171695,0.1
171702,0.17
171703,0.12
171704,0.11
171705,0.03
171706,0.09
171709,0.01
171712,0.06
171716,0.14
171730,0.13
171748,0.03
171757,0.06
171767,0.1
171768,0.32
171771,0.03
171775,0.05
171778,0.26
171780,0.17
171781,0.06
171785,0.11
171786,0.22
171789,0.1
171802,0.04
171803,0.06
171812,0.15
171862,0.13
171864,0.25
171891,0.31
171892,0.16
171913,0.06
171914,0.3
171922,0.26
171927,0.13
171933,0.08
171934,0.14
171943,0.1
171945,0.08
171960,0.11
171964,0.09
171975,0.2
171994,0.2
171996,0.15
171997,0.15
172000,0.02
172029,0.13
172038,0.1
172039,0.1
172043,0.12
172046,0.11
172048,0.1
172049,0.14
172053,0.05
172054,0.17
172058,0.14
172060,0.09
172061,0.06
172067,0.11
172072,0.07
172073,0.2
172098,0.05
172100,0.11
172101,0.1
172113,0.3
172144,0.13
172147,0.1
172149,0.06
172168,0.31
172169,0.03
172175,0.18
172197,0.12
172200,0.28
172205,0.22
172207,0.11
172210,0.03
172261,0.21
172279,0.23
172294,0.03
172300,0.19
172301,0.21
172310,0.13
172351,0.05
172353,0.06
172358,0.06
172374,0.15
172380,0.17
172384,0.08
172400,0.18
172403,0.21
172408,0.04
172411,0.02
172420,0.06
172426,0.38
172433,0.11
172434,0.15
172442,0.08
172443,0.14
172452,0.24
172454,0.14
172456,0.2
172460,0.31
172470,0.13
172479,0.11
172481,0.12
172483,0.04
172484,0.23
172485,0.14
172486,0.14
172493,0.08
172494,0.19
172497,0.29
172504,0.14
172518,0.15
172523,0.17
172527,0.13
172533,0.03
172536,0.12
172540,0.13
172541,0.16
172543,0.08
172545,0.2
172547,0.07
172551,0.15
172556,0.21
172562,0.12
172570,0.08
172574,0.06
172575,0.16
172599,0.05
172611,0.29
172612,0.09
172616,0.13
172623,0.17
172627,0.17
172635,0.08
172643,0.1
172644,0.09
172652,0.1
172656,0.08
172661,0.15
172664,0.12
172672,0.17
172678,0.06
172680,0.1
172683,0.12
172684,0.14
172690,0.03
172695,0.22
172696,0.11
172701,0.09
172713,0.19
172714,0.14
172731,0.07
172738,0.1
172761,0.03
172767,0.09
172770,0.33
172771,0.1
172799,0.04
172800,0.16
172804,0.22
172805,0.04
172820,0.16
172829,0.15
172831,0.16
172833,0.04
172843,0.01
172853,0.09
172855,0.04
172856,0.22
172857,0.1
172863,0.12
172877,0.1
172881,0.09
172895,0.22
172896,0.01
172910,0.11
172922,0.24
172939,0.24
172942,0.09
172945,0.11
172948,0.03
172949,0.12
172953,0.01
172967,0.26
172993,0.09
172995,0.16
172996,0.26
172997,0.16
172998,0.2
172999,0.11
173004,0.11
173006,0.28
173007,0.05
173013,0.19
173016,0.15
173020,0.15
173030,0.22
173048,0.06
173056,0.08
173066,0.1
173079,0.16
173107,0.16
173109,0.06
173127,0.09
173128,0.12
173130,0.22
173137,0.18
173157,0.12
173160,0.14
173168,0.09
173193,0.03
173197,0.23
173215,0.06
173216,0.15
173227,0.08
173236,0.12
173237,0.1
173247,0.15
173250,0.32
173259,0.1
173277,0.13
173285,0.14
173286,0.15
173299,0.2
173310,0.2
173312,0.27
173313,0.12
173320,0.12
173330,0.17
173333,0.13
173351,0.13
173370,0.24
173372,0.02
173381,0.26
173386,0.04
173387,0.18
173388,0.13
173393,0.05
173394,0.27
173403,0.14
173467,0.11
173469,0.23
173475,0.14
173476,0.06
173477,0.02
173484,0.26
173485,0.15
173488,0.29
173491,0.13
173520,0.05
173522,0.27
173535,0.07
173539,0.19
173549,0.08
173552,0.01
173565,0.22
173586,0.1
173587,0.1
173588,0.1
173595,0.05
173606,0.23
173620,0.18
173623,0.03
173629,0.21
173647,0.08
173649,0.28
173650,0.08
173652,0.15
173654,0.15
173665,0.04
173667,0.24
173685,0.09
173710,0.23
173711,0.09
173713,0.15
173718,0.22
173743,0.14
173744,0.11
173762,0.15
173768,0.21
173769,0.39
173770,0.16
173773,0.15
173779,0.06
173780,0.07
173781,0.24
173783,0.14
173795,0.06
173800,0.31
173812,0.07
173823,0.23
173834,0.09
173874,0.08
173891,0.16
173904,0.27
173909,0.14
173925,0.03
173941,0.14
173942,0.1
173944,0.13
173955,0.19
173959,0.17
174000,0.16
174004,0.09
174006,0.02
174008,0.16
174012,0.09
174017,0.08
174020,0.08
174044,0.09
174051,0.14
174052,0.09
174059,0.04
174060,0.12
174061,0.12
174063,0.1
174068,0.05
174069,0.12
174072,0.08
174074,0.13
174091,0.06
174092,0.13
174098,0.27
174105,0.07
174107,0.01
174110,0.08
174121,0.12
174126,0.13
174153,0.13
174156,0.1
174160,0.07
174173,0.1
174183,0.02
174185,0.05
174188,0.25
174198,0.12
174206,0.06
174207,0.09
174211,0.21
174239,0.19
174260,0.23
174261,0.1
174262,0.28
174264,0.12
174271,0.19
174275,0.51
174277,0.12
174286,0.07
174301,0.03
174312,0.19
174314,0.1
174322,0.09
174323,0.15
174325,0.11
174326,0.17
174327,0.14
174334,0.25
174360,0.05
174362,0.25
174367,0.1
174371,0.05
174372,0.16
174384,0.09
174390,0.18
174391,0.12
174396,0.14
174412,0.19
174423,0.25
174428,0.09
174429,0.26
174438,0.15
174481,0.08
174483,0.13
174484,0.12
174485,0.26
174488,0.12
174497,0.07
174509,0.07
174513,0.16
174514,0.17
174520,0.11
174526,0.06
174532,0.06
174536,0.18
174537,0.16
174538,0.21
174539,0.16
174540,0.09
174549,0.09
174551,0.21
174563,0.18
174574,0.1
174575,0.24
174586,0.04
174590,0.09
174606,0.34
174607,0.15
174609,0.05
174610,0.23
174630,0.15
174631,0.03
174661,0.09
174665,0.16
174666,0.03
174677,0.22
174690,0.15
174700,0.11
174702,0.1
174703,0.05
174713,0.1
174721,0.2
174726,0.17
174729,0.13
174741,0.12
174742,0.18
174754,0.14
174757,0.12
174782,0.5
174795,0.11
174805,0.13
174806,0.18
174809,0.04
174810,0.1
174829,0.05
174830,0.25
174832,0.12
174836,0.16
174839,0.17
174843,0.13
174854,0.18
174861,0.21
174863,0.14
174867,0.08
174871,0.16
174887,0.08
174890,0.18
174897,0.11
174901,0.18
174903,0.18
174912,0.05
174913,0.09
174920,0.25
174922,0.21
174924,0.12
174925,0.09
174928,0.07
174938,0.32
174939,0.06
174943,0.23
174950,0.15
174954,0.18
174955,0.05
174957,0.1
174965,0.05
174966,0.16
174967,0.06
174977,0.08
174983,0.03
174986,0.11
174987,0.12
175012,0.22
175015,0.11
175025,0.07
175027,0.18
175029,0.2
175056,0.33
175075,0.23
175081,0.21
175097,0.15
175128,0.06
175129,0.05
175138,0.14
175169,0.12
175183,0.16
175211,0.02
175212,0.04
175215,0.15
175223,0.22
175225,0.03
175233,0.07
175250,0.21
175253,0.11
175257,0.14
175260,0.14
175261,0.11
175264,0.13
175284,0.15
175288,0.11
175295,0.1
175309,0.04
175310,0.11
175313,0.14
175334,0.17
175337,0.06
175346,0.1
175347,0.11
175349,0.13
175350,0.21
175351,0.08
175367,0.29
175369,0.16
175371,0.13
175372,0.18
175392,0.22
175400,0.06
175402,0.19
175403,0.19
175407,0.1
175408,0.02
175414,0.07
175431,0.04
175435,0.18
175442,0.06
175454,0.13
175456,0.05
175457,0.15
175464,0.25
175465,0.19
175477,0.12
175488,0.16
175495,0.09
175499,0.23
175500,0.15
175515,0.25
175519,0.15
175520,0.05
175531,0.03
175534,0.05
175543,0.23
175566,0.11
175568,0.08
175573,0.22
175574,0.22
175576,0.06
175591,0.07
175593,0.18
175605,0.34
175609,0.15
175617,0.2
175624,0.37
175629,0.09
175633,0.13
175645,0.2
175649,0.0
175650,0.11
175653,0.04
175659,0.09
175660,0.11
175661,0.11
175664,0.08
175665,0.19
175677,0.15
175682,0.27
175684,0.17
175687,0.08
175690,0.1
175706,0.12
175722,0.19
175724,0.2
175730,0.19
175731,0.14
175737,0.14
175743,0.21
175745,0.24
175758,0.13
175768,0.06
175769,0.19
175773,0.02
175775,0.12
175794,0.11
175798,0.17
175809,0.28
175818,0.08
175830,0.14
175835,0.05
175840,0.19
175864,0.08
175875,0.1
175890,0.07
175892,0.05
175914,0.11
175930,0.2
175935,0.15
175955,0.07
175958,0.11
175959,0.14
175960,0.1
175964,0.13
175968,0.05
175986,0.29
175987,0.21
175997,0.09
175998,0.26
176003,0.1
176004,0.19
176021,0.07
176034,0.15
176035,0.06
176043,0.24
176045,0.14
176051,0.08
176052,0.09
176059,0.16
176067,0.13
176073,0.06
176076,0.07
176077,0.06
176085,0.1
176088,0.17
176095,0.08
176118,0.23
176129,0.2
176177,0.06
176183,0.01
176206,0.14
176218,0.1
176240,0.15
176253,0.03
176260,0.2
176275,0.19
176285,0.15
176288,0.2
176289,0.21
176290,0.06
176297,0.16
176300,0.21
176301,0.1
176319,0.11
176322,0.19
176337,0.08
176346,0.08
176347,0.17
176352,0.28
176358,0.11
176359,0.17
176365,0.04
176371,0.12
176403,0.07
176419,0.15
176428,0.09
176429,0.28
176430,0.09
176432,0.24
176437,0.16
176440,0.1
176441,0.28
176450,0.1
176454,0.14
176459,0.02
176460,0.17
176467,0.17
176472,0.38
176482,0.13
176483,0.44
176486,0.04
176487,0.13
176494,0.1
176497,0.05
176500,0.11
176509,0.1
176511,0.01
176512,0.12
176522,0.18
176525,0.05
176526,0.22
176537,0.08
176538,0.16
176572,0.02
176573,0.2
176574,0.19
176579,0.17
176580,0.03
176592,0.37
176601,0.05
176603,0.12
176605,0.14
176606,0.11
176615,0.05
176620,0.06
176634,0.14
176635,0.0
176638,0.04
176639,0.12
176641,0.18
176661,0.16
176668,0.13
176669,0.11
176683,0.24
176688,0.13
176700,0.14
176702,0.13
176705,0.14
176709,0.02
176710,0.23
176720,0.11
176726,0.07
176731,0.14
176732,0.11
176733,0.13
176734,0.18
176736,0.18
176741,0.17
176756,0.03
176785,0.16
176790,0.06
176793,0.08
176820,0.16
176827,0.02
176828,0.09
176839,0.15
176848,0.2
176850,0.19
176853,0.02
176866,0.06
176867,0.06
176875,0.19
176883,0.19
176888,0.02
176890,0.21
176898,0.16
176917,0.15
176925,0.12
176929,0.06
176934,0.22
176938,0.19
176953,0.15
176957,0.19
176970,0.05
176997,0.08
177029,0.07
177030,0.03
177031,0.11
177032,0.25
177047,0.12
177048,0.18
177051,0.13
177055,0.06
177060,0.06
177064,0.26
177065,0.05
177069,0.1
177076,0.1
177085,0.1
177087,0.08
177105,0.19
177126,0.11
177133,0.13
177141,0.12
177146,0.18
177156,0.22
177179,0.1
177187,0.35
177192,0.31
177203,0.11
177228,0.18
177229,0.24
177249,0.07
177250,0.24
177253,0.09
177260,0.16
177262,0.16
177270,0.08
177275,0.08
177284,0.05
177285,0.25
177314,0.18
177319,0.29
177325,0.11
177327,0.22
177339,0.15
177344,0.16
177378,0.14
177384,0.24
177385,0.15
177386,0.02
177387,0.11
177405,0.16
177423,0.17
177424,0.14
177425,0.07
177430,0.23
177435,0.1
177447,0.08
177448,0.17
177449,0.06
177451,0.2
177460,0.21
177479,0.11
177489,0.04
177504,0.04
177505,0.15
177511,0.15
177524,0.18
177526,0.12
177535,0.12
177558,0.1
177562,0.06
177569,0.12
177579,0.05
177580,0.18
177583,0.1
177584,0.12
177585,0.18
177605,0.13
177606,0.08
177618,0.13
177639,0.27
177649,0.16
177656,0.14
177657,0.1
177661,0.19
177665,0.2
177669,0.24
177680,0.2
177688,0.25
177689,0.04
177694,0.04
177696,0.22
177700,0.13
177705,0.2
177710,0.18
177720,0.05
177728,0.11
177729,0.22
177731,0.07
177733,0.18
177749,0.12
177751,0.06
177767,0.15
177776,0.12
177780,0.23
177783,0.04
177785,0.28
177791,0.03
177797,0.2
177798,0.1
177799,0.19
177802,0.08
177803,0.16
177805,0.08
177820,0.02
177824,0.12
177825,0.11
177829,0.05
177839,0.29
177861,0.22
177865,0.16
177867,0.09
177875,0.16
177876,0.34
177878,0.15
177883,0.07
177886,0.16
177891,0.14
177892,0.1
177902,0.08
177904,0.19
177931,0.16
177939,0.06
177944,0.18
177946,0.09
177959,0.13
177977,0.13
177992,0.15
177993,0.28
178005,0.16
178008,0.11
178009,0.11
178012,0.28
178015,0.07
178018,0.15
178037,0.22
178050,0.09
178058,0.18
178060,0.02
178064,0.28
178074,0.11
178077,0.23
178094,0.11
178095,0.24
178096,0.13
178107,0.09
178117,0.14
178146,0.1
178154,0.14
178160,0.16
178164,0.02
178172,0.1
178174,0.25
178182,0.23
178184,0.2
178196,0.06
178223,0.21
178225,0.14
178226,0.2
178240,0.14
178242,0.1
178250,0.2
178268,0.13
178282,0.13
178285,0.25
178288,0.16
178290,0.29
178295,0.07
178312,0.08
178317,0.06
178342,0.27
178343,0.1
178344,0.14
178346,0.05
178353,0.25
178356,0.44
178358,0.11
178359,0.18
178362,0.25
178380,0.03
178387,0.1
178391,0.16
178395,0.28
178408,0.13
178415,0.06
178421,0.12
178424,0.29
178428,0.16
178432,0.16
178433,0.1
178436,0.18
178442,0.13
178453,0.02
178459,0.09
178467,0.22
178472,0.17
178491,0.19
178499,0.14
178504,0.14
178506,0.15
178509,0.22
178517,0.04
178525,0.16
178530,0.15
178531,0.13
178537,0.03
178553,0.12
178557,0.11
178565,0.15
178566,0.08
178579,0.08
178586,0.11
178589,0.09
178592,0.18
178610,0.05
178620,0.11
178621,0.07
178622,0.18
178643,0.13
178665,0.07
178671,0.12
178675,0.01
178692,0.22
178722,0.08
178723,0.06
178726,0.19
178731,0.22
178737,0.12
178739,0.06
178745,0.07
178766,0.11
178771,0.21
178775,0.14
178785,0.2
178789,0.12
178790,0.14
178792,0.11
178804,0.0
178817,0.1
178821,0.14
178825,0.11
178830,0.14
178831,0.18
178832,0.07
178847,0.16
178853,0.1
178856,0.13
178867,0.1
178868,0.16
178881,0.06
178887,0.02
178888,0.32
178908,0.15
178909,0.05
178942,0.2
178943,0.22
178946,0.05
178947,0.33
178950,0.11
178958,0.09
178976,0.13
178986,0.12
178989,0.03
178995,0.22
178996,0.06
179006,0.23
179025,0.06
179034,0.06
179038,0.29
179043,0.04
179050,0.05
179051,0.14
179076,0.28
179077,0.1
179091,0.17
179092,0.01
179111,0.08
179128,0.16
179132,0.06
179137,0.14
179138,0.1
179146,0.25
179148,0.1
179149,0.14
179150,0.02
179155,0.03
179164,0.12
179177,0.1
179178,0.18
179182,0.16
179184,0.03
179186,0.16
179191,0.21
179194,0.16
179201,0.19
179210,0.07
179211,0.11
179212,0.23
179216,0.22
179229,0.13
179235,0.19
179236,0.18
179241,0.08
179244,0.22
179249,0.06
179256,0.25
179260,0.13
179262,0.12
179264,0.1
179268,0.13
179272,0.12
179280,0.09
179287,0.14
179288,0.06
179290,0.07
179295,0.03
179298,0.1
179306,0.14
179307,0.07
179310,0.29
179314,0.03
179317,0.18
179319,0.17
179327,0.03
179336,0.06
179342,0.13
179344,0.43
179347,0.07
179357,0.11
179368,0.16
179413,0.05
179425,0.17
179435,0.05
179447,0.07
179449,0.09
179458,0.05
179460,0.12
179475,0.22
179486,0.1
179493,0.19
179499,0.11
179501,0.04
179508,0.11
179511,0.19
179513,0.14
179519,0.12
179537,0.1
179550,0.2
179559,0.11
179560,0.05
179578,0.13
179583,0.16
179590,0.03
179597,0.08
179599,0.14
179602,0.21
179609,0.11
179621,0.09
179624,0.12
179625,0.18
179630,0.07
179640,0.13
179641,0.05
179644,0.02
179649,0.17
179650,0.25
179652,0.09
179653,0.23
179660,0.19
179662,0.16
179673,0.14
179678,0.05
179679,0.16
179686,0.03
179721,0.01
179733,0.08
179736,0.19
179737,0.08
179748,0.17
179750,0.24
179751,0.1
179752,0.12
179753,0.21
179765,0.02
179768,0.12
179798,0.07
179827,0.09
179837,0.07
179838,0.15
179851,0.1
179868,0.27
179875,0.19
179876,0.23
179882,0.13
179883,0.09
179894,0.13
179905,0.17
179907,0.21
179919,0.02
179926,0.16
179936,0.11
179941,0.09
179945,0.21
179951,0.16
179960,0.16
179967,0.05
179980,0.15
179985,0.37
179997,0.04
180001,0.15
180007,0.06
180011,0.13
180017,0.14
180027,0.16
180033,0.15
180036,0.27
180037,0.15
180041,0.18
180042,0.22
180050,0.25
180059,0.09
180066,0.08
180067,0.14
180085,0.1
180092,0.01
180099,0.1
180101,0.23
180115,0.23
180122,0.26
180126,0.08
180127,0.11
180140,0.13
180141,0.22
180158,0.16
180163,0.25
180178,0.13
180189,0.15
180198,0.13
180201,0.31
180202,0.23
180209,0.19
180239,0.29
180244,0.12
180270,0.12
180271,0.05
180286,0.11
180287,0.05
180291,0.12
180293,0.15
180296,0.17
180297,0.11
180305,0.09
180318,0.09
180319,0.13
180322,0.09
180323,0.06
180331,0.14
180365,0.04
180368,0.22
180369,0.11
180382,0.14
180387,0.17
180388,0.31
180389,0.14
180398,0.1
180399,0.17
180402,0.12
180406,0.05
180407,0.06
180408,0.04
180413,0.13
180416,0.03
180420,0.12
180429,0.32
180430,0.4
180431,0.03
180438,0.05
180441,0.02
180448,0.15
180453,0.0
180478,0.33
180480,0.14
180510,0.06
180524,0.2
180534,0.08
180537,0.42
180545,0.08
180550,0.18
180559,0.07
180583,0.13
180587,0.08
180594,0.24
180597,0.13
180598,0.21
180599,0.18
180601,0.29
180624,0.36
180625,0.32
180634,0.08
180647,0.03
180652,0.1
180656,0.16
180664,0.06
180666,0.18
180674,0.16
180679,0.07
180685,0.23
180692,0.16
180698,0.13
180699,0.11
180700,0.08
180702,0.15
180710,0.11
180736,0.03
180739,0.16
180741,0.18
180743,0.27
180747,0.1
180754,0.18
180755,0.04
180756,0.03
180768,0.06
180773,0.05
180775,0.18
180784,0.16
180787,0.04
180795,0.09
180796,0.16
180799,0.04
180811,0.19
180813,0.12
180827,0.13
180828,0.02
180833,0.23
180834,0.31
180847,0.1
180852,0.17
180853,0.05
180854,0.19
180855,0.15
180856,0.14
180858,0.11
180859,0.27
180867,0.12
180868,0.17
180872,0.04
180873,0.15
180874,0.2
180875,0.14
180878,0.13
180888,0.11
180889,0.08
180891,0.08
180902,0.21
180907,0.2
180913,0.09
180916,0.1
180954,0.1
180962,0.12
180963,0.12
180967,0.19
180971,0.23
180975,0.1
180985,0.23
180991,0.11
181009,0.13
181012,0.09
181015,0.19
181034,0.14
181064,0.15
181071,0.16
181083,0.24
181084,0.06
181085,0.2
181088,0.13
181098,0.23
181110,0.22
181111,0.12
181112,0.12
181114,0.23
181117,0.23
181157,0.06
181160,0.17
181161,0.11
181165,0.13
181179,0.26
181186,0.16
181196,0.14
181197,0.32
181204,0.17
181213,0.08
181214,0.29
181221,0.14
181224,0.1
181226,0.08
181236,0.15
181256,0.23
181257,0.06
181279,0.09
181282,0.1
181285,0.17
181288,0.03
181289,0.2
181290,0.08
181298,0.1
181299,0.16
181307,0.11
181312,0.18
181318,0.17
181322,0.11
181338,0.13
181340,0.15
181342,0.08
181344,0.17
181350,0.09
181373,0.13
181374,0.16
181375,0.04
181379,0.24
181381,0.07
181385,0.3
181388,0.04
181392,0.1
181393,0.08
181425,0.07
181465,0.09
181481,0.2
181484,0.14
181494,0.11
181501,0.12
181507,0.15
181521,0.14
181524,0.04
181538,0.3
181540,0.1
181547,0.21
181551,0.02
181555,0.15
181561,0.14
181564,0.12
181567,0.25
181599,0.1
181602,0.31
181612,0.12
181613,0.17
181615,0.22
181621,0.05
181622,0.21
181629,0.16
181630,0.04
181633,0.14
181635,0.16
181641,0.09
181643,0.29
181644,0.24
181649,0.12
181659,0.1
181660,0.15
181665,0.24
181666,0.23
181672,0.14
181682,0.18
181693,0.23
181697,0.19
181703,0.13
181704,0.15
181720,0.08
181722,0.05
181732,0.18
181733,0.11
181736,0.02
181737,0.12
181747,0.11
181758,0.28
181764,0.07
181770,0.23
181774,0.26
181783,0.22
181788,0.07
181789,0.08
181804,0.15
181809,0.02
181821,0.29
181836,0.01
181863,0.12
181867,0.17
181868,0.19
181871,0.06
181904,0.26
181931,0.1
181932,0.07
181941,0.07
181944,0.17
181958,0.25
181971,0.06
181986,0.11
182002,0.05
182007,0.06
182012,0.05
182022,0.17
182031,0.15
182050,0.04
182053,0.18
182071,0.16
182072,0.11
182073,0.17
182102,0.17
182106,0.1
182116,0.13
182117,0.19
182118,0.2
182124,0.18
182125,0.07
182145,0.18
182150,0.21
182154,0.17
182167,0.09
182179,0.22
182181,0.12
182183,0.14
182218,0.1
182225,0.04
182226,0.1
182266,0.26
182272,0.12
182275,0.2
182295,0.27
182305,0.1
182312,0.13
182313,0.14
182327,0.14
182337,0.12
182340,0.09
182341,0.11
182342,0.15
182345,0.14
182353,0.05
182355,0.09
182371,0.07
182376,0.1
182381,0.09
182382,0.04
182384,0.07
182387,0.12
182412,0.08
182419,0.09
182432,0.1
182438,0.13
182448,0.35
182450,0.23
182465,0.12
182468,0.16
182474,0.05
182483,0.03
182484,0.19
182485,0.05
182486,0.12
182489,0.17
182500,0.2
182501,0.17
182504,0.35
182514,0.12
182524,0.16
182525,0.14
182533,0.09
182536,0.11
182539,0.09
182550,0.09
182553,0.15
182568,0.05
182571,0.12
182573,0.04
182580,0.08
182615,0.16
182618,0.09
182624,0.02
182644,0.1
182686,0.27
182687,0.06
182695,0.3
182718,0.07
182726,0.16
182735,0.08
182742,0.16
182747,0.1
182748,0.07
182752,0.13
182761,0.12
182800,0.09
182802,0.16
182807,0.24
182816,0.16
182818,0.17
182826,0.18
182836,0.03
182840,0.23
182841,0.32
182846,0.07
182862,0.19
182864,0.1
182871,0.19
182878,0.15
182880,0.13
182885,0.07
182893,0.12
182894,0.32
182895,0.17
182901,0.25
182907,0.2
182921,0.12
182952,0.13
182964,0.23
182966,0.33
182980,0.19
182985,0.25
182989,0.15
182994,0.11
183035,0.35
183037,0.2
183042,0.15
183049,0.08
183050,0.17
183051,0.1
183062,0.07
183063,0.09
183064,0.26
183076,0.14
183078,0.28
183086,0.05
183089,0.12
183091,0.15
183097,0.19
183104,0.06
183118,0.26
183119,0.18
183134,0.1
183142,0.13
183157,0.2
183162,0.05
183180,0.17
183193,0.21
183213,0.07
183216,0.21
183223,0.14
183226,0.18
183264,0.14
183273,0.07
183278,0.08
183282,0.13
183283,0.12
183286,0.23
183288,0.15
183299,0.08
183310,0.09
183315,0.25
183332,0.03
183336,0.14
183341,0.17
183342,0.07
183345,0.17
183347,0.07
183360,0.1
183362,0.13
183370,0.05
183379,0.08
183386,0.15
183410,0.15
183417,0.11
183419,0.21
183421,0.13
183425,0.27
183427,0.17
183433,0.22
183434,0.24
183438,0.11
183439,0.11
183440,0.23
183450,0.1
183451,0.27
183453,0.07
183454,0.06
183455,0.26
183457,0.02
183463,0.23
183475,0.05
183478,0.2
183480,0.22
183490,0.08
183494,0.08
183503,0.08
183512,0.13
183517,0.17
183530,0.22
183532,0.12
183533,0.15
183536,0.06
183545,0.11
183549,0.12
183550,0.15
183551,0.14
183555,0.2
183560,0.15
183585,0.04
183591,0.1
183592,0.05
183603,0.26
183610,0.15
183628,0.19
183644,0.1
183646,0.22
183649,0.06
183656,0.2
183658,0.37
183688,0.11
183690,0.1
183691,0.19
183697,0.16
183709,0.15
183711,0.18
183714,0.35
183725,0.14
183736,0.11
183742,0.04
183772,0.12
183776,0.13
183787,0.03
183792,0.35
183793,0.29
183799,0.26
183816,0.15
183818,0.27
183832,0.21
183836,0.07
183839,0.09
183840,0.05
183855,0.12
183857,0.22
183863,0.16
183866,0.14
183876,0.2
183878,0.2
183897,0.03
183902,0.03
183915,0.06
183925,0.26
183936,0.09
183939,0.15
183951,0.06
183956,0.05
183957,0.04
183974,0.04
183982,0.1
183994,0.18
184008,0.07
184013,0.15
184016,0.11
184019,0.2
184024,0.08
184025,0.03
184038,0.03
184045,0.11
184056,0.11
184060,0.09
184071,0.05
184073,0.19
184074,0.06
184077,0.14
184105,0.17
184106,0.14
184133,0.23
184154,0.28
184163,0.07
184165,0.18
184193,0.11
184194,0.2
184195,0.13
184202,0.13
184226,0.29
184230,0.02
184231,0.19
184234,0.18
184238,0.05
184248,0.03
184257,0.06
184268,0.07
184282,0.1
184291,0.14
184294,0.01
184295,0.47
184304,0.02
184309,0.1
184318,0.23
184325,0.05
184329,0.11
184330,0.09
184333,0.27
184337,0.04
184338,0.2
184340,0.17
184341,0.05
184347,0.06
184354,0.09
184355,0.11
184372,0.19
184384,0.11
184385,0.03
184386,0.12
184389,0.19
184401,0.03
184405,0.2
184431,0.19
184450,0.05
184453,0.31
184470,0.06
184471,0.04
184486,0.15
184488,0.05
184489,0.11
184497,0.12
184508,0.04
184509,0.09
184516,0.17
184525,0.13
184526,0.13
184531,0.08
184557,0.07
184576,0.02
184589,0.06
184605,0.03
184613,0.21
184630,0.02
184635,0.14
184636,0.15
184643,0.08
184645,0.15
184653,0.1
184655,0.09
184656,0.17
184660,0.25
184716,0.17
184736,0.16
184758,0.23
184767,0.23
184770,0.12
184773,0.11
184776,0.25
184792,0.13
184812,0.09
184820,0.14
184829,0.11
184831,0.18
184832,0.14
184834,0.16
184847,0.19
184848,0.06
184858,0.11
184866,0.15
184869,0.14
184870,0.07
184873,0.04
184874,0.13
184876,0.08
184879,0.16
184880,0.08
184885,0.1
184896,0.13
184916,0.19
184918,0.22
184919,0.16
184921,0.1
184936,0.04
184944,0.27
184956,0.1
184963,0.16
184964,0.08
184965,0.13
184972,0.17
184977,0.09
184982,0.22
184988,0.26
184992,0.18
184994,0.07
184998,0.27
185017,0.06
185024,0.09
185032,0.13
185037,0.07
185040,0.07
185043,0.1
185048,0.16
185059,0.04
185076,0.16
185083,0.02
185090,0.13
185099,0.02
185101,0.11
185106,0.17
185121,0.15
185125,0.25
185126,0.25
185127,0.2
185153,0.11
185167,0.11
185171,0.15
185178,0.11
185180,0.11
185181,0.06
185183,0.22
185186,0.2
185187,0.21
185188,0.17
185189,0.08
185194,0.09
185207,0.23
185209,0.09
185210,0.12
185212,0.02
185220,0.1
185221,0.18
185230,0.17
185231,0.29
185245,0.08
185249,0.15
185262,0.09
185285,0.26
185286,0.13
185288,0.07
185296,0.08
185298,0.34
185299,0.02
185308,0.1
185311,0.22
185313,0.09
185314,0.16
185332,0.19
185337,0.1
185338,0.12
185339,0.12
185341,0.09
185342,0.1
185344,0.13
185349,0.16
185362,0.18
185363,0.15
185394,0.04
185410,0.17
185418,0.08
185423,0.04
185428,0.15
185442,0.16
185447,0.19
185450,0.11
185454,0.08
185475,0.21
185481,0.32
185483,0.01
185485,0.14
185496,0.18
185504,0.11
185505,0.12
185512,0.12
185515,0.15
185534,0.09
185536,0.14
185538,0.04
185552,0.07
185569,0.09
185576,0.06
185578,0.15
185581,0.2
185584,0.17
185585,0.07
185586,0.29
185592,0.18
185604,0.09
185606,0.02
185607,0.14
185618,0.22
185622,0.15
185628,0.29
185629,0.09
185634,0.15
185637,0.18
185638,0.01
185640,0.18
185641,0.02
185645,0.15
185646,0.1
185647,0.08
185662,0.12
185669,0.09
185675,0.15
185687,0.17
185688,0.09
185689,0.09
185690,0.14
185697,0.18
185710,0.17
185733,0.07
185740,0.19
185806,0.18
185812,0.22
185824,0.06
185825,0.21
185826,0.13
185827,0.22
185828,0.04
185837,0.08
185859,0.1
185861,0.08
185872,0.13
185874,0.1
185891,0.19
185893,0.1
185897,0.12
185900,0.05
185910,0.21
185919,0.07
185932,0.12
185937,0.02
185939,0.07
185965,0.13
185968,0.09
185971,0.06
185978,0.21
185980,0.12
185981,0.04
185982,0.16
185991,0.17
185997,0.03
185998,0.17
186014,0.16
186021,0.08
186025,0.15
186034,0.13
186054,0.15
186061,0.16
186065,0.11
186066,0.14
186070,0.21
186080,0.05
186085,0.05
186094,0.18
186110,0.15
186113,0.16
186116,0.17
186127,0.07
186129,0.2
186135,0.12
186139,0.3
186151,0.05
186153,0.1
186156,0.11
186158,0.09
186159,0.02
186166,0.15
186168,0.09
186169,0.17
186170,0.11
186179,0.1
186188,0.08
186210,0.05
186227,0.1
186229,0.16
186230,0.19
186249,0.1
186254,0.26
186264,0.03
186265,0.19
186273,0.05
186276,0.05
186289,0.05
186296,0.16
186308,0.03
186309,0.07
186310,0.03
186316,0.13
186321,0.03
186333,0.08
186346,0.01
186391,0.16
186398,0.17
186407,0.24
186411,0.16
186415,0.19
186426,0.25
186444,0.06
186448,0.24
186453,0.21
186456,0.11
186460,0.13
186461,0.2
186473,0.14
186489,0.24
186490,0.13
186491,0.04
186492,0.13
186493,0.09
186503,0.1
186505,0.11
186506,0.04
186508,0.12
186524,0.24
186526,0.13
186536,0.04
186539,0.11
186543,0.09
186558,0.28
186568,0.18
186573,0.15
186587,0.17
186599,0.12
186609,0.19
186610,0.07
186612,0.1
186632,0.25
186634,0.11
186649,0.14
186652,0.08
186660,0.18
186668,0.17
186674,0.19
186675,0.09
186679,0.13
186682,0.1
186683,0.09
186695,0.36
186696,0.11
186704,0.08
186709,0.24
186714,0.13
186723,0.08
186726,0.4
186728,0.25
186729,0.01
186731,0.11
186737,0.15
186742,0.04
186743,0.12
186745,0.22
186747,0.03
186750,0.1
186769,0.15
186771,0.18
186787,0.13
186796,0.27
186802,0.14
186811,0.02
186812,0.18
186815,0.1
186840,0.1
186842,0.18
186853,0.19
186859,0.14
186878,0.1
186885,0.16
186890,0.07
186906,0.24
186916,0.03
186927,0.08
186928,0.18
186931,0.22
186934,0.14
186938,0.24
186943,0.19
186944,0.14
186945,0.09
186947,0.1
186952,0.21
186953,0.16
186960,0.12
186962,0.07
186991,0.16
187001,0.35
187017,0.01
187019,0.22
187024,0.06
187035,0.02
187037,0.09
187056,0.07
187057,0.11
187058,0.31
187065,0.08
187066,0.22
187069,0.05
187070,0.08
187074,0.11
187085,0.07
187087,0.09
187100,0.11
187117,0.13
187158,0.16
187159,0.13
187162,0.09
187164,0.13
187167,0.07
187168,0.18
187171,0.11
187184,0.25
187194,0.22
187208,0.17
187211,0.07
187220,0.15
187224,0.21
187242,0.1
187259,0.16
187260,0.08
187267,0.19
187280,0.3
187287,0.13
187291,0.03
187296,0.11
187301,0.05
187315,0.17
187319,0.07
187326,0.2
187328,0.13
187329,0.14
187330,0.08
187335,0.1
187339,0.2
187340,0.16
187353,0.12
187356,0.05
187367,0.17
187383,0.1
187388,0.14
187401,0.14
187415,0.07
187422,0.1
187439,0.16
187440,0.26
187442,0.33
187447,0.14
187448,0.1
187451,0.14
187468,0.03
187475,0.16
187477,0.14
187480,0.07
187498,0.14
187499,0.14
187516,0.11
187524,0.08
187534,0.11
187552,0.1
187577,0.17
187584,0.09
187585,0.09
187603,0.18
187608,0.06
187625,0.03
187637,0.09
187639,0.25
187641,0.06
187652,0.06
187684,0.09
187689,0.14
187698,0.28
187708,0.11
187716,0.1
187717,0.08
187719,0.04
187720,0.17
187743,0.18
187749,0.2
187762,0.19
187763,0.08
187772,0.07
187786,0.06
187787,0.16
187809,0.14
187826,0.21
187828,0.01
187829,0.09
187833,0.13
187847,0.07
187852,0.03
187862,0.11
187867,0.1
187868,0.18
187870,0.17
187871,0.09
187879,0.24
187894,0.07
187895,0.13
187899,0.07
187903,0.17
187915,0.04
187919,0.22
187941,0.12
187942,0.06
187944,0.21
187947,0.13
187949,0.27
187950,0.07
187952,0.09
187964,0.21
187967,0.15
187977,0.08
187983,0.18
187987,0.16
187988,0.03
187990,0.14
187991,0.19
187998,0.19
188014,0.13
188017,0.03
188021,0.25
188032,0.15
188039,0.03
188040,0.09
188044,0.2
188045,0.08
188054,0.03
188069,0.11
188070,0.12
188081,0.23
188092,0.17
188106,0.16
188108,0.1
188117,0.02
188120,0.07
188130,0.06
188133,0.12
188136,0.09
188151,0.08
188153,0.09
188158,0.03
188171,0.06
188175,0.07
188192,0.13
188194,0.12
188198,0.15
188199,0.15
188228,0.19
188232,0.16
188233,0.12
188234,0.1
188245,0.13
188248,0.08
188254,0.11
188261,0.04
188262,0.25
188267,0.04
188276,0.09
188281,0.38
188282,0.18
188295,0.13
188309,0.04
188313,0.22
188324,0.01
188327,0.15
188328,0.16
188329,0.14
188336,0.19
188337,0.19
188350,0.09
188389,0.18
188399,0.06
188413,0.11
188415,0.15
188421,0.08
188438,0.25
188449,0.34
188466,0.08
188470,0.16
188486,0.08
188492,0.06
188507,0.09
188511,0.0
188521,0.17
188540,0.14
188542,0.14
188551,0.31
188557,0.07
188558,0.16
188561,0.07
188563,0.21
188565,0.13
188577,0.2
188586,0.15
188591,0.06
188594,0.12
188614,0.14
188622,0.02
188626,0.03
188632,0.28
188635,0.11
188639,0.05
188645,0.23
188646,0.13
188647,0.07
188653,0.11
188659,0.11
188677,0.26
188694,0.1
188695,0.07
188696,0.12
188707,0.11
188714,0.1
188715,0.13
188722,0.23
188724,0.15
188729,0.06
188734,0.08
188739,0.31
188746,0.22
188747,0.04
188768,0.07
188770,0.05
188772,0.11
188787,0.16
188792,0.09
188793,0.06
188808,0.08
188828,0.1
188848,0.02
188851,0.08
188856,0.21
188862,0.16
188875,0.35
188876,0.35
188878,0.13
188880,0.05
188890,0.1
188900,0.12
188914,0.07
188928,0.24
188936,0.12
188946,0.23
188947,0.08
188948,0.12
188949,0.09
188950,0.21
188980,0.09
188982,0.21
188988,0.19
188990,0.17
188992,0.09
188993,0.08
188994,0.08
188997,0.13
188998,0.27
189009,0.12
189018,0.08
189022,0.1
189034,0.16
189045,0.13
189059,0.08
189062,0.22
189075,0.21
189086,0.08
189087,0.19
189107,0.08
189113,0.1
189144,0.06
189148,0.04
189199,0.15
189201,0.17
189202,0.08
189207,0.23
189213,0.21
189214,0.08
189224,0.04
189230,0.08
189251,0.09
189252,0.1
189255,0.11
189256,0.04
189257,0.06
189260,0.09
189261,0.14
189262,0.12
189263,0.12
189272,0.19
189282,0.07
189284,0.27
189294,0.04
189304,0.15
189314,0.22
189317,0.36
189333,0.11
189337,0.22
189347,0.19
189355,0.17
189357,0.11
189366,0.19
189374,0.16
189379,0.14
189388,0.13
189397,0.1
189418,0.19
189453,0.12
189458,0.05
189460,0.1
189481,0.01
189482,0.06
189483,0.14
189490,0.11
189491,0.03
189492,0.08
189511,0.14
189512,0.03
189518,0.13
189519,0.16
189531,0.04
189541,0.3
189550,0.1
189551,0.2
189559,0.16
189564,0.14
189573,0.19
189585,0.12
189587,0.19
189605,0.13
189612,0.09
189633,0.12
189640,0.11
189641,0.19
189643,0.02
189650,0.22
189652,0.09
189656,0.09
189661,0.15
189663,0.1
189684,0.11
189688,0.04
189711,0.21
189729,0.16
189747,0.25
189761,0.2
189773,0.1
189774,0.02
189779,0.19
189780,0.19
189796,0.13
189799,0.19
189800,0.1
189807,0.13
189808,0.1
189826,0.22
189836,0.07
189843,0.1
189845,0.21
189852,0.32
189853,0.13
189855,0.05
189866,0.12
189886,0.08
189888,0.05
189902,0.17
189907,0.2
189910,0.06
189922,0.05
189924,0.14
189933,0.1
189935,0.2
189939,0.07
189951,0.36
189965,0.11
189966,0.21
189977,0.15
189989,0.12
189990,0.13
190002,0.15
190006,0.38
190008,0.06
190009,0.14
190021,0.24
190058,0.11
190061,0.19
190069,0.1
190072,0.09
190078,0.11
190109,0.14
190112,0.33
190117,0.16
190132,0.03
190133,0.21
190153,0.11
190164,0.08
190167,0.01
190169,0.27
190179,0.29
190184,0.08
190188,0.05
190199,0.01
190200,0.14
190201,0.07
190227,0.12
190229,0.1
190245,0.07
190272,0.16
190274,0.16
190281,0.16
190282,0.19
190290,0.13
190299,0.19
190301,0.19
190304,0.09
190306,0.17
190311,0.16
190341,0.04
190354,0.09
190364,0.03
190368,0.16
190375,0.17
190383,0.2
190384,0.14
190387,0.13
190388,0.19
190392,0.18
190394,0.26
190405,0.23
190406,0.21
190412,0.04
190413,0.23
190431,0.13
190452,0.08
190454,0.08
190461,0.18
190475,0.14
190489,0.22
190507,0.12
190513,0.09
190515,0.24
190516,0.16
190522,0.08
190523,0.21
190526,0.21
190533,0.05
190537,0.15
190542,0.18
190545,0.1
190548,0.14
190555,0.23
190561,0.06
190562,0.15
190566,0.05
190581,0.08
190590,0.12
190591,0.23
190593,0.14
190612,0.06
190617,0.17
190618,0.03
190619,0.17
190643,0.2
190647,0.16
190663,0.06
190664,0.07
190678,0.13
190691,0.15
190697,0.13
190698,0.12
190701,0.33
190702,0.3
190713,0.11
190739,0.13
190744,0.18
190756,0.16
190767,0.15
190777,0.17
190808,0.11
190825,0.09
190830,0.24
190844,0.2
190855,0.18
190860,0.14
190861,0.17
190865,0.04
190884,0.17
190886,0.19
190887,0.09
190893,0.2
190899,0.2
190900,0.23
190901,0.16
190903,0.05
190909,0.12
190911,0.16
190916,0.1
190922,0.05
190926,0.09
190927,0.05
190929,0.12
190931,0.16
190948,0.11
190954,0.04
190957,0.14
190965,0.02
190978,0.2
190986,0.11
190990,0.08
190993,0.15
190998,0.12
190999,0.16
191028,0.14
191033,0.09
191042,0.19
191076,0.05
191114,0.11
191137,0.29
191138,0.11
191140,0.18
191141,0.19
191143,0.11
191145,0.03
191161,0.16
191167,0.08
191192,0.11
191199,0.04
191200,0.07
191205,0.07
191206,0.08
191214,0.09
191217,0.06
191222,0.13
191224,0.09
191232,0.22
191238,0.16
191243,0.12
191247,0.05
191250,0.04
191266,0.04
191278,0.14
191279,0.1
191282,0.16
191287,0.2
191290,0.09
191291,0.12
191296,0.17
191301,0.15
191304,0.07
191305,0.13
191306,0.21
191324,0.16
191359,0.07
191360,0.08
191362,0.05
191371,0.13
191379,0.14
191394,0.17
191413,0.27
191430,0.07
191435,0.15
191449,0.13
191452,0.11
191464,0.15
191465,0.07
191466,0.14
191469,0.17
191490,0.19
191494,0.16
191498,0.33
191506,0.24
191508,0.13
191509,0.03
191515,0.18
191524,0.06
191548,0.12
191562,0.05
191568,0.2
191596,0.23
191609,0.04
191619,0.01
191624,0.16
191628,0.02
191630,0.15
191648,0.26
191649,0.12
191654,0.09
191655,0.04
191659,0.07
191674,0.15
191675,0.04
191680,0.15
191681,0.03
191684,0.24
191686,0.03
191721,0.15
191722,0.11
191726,0.19
191727,0.0
191732,0.07
191735,0.08
191738,0.26
191745,0.18
191746,0.13
191751,0.2
191761,0.2
191772,0.09
191785,0.17
191794,0.0
191799,0.02
191806,0.26
191807,0.08
191809,0.28
191824,0.18
191826,0.1
191834,0.08
191837,0.14
191841,0.13
191845,0.03
191847,0.29
191850,0.14
191869,0.06
191873,0.11
191876,0.18
191878,0.23
191880,0.06
191881,0.16
191883,0.03
191898,0.04
191907,0.07
191910,0.02
191918,0.1
191920,0.2
191923,0.07
191942,0.08
191943,0.19
191951,0.21
191952,0.05
191958,0.12
191963,0.2
191971,0.32
191992,0.14
192000,0.18
192001,0.15
192008,0.13
192018,0.03
192029,0.07
192030,0.02
192031,0.19
192043,0.17
192045,0.05
192052,0.19
192056,0.11
192071,0.12
192082,0.21
192088,0.06
192103,0.13
192105,0.12
192119,0.04
192144,0.06
192151,0.15
192158,0.22
192163,0.16
192172,0.2
192176,0.11
192177,0.11
192212,0.16
192221,0.22
192223,0.24
192224,0.18
192238,0.09
192239,0.13
192252,0.26
192259,0.08
192268,0.08
192274,0.17
192276,0.2
192277,0.11
192289,0.09
192296,0.17
192308,0.14
192309,0.1
192315,0.12
192322,0.21
192324,0.21
192343,0.01
192345,0.12
192367,0.13
192375,0.14
192382,0.26
192389,0.1
192390,0.14
192391,0.27
192423,0.11
192427,0.2
192431,0.21
192433,0.06
192451,0.03
192453,0.24
192455,0.1
192468,0.06
192469,0.07
192474,0.11
192481,0.12
192482,0.1
192483,0.15
192486,0.13
192490,0.2
192491,0.14
192494,0.1
192507,0.22
192508,0.12
192509,0.17
192525,0.18
192526,0.08
192528,0.11
192535,0.04
192545,0.24
192548,0.12
192572,0.36
192594,0.08
192607,0.06
192625,0.13
192626,0.16
192631,0.11
192632,0.14
192636,0.13
192637,0.12
192655,0.05
192657,0.03
192674,0.16
192675,0.11
192680,0.23
192682,0.25
192686,0.13
192698,0.22
192703,0.04
192705,0.12
192717,0.1
192720,0.18
192721,0.22
192722,0.09
192728,0.04
192734,0.07
192739,0.23
192740,0.19
192752,0.0
192761,0.14
192770,0.05
192780,0.08
192782,0.19
192783,0.11
192789,0.29
192796,0.07
192800,0.11
192802,0.21
192811,0.18
192812,0.1
192815,0.16
192838,0.24
192861,0.13
192868,0.06
192872,0.13
192876,0.04
192877,0.19
192897,0.2
192898,0.14
192903,0.22
192904,0.26
192905,0.14
192911,0.36
192920,0.13
192921,0.12
192922,0.15
192942,0.12
192946,0.28
192963,0.15
192978,0.11
192979,0.23
192981,0.18
192991,0.16
192995,0.06
192998,0.23
193019,0.21
193027,0.07
193028,0.12
193032,0.05
193036,0.21
193044,0.16
193046,0.12
193049,0.11
193050,0.08
193054,0.12
193057,0.05
193060,0.25
193075,0.17
193088,0.13
193091,0.21
193112,0.06
193122,0.08
193123,0.08
193128,0.13
193133,0.05
193143,0.07
193150,0.13
193151,0.1
193160,0.28
193180,0.21
193198,0.03
193204,0.17
193207,0.11
193210,0.27
193225,0.19
193232,0.18
193248,0.19
193249,0.26
193262,0.01
193270,0.11
193273,0.04
193275,0.05
193286,0.15
193289,0.19
193290,0.05
193311,0.27
193321,0.06
193322,0.15
193340,0.14
193349,0.15
193368,0.19
193369,0.14
193375,0.09
193385,0.14
193389,0.11
193394,0.08
193396,0.13
193398,0.14
193402,0.21
193409,0.04
193421,0.12
193426,0.04
193430,0.18
193436,0.17
193437,0.1
193440,0.03
193441,0.17
193449,0.11
193462,0.04
193464,0.07
193468,0.02
193474,0.04
193475,0.04
193479,0.17
193484,0.23
193488,0.1
193496,0.1
193507,0.23
193510,0.16
193512,0.02
193514,0.06
193515,0.14
193516,0.15
193520,0.09
193522,0.17
193541,0.01
193545,0.03
193549,0.14
193554,0.1
193558,0.18
193568,0.05
193569,0.37
193579,0.08
193587,0.06
193589,0.21
193613,0.13
193642,0.11
193643,0.12
193647,0.11
193648,0.18
193663,0.1
193664,0.18
193665,0.05
193672,0.18
193675,0.22
193686,0.27
193692,0.16
193706,0.08
193725,0.02
193726,0.17
193727,0.04
193733,0.06
193738,0.18
193739,0.06
193745,0.18
193759,0.05
193767,0.07
193774,0.22
193776,0.13
193777,0.43
193787,0.23
193789,0.08
193793,0.13
193805,0.04
193808,0.18
193816,0.02
193817,0.21
193821,0.1
193831,0.22
193832,0.03
193874,0.17
193879,0.06
193882,0.06
193910,0.12
193915,0.16
193916,0.16
193921,0.25
193924,0.18
193926,0.09
193927,0.23
193949,0.12
193954,0.11
193966,0.15
193970,0.15
193971,0.12
193975,0.03
193980,0.03
193982,0.25
193983,0.03
193987,0.08
193997,0.14
194000,0.15
194013,0.14
194014,0.31
194026,0.19
194039,0.17
194042,0.15
194054,0.1
194057,0.23
194058,0.12
194068,0.09
194071,0.24
194073,0.05
194075,0.05
194093,0.07
194098,0.18
194105,0.02
194106,0.28
194110,0.16
194128,0.08
194137,0.18
194149,0.04
194150,0.18
194155,0.06
194157,0.15
194158,0.05
194164,0.1
194165,0.16
194166,0.13
194170,0.23
194171,0.03
194177,0.05
194187,0.12
194188,0.1
194213,0.05
194229,0.28
194230,0.06
194241,0.1
194243,0.07
194244,0.12
194276,0.18
194279,0.04
194280,0.11
194281,0.2
194291,0.01
194293,0.3
194306,0.1
194307,0.13
194308,0.03
194310,0.26
194314,0.12
194326,0.26
194330,0.07
194338,0.02
194366,0.11
194370,0.02
194371,0.12
194379,0.03
194382,0.14
194383,0.23
194395,0.29
194402,0.14
194406,0.07
194408,0.3
194413,0.15
194414,0.13
194419,0.12
194423,0.12
194424,0.15
194429,0.18
194436,0.04
194468,0.03
194469,0.18
194478,0.08
194480,0.22
194484,0.12
194505,0.24
194514,0.18
194516,0.14
194523,0.23
194526,0.04
194533,0.12
194534,0.09
194536,0.09
194548,0.14
194552,0.23
194558,0.18
194561,0.17
194563,0.0
194569,0.15
194581,0.28
194586,0.19
194590,0.08
194598,0.13
194600,0.14
194603,0.12
194604,0.12
194605,0.05
194607,0.27
194610,0.09
194620,0.15
194627,0.23
194650,0.22
194652,0.03
194659,0.09
194660,0.05
194662,0.07
194665,0.08
194675,0.1
194677,0.13
194679,0.04
194691,0.23
194696,0.07
194713,0.13
194716,0.17
194717,0.11
194725,0.08
194732,0.06
194737,0.24
194738,0.16
194769,0.17
194791,0.07
194802,0.25
194806,0.16
194810,0.17
194812,0.15
194813,0.02
194816,0.15
194827,0.1
194844,0.1
194856,0.1
194860,0.09
194866,0.19
194867,0.02
194877,0.12
194879,0.24
194880,0.04
194881,0.04
194887,0.09
194900,0.18
194906,0.21
194907,0.13
194908,0.17
194914,0.1
194934,0.24
194955,0.16
194956,0.04
194965,0.13
194966,0.09
194980,0.15
194985,0.13
194986,0.14
194995,0.09
194999,0.05
195000,0.12
195010,0.04
195013,0.16
195044,0.09
195048,0.13
195050,0.42
195051,0.25
195055,0.23
195070,0.09
195074,0.4
195075,0.21
195077,0.19
195081,0.05
195088,0.05
195089,0.09
195091,0.08
195096,0.29
195100,0.15
195103,0.21
195116,0.16
195117,0.09
195129,0.08
195151,0.1
195158,0.19
195164,0.11
195176,0.27
195186,0.07
195187,0.28
195198,0.11
195201,0.16
195207,0.11
195214,0.16
195215,0.13
195234,0.05
195235,0.18
195239,0.05
195240,0.05
195253,0.07
195255,0.11
195280,0.01
195291,0.02
195293,0.1
195300,0.17
195306,0.04
195307,0.1
195322,0.2
195326,0.25
195330,0.06
195341,0.19
195343,0.16
195367,0.08
195369,0.08
195371,0.05
195372,0.04
195389,0.22
195415,0.06
195435,0.15
195439,0.05
195440,0.13
195444,0.01
195447,0.12
195450,0.09
195451,0.15
195456,0.09
195457,0.14
195461,0.18
195462,0.19
195463,0.08
195466,0.05
195468,0.02
195469,0.04
195489,0.11
195495,0.07
195496,0.16
195504,0.1
195505,0.15
195506,0.13
195511,0.17
195518,0.14
195519,0.15
195529,0.09
195531,0.05
195546,0.06
195547,0.13
195552,0.09
195577,0.1
195579,0.17
195588,0.03
195597,0.13
195607,0.06
195617,0.14
195626,0.03
195632,0.25
195634,0.23
195635,0.14
195645,0.18
195648,0.13
195674,0.29
195691,0.17
195695,0.24
195703,0.15
195710,0.26
195711,0.07
195727,0.21
195729,0.05
195734,0.26
195739,0.04
195740,0.14
195746,0.21
195750,0.24
195769,0.21
195772,0.26
195785,0.07
195789,0.2
195793,0.17
195801,0.09
195803,0.14
195810,0.19
195818,0.15
195819,0.34
195823,0.19
195828,0.16
195836,0.1
195843,0.1
195858,0.17
195876,0.12
195890,0.23
195891,0.2
195900,0.14
195905,0.07
195910,0.16
195911,0.17
195912,0.02
195917,0.19
195918,0.22
195923,0.3
195937,0.12
195940,0.35
195945,0.07
195946,0.11
195948,0.15
195955,0.12
195957,0.23
195958,0.11
195959,0.34
195970,0.04
195974,0.07
195979,0.17
195990,0.14
196004,0.11
196007,0.29
196012,0.26
196019,0.16
196029,0.26
196034,0.14
196042,0.13
196066,0.22
196067,0.15
196071,0.08
196074,0.27
196075,0.08
196079,0.09
196080,0.31
196082,0.09
196083,0.18
196085,0.26
196115,0.14
196118,0.21
196128,0.08
196149,0.05
196150,0.13
196162,0.26
196194,0.17
196198,0.17
196204,0.15
196206,0.13
196210,0.28
196220,0.24
196221,0.08
196230,0.1
196236,0.13
196242,0.12
196256,0.28
196261,0.3
196274,0.19
196281,0.03
196303,0.07
196305,0.16
196322,0.03
196343,0.03
196346,0.1
196354,0.05
196357,0.18
196359,0.09
196360,0.21
196361,0.12
196364,0.22
196371,0.0
196375,0.03
196377,0.13
196378,0.08
196381,0.1
196384,0.13
196385,0.18
196388,0.26
196394,0.21
196400,0.24
196401,0.14
196404,0.2
196411,0.21
196436,0.1
196443,0.09
196444,0.11
196446,0.04
196475,0.17
196476,0.41
196486,0.13
196489,0.11
196492,0.13
196498,0.22
196500,0.09
196505,0.21
196507,0.09
196510,0.09
196514,0.17
196530,0.02
196544,0.17
196551,0.11
196578,0.12
196585,0.21
196587,0.07
196588,0.08
196594,0.14
196598,0.17
196605,0.08
196618,0.16
196619,0.13
196623,0.1
196624,0.09
196643,0.05
196649,0.06
196650,0.09
196656,0.15
196663,0.4
196667,0.07
196669,0.13
196681,0.2
196717,0.15
196726,0.13
196728,0.09
196729,0.1
196731,0.1
196736,0.13
196738,0.18
196745,0.16
196747,0.08
196748,0.13
196753,0.11
196757,0.13
196760,0.22
196777,0.29
196788,0.17
196799,0.1
196808,0.03
196819,0.09
196825,0.07
196826,0.13
196834,0.09
196841,0.28
196847,0.22
196849,0.07
196851,0.18
196867,0.09
196884,0.15
196889,0.06
196898,0.08
196901,0.05
196917,0.11
196930,0.08
196936,0.18
196956,0.12
196959,0.06
196962,0.07
196963,0.2
196971,0.19
196972,0.25
196977,0.09
196984,0.11
196985,0.39
197010,0.27
197029,0.19
197040,0.08
197058,0.25
197060,0.16
197064,0.34
197075,0.08
197083,0.33
197102,0.25
197103,0.13
197107,0.13
197129,0.13
197135,0.11
197140,0.07
197150,0.1
197152,0.06
197153,0.14
197154,0.02
197156,0.31
197166,0.05
197167,0.09
197177,0.14
197178,0.13
197187,0.09
197191,0.13
197205,0.14
197206,0.25
197219,0.15
197224,0.12
197245,0.2
197246,0.21
197273,0.23
197275,0.09
197278,0.1
197288,0.09
197290,0.13
197294,0.16
197295,0.14
197311,0.04
197314,0.16
197320,0.16
197321,0.31
197324,0.2
197327,0.05
197332,0.04
197333,0.24
197335,0.11
197348,0.06
197362,0.21
197363,0.08
197368,0.04
197378,0.11
197381,0.14
197384,0.08
197386,0.1
197393,0.26
197396,0.08
197400,0.08
197408,0.08
197412,0.24
197413,0.28
197415,0.08
197418,0.23
197427,0.15
197443,0.15
197448,0.23
197449,0.12
197470,0.13
197478,0.18
197482,0.29
197488,0.04
197491,0.2
197495,0.1
197498,0.07
197502,0.21
197507,0.17
197509,0.19
197510,0.14
197512,0.13
197513,0.03
197524,0.11
197525,0.07
197529,0.3
197533,0.13
197534,0.16
197540,0.2
197541,0.09
197559,0.09
197566,0.07
197582,0.06
197585,0.22
197587,0.18
197595,0.06
197598,0.0
197601,0.1
197603,0.16
197607,0.14
197611,0.15
197625,0.23
197631,0.08
197633,0.11
197638,0.13
197640,0.17
197644,0.02
197645,0.02
197646,0.07
197650,0.1
197657,0.18
197664,0.15
197668,0.08
197681,0.07
197682,0.22
197693,0.05
197695,0.19
197699,0.13
197709,0.14
197711,0.15
197715,0.1
197716,0.3
197722,0.18
197728,0.21
197729,0.13
197730,0.16
197744,0.06
197768,0.11
197770,0.08
197775,0.18
197788,0.06
197795,0.14
197806,0.17
197808,0.16
197812,0.21
197813,0.05
197822,0.15
197827,0.16
197828,0.11
197836,0.26
197857,0.08
197862,0.17
197872,0.12
197892,0.02
197903,0.13
197907,0.14
197908,0.08
197916,0.14
197921,0.08
197924,0.06
197930,0.13
197934,0.19
197942,0.07
197945,0.33
197958,0.03
197959,0.12
197967,0.1
197969,0.24
197978,0.27
197999,0.06
198001,0.14
198004,0.1
198007,0.17
198019,0.07
198020,0.12
198024,0.14
198026,0.28
198038,0.13
198044,0.01
198050,0.27
198054,0.31
198055,0.06
198082,0.12
198094,0.14
198095,0.06
198099,0.17
198101,0.14
198102,0.08
198114,0.21
198125,0.17
198127,0.08
198128,0.1
198137,0.07
198141,0.07
198142,0.15
198155,0.13
198179,0.18
198181,0.04
198184,0.04
198185,0.04
198186,0.07
198187,0.07
198193,0.11
198197,0.12
198209,0.11
198221,0.09
198225,0.09
198229,0.18
198237,0.24
198239,0.29
198247,0.14
198253,0.13
198272,0.08
198279,0.1
198282,0.06
198284,0.08
198285,0.11
198287,0.17
198294,0.19
198309,0.08
198312,0.1
198315,0.09
198323,0.09
198331,0.13
198333,0.35
198359,0.02
198370,0.07
198378,0.02
198379,0.15
198381,0.16
198383,0.12
198384,0.15
198385,0.07
198420,0.18
198421,0.19
198425,0.14
198427,0.13
198429,0.08
198437,0.11
198445,0.16
198452,0.1
198454,0.05
198487,0.1
198523,0.2
198528,0.31
198530,0.27
198539,0.11
198540,0.06
198547,0.07
198566,0.17
198568,0.1
198569,0.17
198595,0.05
198600,0.12
198614,0.1
198617,0.04
198619,0.25
198627,0.11
198640,0.11
198655,0.2
198664,0.15
198665,0.22
198666,0.13
198670,0.08
198673,0.33
198680,0.07
198689,0.14
198690,0.15
198702,0.04
198703,0.04
198704,0.4
198714,0.31
198715,0.23
198717,0.08
198718,0.07
198720,0.23
198721,0.05
198730,0.14
198739,0.14
198754,0.1
198761,0.06
198772,0.07
198774,0.13
198775,0.15
198779,0.04
198783,0.04
198790,0.21
198794,0.24
198798,0.2
198799,0.12
198802,0.16
198806,0.17
198847,0.14
198854,0.25
198858,0.07
198859,0.25
198865,0.09
198872,0.18
198874,0.11
198878,0.09
198883,0.16
198884,0.09
198891,0.19
198899,0.12
198907,0.15
198916,0.15
198917,0.26
198934,0.02
198937,0.04
198938,0.09
198941,0.15
198957,0.27
198966,0.15
198984,0.13
198997,0.09
199001,0.17
199003,0.13
199009,0.17
199011,0.08
199013,0.08
199015,0.18
199024,0.13
199026,0.17
199027,0.3
199029,0.14
199030,0.03
199041,0.16
199048,0.18
199057,0.09
199058,0.04
199062,0.09
199067,0.08
199070,0.09
199075,0.0
199076,0.04
199092,0.11
199096,0.07
199104,0.19
199114,0.07
199115,0.05
199117,0.16
199126,0.09
199131,0.09
199141,0.23
199145,0.11
199150,0.12
199151,0.07
199153,0.12
199166,0.21
199167,0.2
199177,0.2
199182,0.1
199183,0.15
199185,0.03
199212,0.11
199213,0.23
199222,0.24
199229,0.03
199230,0.09
199242,0.09
199243,0.04
199246,0.14
199247,0.19
199249,0.03
199262,0.18
199263,0.17
199275,0.14
199276,0.13
199287,0.12
199298,0.13
199304,0.14
199307,0.11
199311,0.14
199316,0.05
199320,0.29
199321,0.19
199325,0.1
199326,0.32
199327,0.15
199334,0.09
199344,0.35
199345,0.11
199352,0.09
199364,0.18
199378,0.14
199379,0.08
199387,0.03
199405,0.13
199418,0.22
199424,0.19
199425,0.13
199432,0.05
199433,0.19
199442,0.12
199446,0.09
199457,0.13
199458,0.14
199477,0.05
199522,0.08
199525,0.24
199533,0.25
199536,0.16
199537,0.03
199550,0.15
199560,0.18
199564,0.23
199575,0.21
199580,0.09
199586,0.08
199597,0.11
199598,0.16
199604,0.06
199608,0.23
199609,0.1
199616,0.04
199625,0.19
199648,0.11
199650,0.02
199655,0.17
199663,0.09
199670,0.06
199673,0.21
199685,0.15
199696,0.14
199703,0.19
199704,0.13
199706,0.11
199727,0.15
199740,0.25
199746,0.1
199764,0.13
199766,0.16
199785,0.14
199786,0.16
199795,0.21
199797,0.2
199803,0.3
199804,0.11
199810,0.09
199815,0.11
199822,0.07
199824,0.12
199828,0.2
199833,0.22
199840,0.2
199844,0.11
199846,0.1
199858,0.13
199862,0.08
199865,0.1
199866,0.22
199869,0.16
199870,0.03
199871,0.07
199878,0.1
199889,0.09
199891,0.09
199898,0.09
199903,0.0
199904,0.02
199924,0.1
199950,0.07
199954,0.11
199956,0.1
199962,0.17
199965,0.28
199971,0.06
199972,0.11
199988,0.22
199995,0.1
199997,0.12
199998,0.07
199999,0.13
200011,0.17
200012,0.12
200016,0.08
200019,0.12
200030,0.14
200031,0.09
200032,0.13
200038,0.15
200043,0.03
200044,0.13
200045,0.2
200053,0.26
200057,0.1
200061,0.11
200064,0.17
200071,0.22
200084,0.21
200085,0.11
200086,0.18
200093,0.19
200095,0.25
200105,0.07
200111,0.02
200116,0.3
200125,0.29
200126,0.17
200157,0.14
200173,0.17
200181,0.14
200185,0.07
200187,0.07
200193,0.06
200200,0.17
200202,0.07
200206,0.15
200207,0.1
200216,0.05
200229,0.17
200234,0.03
200241,0.16
200244,0.07
200258,0.21
200262,0.13
200268,0.33
200277,0.12
200286,0.14
200293,0.2
200299,0.2
200306,0.07
200335,0.08
200358,0.02
200366,0.02
200367,0.1
200370,0.07
200373,0.25
200374,0.13
200383,0.15
200387,0.13
200390,0.18
200391,0.13
200421,0.15
200437,0.19
200442,0.09
200447,0.03
200460,0.17
200463,0.22
200467,0.19
200487,0.01
200488,0.12
200490,0.06
200493,0.22
200494,0.08
200501,0.18
200506,0.14
200516,0.06
200518,0.21
200520,0.3
200523,0.21
200524,0.15
200525,0.13
200534,0.15
200538,0.13
200552,0.09
200556,0.08
200557,0.17
200567,0.11
200568,0.11
200570,0.06
200572,0.21
200576,0.08
200585,0.23
200587,0.29
200588,0.08
200593,0.17
200594,0.02
200595,0.19
200603,0.36
200615,0.12
200624,0.18
200631,0.19
200632,0.02
200636,0.16
200638,0.06
200641,0.09
200650,0.11
200653,0.13
200657,0.18
200668,0.16
200669,0.09
200670,0.11
200676,0.15
200697,0.05
200710,0.1
200720,0.08
200729,0.15
200749,0.2
200753,0.25
200755,0.24
200756,0.15
200757,0.06
200768,0.15
200776,0.0
200799,0.24
200801,0.2
200810,0.21
200823,0.2
200832,0.21
200836,0.09
200838,0.2
200864,0.2
200867,0.09
200869,0.16
200873,0.1
200876,0.15
200881,0.07
200883,0.03
200890,0.09
200895,0.14
200897,0.11
200899,0.06
200900,0.15
200907,0.1
200912,0.18
200926,0.14
200930,0.27
200971,0.11
200974,0.12
200979,0.03
200998,0.07
201008,0.14
201018,0.22
201026,0.12
201043,0.04
201049,0.03
201050,0.22
201061,0.14
201062,0.08
201072,0.11
201076,0.08
201077,0.17
201081,0.09
201084,0.11
201089,0.13
201092,0.12
201109,0.19
201110,0.16
201116,0.01
201122,0.2
201135,0.12
201143,0.08
201153,0.02
201159,0.14
201165,0.02
201187,0.16
201197,0.1
201218,0.26
201219,0.06
201231,0.14
201234,0.04
201243,0.13
201246,0.07
201254,0.16
201256,0.03
201262,0.3
201263,0.2
201272,0.16
201273,0.14
201281,0.09
201290,0.07
201294,0.15
201296,0.17
201320,0.08
201332,0.1
201342,0.22
201343,0.14
201347,0.13
201350,0.17
201351,0.19
201362,0.31
201363,0.16
201368,0.16
201373,0.09
201375,0.13
201378,0.09
201386,0.15
201387,0.03
201390,0.33
201393,0.21
201409,0.07
201442,0.21
201444,0.16
201447,0.23
201451,0.11
201474,0.12
201481,0.1
201491,0.14
201498,0.11
201499,0.22
201501,0.15
201502,0.11
201516,0.16
201517,0.13
201524,0.06
201526,0.31
201528,0.08
201532,0.06
201543,0.25
201544,0.07
201546,0.21
201552,0.2
201554,0.19
201556,0.1
201557,0.1
201559,0.16
201575,0.12
201592,0.21
201593,0.12
201600,0.07
201630,0.13
201631,0.2
201635,0.1
201638,0.14
201642,0.1
201645,0.1
201660,0.09
201663,0.07
201665,0.02
201674,0.01
201675,0.05
201677,0.17
201688,0.14
201698,0.22
201706,0.23
201709,0.01
201710,0.18
201718,0.12
201720,0.13
201727,0.1
201730,0.13
201732,0.08
201733,0.03
201736,0.15
201738,0.04
201744,0.25
201747,0.19
201751,0.07
201766,0.16
201777,0.02
201778,0.14
201785,0.29
201804,0.21
201808,0.22
201813,0.21
201815,0.04
201820,0.13
201825,0.11
201830,0.09
201838,0.1
201839,0.28
201845,0.1
201849,0.05
201850,0.1
201853,0.03
201856,0.11
201873,0.14
201875,0.27
201906,0.16
201907,0.14
201908,0.07
201909,0.07
201911,0.14
201927,0.11
201928,0.15
201937,0.15
201943,0.12
201946,0.08
201948,0.09
201949,0.19
201955,0.07
201962,0.12
201977,0.02
201996,0.09
201997,0.25
202004,0.1
202005,0.14
202006,0.18
202010,0.02
202020,0.13
202029,0.38
202033,0.03
202034,0.11
202040,0.2
202045,0.02
202048,0.13
202055,0.04
202058,0.14
202062,0.13
202073,0.13
202078,0.15
202079,0.16
202080,0.04
202085,0.17
202090,0.14
202092,0.12
202114,0.14
202124,0.03
202133,0.14
202136,0.1
202150,0.09
202156,0.1
202159,0.07
202165,0.14
202167,0.15
202168,0.2
202169,0.12
202170,0.2
202204,0.1
202209,0.07
202216,0.17
202220,0.16
202228,0.05
202229,0.14
202231,0.12
202232,0.13
202234,0.18
202252,0.17
202253,0.12
202272,0.03
202273,0.18
202292,0.13
202300,0.07
202302,0.1
202311,0.07
202316,0.1
202318,0.22
202324,0.12
202343,0.2
202344,0.17
202349,0.07
202351,0.3
202355,0.03
202379,0.23
202407,0.11
202409,0.12
202410,0.01
202422,0.07
202423,0.18
202435,0.14
202437,0.16
202438,0.17
202439,0.23
202441,0.15
202444,0.09
202446,0.08
202450,0.04
202455,0.13
202457,0.2
202461,0.1
202463,0.27
202473,0.15
202478,0.13
202484,0.27
202490,0.03
202491,0.04
202492,0.18
202497,0.13
202508,0.14
202509,0.14
202510,0.01
202511,0.11
202514,0.12
202524,0.1
202527,0.24
202547,0.16
202554,0.04
202557,0.13
202568,0.13
202573,0.12
202587,0.13
202599,0.13
202610,0.18
202613,0.03
202618,0.18
202621,0.03
202645,0.09
202646,0.03
202649,0.27
202653,0.16
202655,0.26
202656,0.17
202659,0.17
202661,0.12
202681,0.15
202688,0.19
202691,0.08
202692,0.09
202697,0.37
202698,0.17
202717,0.11
202720,0.2
202724,0.18
202725,0.25
202734,0.21
202740,0.01
202743,0.12
202746,0.06
202760,0.04
202761,0.01
202765,0.23
202769,0.12
202785,0.07
202793,0.2
202796,0.04
202805,0.15
202816,0.13
202823,0.21
202825,0.11
202829,0.06
202830,0.21
202848,0.2
202861,0.14
202862,0.08
202863,0.23
202879,0.22
202889,0.06
202894,0.26
202895,0.05
202897,0.08
202899,0.08
202900,0.2
202907,0.08
202927,0.17
202945,0.15
202951,0.28
202955,0.08
202960,0.01
202967,0.13
202972,0.02
202982,0.29
202993,0.14
202996,0.16
202998,0.06
203008,0.13
203026,0.23
203038,0.32
203044,0.1
203054,0.05
203070,0.28
203075,0.23
203082,0.16
203089,0.02
203090,0.05
203098,0.17
203108,0.11
203109,0.07
203113,0.15
203123,0.09
203124,0.0
203128,0.14
203129,0.17
203131,0.3
203142,0.11
203154,0.22
203175,0.12
203176,0.2
203183,0.0
203185,0.11
203195,0.19
203201,0.14
203205,0.21
203218,0.17
203241,0.08
203244,0.25
203245,0.1
203253,0.29
203259,0.1
203264,0.26
203276,0.09
203283,0.1
203286,0.14
203288,0.12
203290,0.08
203298,0.13
203300,0.03
203312,0.22
203318,0.11
203331,0.15
203337,0.05
203339,0.11
203344,0.04
203348,0.17
203349,0.05
203350,0.13
203358,0.23
203366,0.12
203371,0.14
203377,0.22
203399,0.12
203402,0.11
203407,0.19
203410,0.04
203421,0.14
203428,0.07
203431,0.15
203433,0.28
203459,0.09
203460,0.21
203462,0.11
203470,0.02
203475,0.14
203476,0.13
203496,0.25
203518,0.18
203547,0.06
203549,0.09
203550,0.05
203552,0.09
203561,0.17
203564,0.2
203567,0.05
203575,0.22
203590,0.21
203591,0.1
203605,0.17
203606,0.03
203640,0.11
203643,0.28
203647,0.2
203648,0.07
203669,0.13
203671,0.06
203692,0.04
203695,0.07
203706,0.05
203713,0.19
203730,0.12
203736,0.09
203745,0.13
203751,0.16
203753,0.15
203755,0.02
203762,0.15
203769,0.09
203774,0.07
203796,0.15
203799,0.03
203806,0.07
203807,0.15
203810,0.1
203816,0.18
203821,0.35
203822,0.12
203850,0.2
203854,0.11
203862,0.18
203868,0.16
203869,0.12
203870,0.12
203876,0.12
203878,0.19
203889,0.14
203897,0.06
203905,0.26
203914,0.18
203915,0.12
203950,0.07
203956,0.07
203957,0.14
203973,0.08
203975,0.13
203980,0.17
203997,0.09
204001,0.19
204008,0.12
204017,0.14
204020,0.21
204021,0.08
204026,0.05
204027,0.17
204043,0.07
204047,0.1
204055,0.09
204059,0.03
204060,0.17
204061,0.15
204073,0.13
204076,0.11
204086,0.09
204088,0.17
204102,0.15
204116,0.12
204117,0.16
204121,0.23
204129,0.01
204139,0.25
204148,0.04
204149,0.12
204175,0.05
204181,0.21
204183,0.03
204187,0.12
204193,0.25
204194,0.1
204195,0.1
204196,0.14
204202,0.08
204206,0.11
204207,0.21
204214,0.1
204222,0.11
204226,0.11
204227,0.18
204228,0.04
204231,0.15
204232,0.2
204235,0.18
204237,0.0
204239,0.17
204242,0.05
204254,0.05
204255,0.16
204259,0.16
204268,0.17
204280,0.06
204282,0.27
204307,0.06
204314,0.19
204318,0.08
204321,0.22
204330,0.08
204335,0.14
204339,0.27
204344,0.12
204350,0.26
204371,0.16
204372,0.1
204374,0.2
204383,0.15
204392,0.15
204403,0.08
204409,0.06
204416,0.12
204417,0.08
204437,0.15
204440,0.14
204445,0.11
204446,0.07
204449,0.2
204468,0.06
204504,0.17
204506,0.06
204536,0.11
204539,0.14
204601,0.13
204614,0.08
204616,0.3
204618,0.12
204623,0.1
204630,0.17
204636,0.1
204639,0.14
204642,0.17
204644,0.03
204648,0.08
204662,0.09
204673,0.06
204674,0.23
204681,0.03
204682,0.05
204683,0.12
204689,0.25
204690,0.24
204707,0.1
204728,0.14
204736,0.26
204740,0.14
204749,0.19
204756,0.08
204771,0.08
204778,0.17
204808,0.08
204822,0.24
204827,0.23
204831,0.13
204836,0.06
204837,0.02
204843,0.12
204846,0.1
204847,0.1
204850,0.18
204852,0.05
204854,0.15
204856,0.18
204857,0.25
204863,0.22
204870,0.09
204885,0.04
204895,0.07
204905,0.02
204911,0.22
204927,0.06
204929,0.14
204941,0.19
204959,0.23
204962,0.2
204965,0.29
204970,0.2
204971,0.12
204972,0.22
205000,0.12
205011,0.12
205013,0.09
205014,0.37
205019,0.07
205043,0.22
205045,0.16
205054,0.07
205066,0.08
205069,0.11
205070,0.12
205071,0.13
205073,0.2
205077,0.24
205078,0.12
205088,0.11
205104,0.22
205107,0.1
205117,0.14
205118,0.04
205128,0.2
205134,0.1
205140,0.02
205141,0.21
205142,0.02
205153,0.36
205158,0.01
205169,0.12
205170,0.07
205183,0.05
205184,0.15
205197,0.05
205199,0.09
205204,0.18
205208,0.0
205209,0.09
205210,0.15
205216,0.16
205219,0.22
205222,0.12
205225,0.02
205235,0.23
205236,0.12
205241,0.07
205244,0.12
205251,0.22
205252,0.16
205258,0.15
205262,0.08
205264,0.07
205274,0.24
205277,0.17
205281,0.11
205306,0.12
205307,0.23
205323,0.16
205336,0.36
205337,0.19
205360,0.12
205363,0.02
205365,0.07
205367,0.17
205368,0.04
205375,0.19
205403,0.24
205411,0.11
205415,0.06
205429,0.07
205434,0.22
205445,0.13
205463,0.08
205471,0.04
205472,0.14
205479,0.1
205480,0.19
205493,0.19
205503,0.17
205508,0.1
205524,0.11
205525,0.1
205526,0.11
205533,0.03
205542,0.1
205545,0.05
205552,0.03
205561,0.13
205563,0.11
205564,0.19
205565,0.02
205566,0.1
205569,0.09
205579,0.11
205585,0.08
205587,0.12
205588,0.13
205591,0.08
205594,0.23
205600,0.07
205608,0.02
205613,0.16
205618,0.14
205619,0.06
205623,0.07
205627,0.21
205628,0.23
205635,0.05
205638,0.11
205640,0.22
205641,0.38
205642,0.3
205643,0.15
205646,0.21
205655,0.19
205672,0.06
205678,0.06
205681,0.07
205682,0.11
205690,0.07
205693,0.01
205695,0.2
205724,0.09
205738,0.05
205741,0.07
205744,0.08
205750,0.08
205751,0.1
205752,0.11
205766,0.2
205773,0.09
205775,0.15
205776,0.01
205789,0.19
205793,0.14
205797,0.04
205798,0.1
205802,0.04
205806,0.17
205807,0.22
205815,0.18
205819,0.16
205821,0.13
205822,0.1
205831,0.21
205832,0.1
205836,0.11
205843,0.23
205862,0.17
205863,0.15
205866,0.19
205873,0.1
205877,0.14
205879,0.12
205880,0.08
205886,0.13
205898,0.14
205903,0.01
205907,0.1
205908,0.15
205909,0.11
205930,0.01
205931,0.07
205932,0.13
205951,0.09
205957,0.3
205960,0.16
205987,0.1
205994,0.26
205995,0.1
206006,0.17
206007,0.14
206013,0.14
206020,0.06
206030,0.21
206035,0.14
206038,0.07
206039,0.19
206061,0.0
206066,0.18
206068,0.05
206071,0.18
206076,0.17
206077,0.15
206091,0.18
206097,0.12
206101,0.23
206145,0.09
206147,0.07
206163,0.05
206171,0.13
206173,0.14
206174,0.2
206197,0.13
206198,0.1
206209,0.12
206211,0.14
206213,0.06
206246,0.33
206252,0.11
206253,0.2
206254,0.13
206257,0.16
206270,0.11
206283,0.01
206290,0.04
206291,0.09
206292,0.16
206307,0.07
206315,0.09
206319,0.19
206324,0.18
206326,0.26
206338,0.18
206339,0.12
206354,0.08
206359,0.12
206374,0.11
206377,0.13
206395,0.25
206403,0.02
206410,0.32
206413,0.11
206414,0.02
206418,0.05
206424,0.09
206427,0.09
206428,0.04
206429,0.09
206430,0.1
206447,0.06
206451,0.2
206465,0.24
206477,0.22
206484,0.2
206497,0.14
206517,0.07
206533,0.17
206542,0.18
206557,0.09
206563,0.12
206564,0.27
206565,0.08
206582,0.17
206593,0.23
206605,0.34
206606,0.15
206621,0.12
206639,0.07
206640,0.11
206641,0.05
206645,0.2
206656,0.11
206666,0.08
206679,0.16
206681,0.16
206684,0.03
206686,0.01
206687,0.07
206697,0.14
206700,0.14
206702,0.11
206703,0.14
206708,0.09
206710,0.07
206721,0.11
206723,0.11
206735,0.12
206739,0.15
206742,0.06
206744,0.09
206747,0.26
206752,0.01
206774,0.17
206776,0.19
206792,0.06
206799,0.24
206805,0.11
206806,0.21
206809,0.16
206812,0.2
206814,0.04
206830,0.06
206831,0.07
206878,0.27
206905,0.05
206908,0.14
206910,0.09
206917,0.1
206920,0.22
206927,0.05
206933,0.05
206945,0.06
206968,0.03
206987,0.05
206989,0.09
207017,0.22
207027,0.09
207029,0.18
207030,0.15
207035,0.09
207040,0.15
207043,0.15
207054,0.2
207055,0.19
207059,0.02
207060,0.06
207062,0.21
207071,0.16
207073,0.34
207079,0.05
207100,0.13
207107,0.15
207129,0.09
207132,0.13
207139,0.23
207148,0.19
207153,0.2
207163,0.26
207164,0.21
207168,0.13
207171,0.05
207173,0.26
207174,0.09
207181,0.13
207182,0.06
207198,0.05
207201,0.11
207213,0.19
207234,0.2
207238,0.14
207256,0.2
207257,0.16
207264,0.25
207268,0.41
207275,0.16
207291,0.11
207296,0.12
207304,0.09
207308,0.15
207314,0.07
207324,0.15
207332,0.05
207333,0.12
207339,0.09
207349,0.01
207351,0.06
207359,0.19
207361,0.09
207365,0.18
207369,0.17
207372,0.13
207377,0.19
207380,0.0
207394,0.1
207412,0.1
207423,0.06
207426,0.09
207427,0.25
207428,0.11
207430,0.32
207437,0.19
207440,0.04
207455,0.02
207456,0.17
207471,0.14
207476,0.08
207483,0.01
207497,0.14
207506,0.06
207515,0.12
207529,0.18
207533,0.07
207534,0.09
207541,0.19
207560,0.12
207561,0.26
207570,0.15
207600,0.05
207630,0.15
207633,0.15
207634,0.11
207635,0.13
207660,0.14
207682,0.09
207684,0.04
207687,0.15
207706,0.17
207708,0.18
207713,0.13
207714,0.09
207718,0.11
207721,0.08
207724,0.14
207727,0.07
207731,0.03
207732,0.04
207734,0.22
207739,0.09
207744,0.14
207787,0.2
207792,0.12
207801,0.16
207811,0.13
207817,0.21
207818,0.18
207819,0.11
207830,0.11
207834,0.15
207841,0.28
207844,0.15
207849,0.18
207856,0.13
207865,0.1
207867,0.08
207873,0.23
207882,0.14
207887,0.01
207888,0.13
207889,0.04
207907,0.08
207921,0.32
207922,0.14
207928,0.22
207930,0.22
207940,0.02
207941,0.22
207956,0.14
207960,0.19
207961,0.19
207968,0.03
207971,0.06
207972,0.03
207975,0.06
207976,0.18
207979,0.24
207997,0.1
207999,0.29
208008,0.13
208027,0.17
208030,0.03
208033,0.26
208035,0.06
208040,0.06
208052,0.14
208067,0.08
208090,0.08
208100,0.05
208102,0.09
208110,0.07
208117,0.02
208119,0.09
208123,0.18
208127,0.35
208136,0.08
208139,0.07
208140,0.12
208144,0.11
208149,0.05
208156,0.16
208166,0.18
208168,0.1
208170,0.28
208172,0.13
208178,0.25
208193,0.14
208195,0.12
208211,0.16
208213,0.09
208229,0.16
208231,0.2
208235,0.11
208238,0.11
208240,0.26
208249,0.1
208262,0.24
208263,0.21
208270,0.09
208288,0.04
208292,0.15
208302,0.16
208303,0.07
208312,0.03
208317,0.08
208322,0.12
208331,0.16
208336,0.14
208337,0.09
208339,0.19
208346,0.18
208353,0.09
208358,0.1
208359,0.11
208360,0.12
208370,0.18
208373,0.11
208390,0.09
208391,0.16
208394,0.11
208396,0.12
208397,0.04
208398,0.21
208400,0.11
208410,0.11
208420,0.14
208421,0.29
208431,0.22
208450,0.21
208451,0.2
208455,0.15
208478,0.1
208479,0.14
208482,0.15
208502,0.2
208516,0.02
208518,0.02
208534,0.11
208550,0.05
208551,0.14
208566,0.1
208567,0.11
208575,0.14
208576,0.02
208588,0.05
208590,0.14
208595,0.03
208619,0.12
208620,0.16
208627,0.28
208629,0.14
208642,0.19
208645,0.07
208661,0.05
208662,0.03
208679,0.03
208681,0.1
208689,0.14
208696,0.1
208701,0.17
208707,0.22
208719,0.1
208720,0.14
208730,0.1
208748,0.04
208753,0.2
208755,0.08
208769,0.07
208775,0.09
208785,0.02
208796,0.17
208806,0.18
208815,0.17
208830,0.17
208833,0.07
208837,0.11
208842,0.12
208860,0.04
208874,0.14
208886,0.08
208897,0.13
208898,0.23
208905,0.25
208907,0.01
208924,0.24
208925,0.11
208933,0.09
208941,0.15
208948,0.08
208960,0.03
208962,0.14
208963,0.09
208965,0.08
208973,0.11
208974,0.05
208986,0.12
208992,0.08
208995,0.2
209001,0.12
209006,0.18
209012,0.09
209022,0.13
209055,0.3
209056,0.18
209057,0.13
209060,0.18
209067,0.04
209071,0.12
209078,0.1
209080,0.08
209094,0.11
209097,0.06
209098,0.15
209101,0.16
209108,0.08
209109,0.07
209111,0.04
209116,0.19
209117,0.33
209121,0.23
209126,0.03
209127,0.14
209141,0.07
209142,0.23
209159,0.09
209164,0.25
209168,0.33
209177,0.16
209197,0.13
209202,0.15
209209,0.12
209211,0.09
209233,0.18
209234,0.11
209253,0.08
209260,0.13
209263,0.18
209268,0.07
209275,0.22
209288,0.14
209298,0.24
209305,0.15
209326,0.14
209340,0.22
209352,0.18
209362,0.13
209367,0.2
209369,0.13
209377,0.1
209387,0.09
209392,0.14
209393,0.08
209420,0.05
209423,0.15
209457,0.05
209458,0.09
209470,0.24
209479,0.28
209483,0.33
209488,0.36
209489,0.1
209497,0.15
209504,0.14
209510,0.21
209513,0.05
209547,0.09
209549,0.14
209556,0.13
209561,0.39
209565,0.16
209591,0.13
209595,0.17
209596,0.17
209608,0.14
209628,0.11
209643,0.22
209645,0.17
209651,0.14
209659,0.07
209660,0.15
209661,0.18
209665,0.16
209682,0.15
209687,0.24
209689,0.12
209699,0.07
209705,0.19
209707,0.03
209713,0.2
209717,0.05
209718,0.08
209723,0.21
209727,0.05
209729,0.05
209739,0.2
209741,0.25
209744,0.23
209748,0.22
209749,0.12
209758,0.08
209761,0.04
209764,0.15
209772,0.07
209773,0.1
209794,0.14
209795,0.12
209814,0.04
209828,0.15
209838,0.15
209839,0.18
209845,0.22
209855,0.1
209862,0.05
209869,0.09
209872,0.13
209879,0.18
209881,0.12
209882,0.21
209893,0.06
209913,0.05
209918,0.12
209920,0.17
209921,0.11
209929,0.12
209943,0.21
209957,0.14
209960,0.14
209962,0.13
209969,0.15
209980,0.13
209986,0.07
209989,0.14
209990,0.13
209991,0.06
210007,0.07
210016,0.03
210018,0.12
210019,0.17
210020,0.12
210036,0.21
210050,0.12
210080,0.07
210084,0.13
210089,0.18
210104,0.12
210129,0.03
210135,0.06
210137,0.15
210140,0.16
210145,0.07
210146,0.07
210147,0.19
210152,0.07
210157,0.01
210158,0.2
210164,0.17
210170,0.04
210171,0.08
210173,0.3
210174,0.2
210176,0.14
210190,0.07
210191,0.14
210195,0.22
210196,0.07
210201,0.03
210211,0.18
210231,0.16
210239,0.25
210241,0.09
210242,0.06
210255,0.09
210278,0.19
210283,0.02
210284,0.19
210304,0.16
210307,0.11
210330,0.12
210332,0.18
210350,0.25
210379,0.1
210385,0.06
210401,0.16
210405,0.05
210413,0.33
210414,0.18
210415,0.14
210419,0.12
210429,0.05
210467,0.24
210481,0.11
210482,0.07
210492,0.09
210502,0.29
210523,0.24
210525,0.27
210529,0.18
210538,0.09
210543,0.16
210549,0.11
210551,0.15
210555,0.26
210558,0.14
210591,0.05
210597,0.26
210599,0.1
210610,0.11
210616,0.14
210618,0.16
210622,0.28
210639,0.21
210645,0.02
210650,0.03
210672,0.03
210676,0.2
210683,0.26
210697,0.24
210701,0.11
210706,0.1
210712,0.23
210717,0.05
210728,0.19
210729,0.14
210730,0.15
210731,0.08
210733,0.15
210735,0.09
210742,0.08
210748,0.12
210749,0.17
210758,0.11
210767,0.11
210769,0.15
210777,0.19
210789,0.06
210791,0.14
210794,0.1
210811,0.11
210814,0.1
210821,0.13
210833,0.07
210835,0.1
210859,0.03
210862,0.08
210870,0.12
210886,0.1
210893,0.08
210901,0.16
210906,0.17
210913,0.12
210953,0.04
210961,0.07
210962,0.21
210966,0.01
210983,0.16
211000,0.09
211025,0.22
211036,0.03
211043,0.05
211062,0.41
211076,0.07
211085,0.2
211096,0.01
211097,0.3
211098,0.2
211103,0.13
211108,0.1
211131,0.29
211135,0.28
211139,0.13
211146,0.21
211150,0.08
211158,0.09
211170,0.28
211177,0.06
211183,0.11
211187,0.07
211191,0.08
211194,0.23
211196,0.16
211203,0.05
211209,0.19
211210,0.2
211211,0.13
211232,0.15
211244,0.2
211263,0.1
211264,0.15
211270,0.16
211278,0.08
211292,0.18
211293,0.14
211295,0.17
211296,0.13
211308,0.14
211310,0.14
211312,0.29
211325,0.11
211326,0.07
211330,0.03
211333,0.07
211341,0.03
211342,0.09
211350,0.07
211355,0.1
211357,0.13
211358,0.06
211362,0.14
211377,0.08
211378,0.25
211379,0.19
211384,0.19
211395,0.17
211398,0.02
211399,0.17
211417,0.11
211419,0.21
211420,0.14
211439,0.17
211442,0.03
211451,0.03
211457,0.03
211469,0.01
211483,0.19
211505,0.17
211508,0.21
211509,0.16
211510,0.12
211526,0.11
211547,0.06
211548,0.25
211550,0.11
211551,0.18
211553,0.28
211562,0.17
211563,0.07
211564,0.19
211565,0.19
211571,0.28
211572,0.31
211577,0.14
211580,0.13
211609,0.1
211625,0.1
211635,0.23
211646,0.06
211660,0.12
211670,0.17
211672,0.06
211688,0.07
211694,0.14
211696,0.13
211711,0.34
211718,0.04
211732,0.1
211735,0.06
211736,0.1
211740,0.2
211741,0.01
211746,0.12
211751,0.16
211754,0.15
211770,0.18
211771,0.16
211787,0.28
211788,0.14
211802,0.08
211804,0.23
211810,0.07
211832,0.08
211839,0.1
211860,0.23
211863,0.23
211866,0.11
211869,0.12
211872,0.1
211894,0.12
211901,0.15
211902,0.27
211903,0.22
211946,0.01
211950,0.13
211959,0.09
211964,0.17
211965,0.04
211979,0.13
211983,0.19
211986,0.05
211987,0.09
211988,0.13
211999,0.07
212002,0.17
212004,0.17
212009,0.2
212015,0.13
212023,0.14
212048,0.12
212055,0.06
212067,0.11
212079,0.1
212080,0.13
212083,0.14
212085,0.1
212088,0.08
212089,0.2
212092,0.09
212097,0.1
212124,0.13
212132,0.09
212136,0.1
212144,0.18
212145,0.07
212167,0.04
212174,0.24
212175,0.08
212187,0.27
212191,0.1
212194,0.09
212238,0.07
212242,0.15
212245,0.14
212258,0.1
212262,0.04
212277,0.18
212283,0.13
212287,0.17
212288,0.19
212289,0.17
212293,0.08
212296,0.25
212300,0.18
212303,0.08
212326,0.08
212327,0.11
212328,0.02
212329,0.14
212339,0.09
212340,0.12
212343,0.16
212360,0.21
212389,0.21
212401,0.22
212407,0.0
212409,0.1
212422,0.09
212424,0.21
212440,0.1
212441,0.36
212443,0.19
212448,0.12
212472,0.24
212478,0.16
212481,0.17
212493,0.2
212508,0.12
212511,0.05
212525,0.16
212531,0.18
212533,0.11
212555,0.14
212592,0.22
212610,0.11
212621,0.17
212629,0.01
212635,0.14
212636,0.04
212637,0.13
212643,0.07
212648,0.2
212654,0.18
212655,0.21
212660,0.09
212661,0.17
212664,0.13
212669,0.09
212670,0.06
212674,0.21
212676,0.22
212690,0.13
212691,0.12
212696,0.07
212710,0.13
212712,0.02
212716,0.12
212718,0.02
212720,0.08
212723,0.15
212730,0.03
212740,0.04
212747,0.17
212763,0.1
212773,0.17
212775,0.12
212776,0.13
212777,0.14
212781,0.17
212782,0.19
212785,0.05
212786,0.09
212795,0.01
212800,0.21
212818,0.18
212834,0.12
212837,0.16
212841,0.11
212842,0.1
212847,0.22
212848,0.11
212851,0.03
212865,0.0
212866,0.04
212874,0.16
212880,0.04
212894,0.23
212897,0.06
212912,0.06
212913,0.1
212916,0.17
212917,0.09
212933,0.05
212935,0.03
212936,0.05
212950,0.16
212957,0.12
212958,0.19
212961,0.23
212962,0.03
212963,0.22
212964,0.26
212968,0.14
212969,0.16
212976,0.04
212978,0.09
212983,0.09
212993,0.18
213004,0.09
213008,0.01
213014,0.06
213018,0.15
213021,0.07
213024,0.16
213045,0.1
213054,0.08
213059,0.26
213076,0.23
213095,0.16
213096,0.07
213100,0.1
213101,0.07
213109,0.23
213111,0.03
213116,0.08
213133,0.19
213140,0.14
213141,0.08
213143,0.37
213150,0.12
213152,0.07
213158,0.17
213159,0.11
213166,0.16
213167,0.45
213170,0.29
213178,0.22
213179,0.14
213189,0.09
213196,0.15
213201,0.09
213203,0.14
213204,0.11
213205,0.07
213206,0.12
213207,0.26
213208,0.1
213212,0.03
213214,0.08
213220,0.1
213240,0.1
213244,0.05
213263,0.45
213264,0.19
213265,0.1
213270,0.22
213283,0.04
213287,0.24
213292,0.13
213295,0.14
213299,0.22
213303,0.1
213307,0.11
213308,0.03
213312,0.2
213313,0.12
213316,0.06
213317,0.12
213338,0.17
213357,0.11
213368,0.22
213374,0.07
213375,0.17
213386,0.15
213390,0.17
213393,0.08
213401,0.16
213423,0.05
213430,0.11
213431,0.19
213447,0.07
213465,0.14
213468,0.16
213473,0.22
213475,0.12
213476,0.14
213482,0.14
213493,0.22
213531,0.22
213534,0.04
213542,0.21
213546,0.15
213569,0.02
213570,0.08
213588,0.15
213591,0.27
213595,0.16
213597,0.2
213598,0.2
213604,0.16
213622,0.06
213623,0.26
213633,0.14
213639,0.1
213641,0.16
213649,0.09
213671,0.08
213675,0.14
213679,0.27
213680,0.07
213684,0.15
213685,0.05
213689,0.09
213691,0.19
213693,0.12
213712,0.1
213717,0.09
213734,0.18
213739,0.25
213765,0.13
213775,0.11
213776,0.2
213804,0.27
213808,0.11
213818,0.34
213821,0.08
213829,0.16
213836,0.12
213838,0.11
213843,0.1
213854,0.23
213859,0.22
213862,0.34
213874,0.16
213878,0.3
213886,0.08
213888,0.11
213892,0.06
213910,0.12
213921,0.29
213926,0.18
213928,0.11
213935,0.06
213949,0.08
213957,0.17
213959,0.04
213967,0.18
213974,0.05
213975,0.09
213983,0.13
213984,0.05
213998,0.08
214004,0.01
214006,0.14
214008,0.07
214014,0.1
214015,0.07
214034,0.14
214059,0.14
214067,0.04
214077,0.08
214078,0.12
214079,0.13
214085,0.14
214088,0.18
214099,0.12
214138,0.09
214141,0.13
214152,0.25
214154,0.07
214155,0.11
214177,0.18
214188,0.02
214192,0.06
214207,0.16
214217,0.09
214219,0.12
214228,0.07
214229,0.26
214233,0.16
214236,0.24
214242,0.09
214249,0.13
214263,0.09
214264,0.08
214265,0.1
214268,0.11
214281,0.06
214282,0.16
214295,0.08
214311,0.14
214315,0.14
214325,0.03
214334,0.08
214336,0.12
214337,0.18
214342,0.3
214344,0.18
214349,0.09
214355,0.07
214356,0.09
214358,0.18
214363,0.13
214364,0.19
214371,0.22
214377,0.39
214379,0.19
214383,0.21
214406,0.15
214407,0.18
214411,0.23
214415,0.1
214418,0.2
214419,0.08
214421,0.13
214430,0.02
214436,0.08
214463,0.13
214472,0.25
214474,0.23
214476,0.14
214478,0.08
214481,0.14
214484,0.08
214488,0.11
214491,0.14
214505,0.2
214507,0.14
214510,0.13
214518,0.13
214523,0.32
214539,0.14
214542,0.14
214544,0.05
214553,0.16
214554,0.09
214561,0.22
214563,0.13
214566,0.1
214581,0.14
214587,0.13
214588,0.21
214589,0.19
214593,0.08
214620,0.17
214630,0.1
214643,0.09
214644,0.17
214647,0.19
214654,0.21
214657,0.07
214658,0.17
214662,0.14
214666,0.26
214680,0.1
214685,0.09
214693,0.01
214701,0.11
214705,0.07
214706,0.1
214719,0.11
214721,0.35
214724,0.13
214741,0.04
214769,0.06
214777,0.1
214780,0.13
214786,0.06
214789,0.2
214797,0.13
214804,0.12
214808,0.2
214810,0.19
214828,0.26
214830,0.06
214835,0.2
214844,0.07
214859,0.39
214861,0.12
214863,0.08
214887,0.09
214898,0.07
214906,0.17
214913,0.1
214915,0.25
214937,0.03
214944,0.17
214948,0.11
214970,0.19
214976,0.14
214999,0.22
215000,0.27
215016,0.02
215024,0.08
215029,0.11
215033,0.28
215037,0.28
215054,0.13
215057,0.12
215064,0.14
215074,0.16
215077,0.09
215082,0.11
215096,0.06
215101,0.04
215103,0.11
215109,0.06
215124,0.13
215142,0.14
215143,0.09
215145,0.02
215157,0.12
215159,0.03
215161,0.14
215166,0.04
215177,0.2
215186,0.19
215194,0.15
215196,0.15
215204,0.15
215211,0.08
215230,0.2
215241,0.11
215256,0.2
215257,0.22
215266,0.16
215267,0.07
215268,0.03
215278,0.18
215280,0.14
215318,0.29
215326,0.12
215331,0.16
215337,0.07
215344,0.02
215346,0.17
215348,0.1
215351,0.13
215358,0.13
215360,0.16
215367,0.07
215369,0.13
215383,0.11
215395,0.22
215407,0.11
215408,0.12
215412,0.08
215433,0.11
215454,0.19
215463,0.14
215488,0.03
215508,0.24
215512,0.01
215516,0.19
215525,0.24
215531,0.09
215534,0.11
215537,0.1
215539,0.06
215548,0.05
215554,0.2
215556,0.08
215559,0.18
215560,0.04
215563,0.06
215564,0.17
215569,0.18
215574,0.39
215586,0.21
215594,0.25
215608,0.12
215614,0.12
215623,0.19
215628,0.16
215637,0.2
215638,0.28
215649,0.06
215651,0.16
215653,0.13
215678,0.22
215708,0.11
215711,0.2
215733,0.22
215739,0.08
215742,0.1
215756,0.15
215772,0.16
215775,0.2
215791,0.1
215796,0.17
215803,0.09
215805,0.04
215807,0.12
215829,0.13
215855,0.08
215856,0.14
215860,0.1
215861,0.1
215877,0.13
215883,0.05
215889,0.13
215897,0.08
215898,0.01
215901,0.02
215908,0.1
215910,0.39
215911,0.1
215923,0.1
215928,0.0
215934,0.16
215936,0.12
215947,0.09
215951,0.08
215958,0.06
215959,0.11
215963,0.11
215968,0.32
215972,0.23
215976,0.06
215978,0.2
215981,0.16
215999,0.1
216001,0.28
216012,0.19
216020,0.12
216035,0.06
216038,0.18
216041,0.09
216049,0.04
216065,0.06
216096,0.22
216110,0.1
216115,0.18
216121,0.13
216122,0.27
216129,0.06
216131,0.17
216138,0.04
216142,0.09
216143,0.14
216150,0.16
216180,0.18
216184,0.21
216189,0.12
216190,0.2
216197,0.1
216218,0.32
216219,0.16
216221,0.19
216231,0.03
216240,0.19
216272,0.01
216281,0.15
216284,0.19
216290,0.19
216297,0.15
216305,0.04
216306,0.22
216317,0.17
216333,0.01
216338,0.12
216339,0.16
216346,0.19
216349,0.15
216350,0.18
216351,0.04
216353,0.09
216355,0.13
216364,0.11
216387,0.19
216392,0.16
216393,0.19
216399,0.17
216416,0.05
216433,0.15
216435,0.11
216442,0.2
216458,0.09
216461,0.23
216468,0.22
216469,0.13
216471,0.13
216473,0.23
216475,0.03
216496,0.05
216510,0.09
216511,0.09
216515,0.01
216516,0.16
216521,0.15
216532,0.01
216548,0.13
216551,0.2
216560,0.09
216562,0.2
216563,0.17
216565,0.03
216582,0.17
216587,0.21
216589,0.08
216597,0.11
216606,0.09
216607,0.1
216608,0.21
216621,0.05
216622,0.14
216627,0.18
216636,0.18
216647,0.12
216655,0.12
216659,0.18
216666,0.25
216676,0.16
216677,0.11
216679,0.25
216681,0.18
216686,0.1
216687,0.22
216694,0.09
216697,0.12
216714,0.08
216719,0.14
216720,0.09
216721,0.13
216723,0.11
216740,0.14
216746,0.13
216747,0.11
216751,0.14
216758,0.17
216768,0.09
216778,0.15
216786,0.25
216801,0.15
216802,0.24
216807,0.03
216808,0.17
216810,0.06
216818,0.1
216823,0.09
216826,0.18
216827,0.03
216828,0.15
216840,0.32
216844,0.12
216845,0.12
216851,0.12
216857,0.1
216858,0.05
216862,0.11
216874,0.18
216880,0.16
216900,0.17
216902,0.07
216903,0.04
216904,0.16
216931,0.12
216936,0.08
216938,0.16
216952,0.07
216954,0.1
216955,0.12
216961,0.11
216981,0.17
216985,0.08
216992,0.14
216995,0.1
216997,0.05
216998,0.09
216999,0.05
217022,0.19
217034,0.17
217038,0.03
217050,0.09
217055,0.1
217064,0.12
217071,0.03
217078,0.15
217083,0.17
217084,0.06
217086,0.19
217096,0.16
217101,0.16
217109,0.17
217118,0.16
217121,0.31
217125,0.23
217130,0.31
217136,0.27
217137,0.07
217143,0.06
217148,0.14
217155,0.04
217162,0.08
217172,0.13
217174,0.01
217175,0.25
217177,0.03
217178,0.21
217192,0.07
217220,0.09
217221,0.17
217223,0.08
217232,0.21
217243,0.18
217248,0.14
217250,0.04
217271,0.17
217283,0.18
217297,0.27
217323,0.13
217326,0.06
217334,0.13
217338,0.05
217341,0.33
217342,0.15
217355,0.03
217362,0.11
217366,0.18
217367,0.07
217371,0.08
217383,0.1
217401,0.18
217404,0.13
217419,0.1
217422,0.18
217423,0.13
217427,0.16
217429,0.03
217430,0.06
217441,0.16
217444,0.06
217465,0.1
217471,0.05
217488,0.14
217493,0.07
217509,0.3
217510,0.05
217511,0.31
217519,0.05
217522,0.22
217562,0.08
217574,0.11
217577,0.04
217579,0.2
217596,0.14
217602,0.09
217612,0.17
217632,0.12
217635,0.01
217636,0.18
217638,0.24
217639,0.16
217651,0.26
217652,0.15
217663,0.31
217669,0.15
217686,0.1
217699,0.05
217700,0.29
217703,0.18
217706,0.16
217714,0.13
217732,0.07
217736,0.12
217749,0.44
217763,0.03
217770,0.02
217771,0.03
217772,0.18
217776,0.17
217777,0.19
217778,0.16
217782,0.1
217790,0.17
217792,0.09
217793,0.13
217795,0.24
217796,0.11
217800,0.1
217804,0.11
217807,0.09
217846,0.15
217847,0.12
217853,0.02
217856,0.11
217864,0.1
217867,0.15
217868,0.21
217885,0.08
217887,0.02
217889,0.13
217900,0.14
217903,0.07
217905,0.25
217909,0.15
217913,0.03
217944,0.04
217946,0.05
217954,0.15
217956,0.05
217957,0.12
217961,0.37
217962,0.03
217976,0.05
217980,0.15
217981,0.04
218006,0.02
218009,0.11
218032,0.24
218049,0.08
218053,0.12
218078,0.09
218080,0.13
218081,0.09
218094,0.23
218098,0.05
218099,0.17
218100,0.14
218113,0.1
218117,0.17
218118,0.04
218119,0.09
218125,0.07
218133,0.12
218153,0.2
218165,0.01
218166,0.1
218177,0.1
218178,0.08
218202,0.14
218203,0.16
218207,0.16
218209,0.11
218236,0.14
218244,0.12
218247,0.14
218250,0.11
218266,0.09
218275,0.16
218276,0.19
218287,0.19
218292,0.09
218298,0.24
218300,0.04
218320,0.12
218321,0.22
218333,0.07
218347,0.07
218353,0.08
218366,0.13
218368,0.13
218369,0.04
218372,0.1
218376,0.11
218378,0.1
218403,0.11
218413,0.28
218418,0.12
218449,0.19
218450,0.06
218458,0.05
218464,0.23
218475,0.17
218476,0.17
218478,0.15
218515,0.14
218517,0.05
218518,0.11
218538,0.09
218539,0.24
218550,0.17
218551,0.12
218565,0.3
218580,0.2
218591,0.24
218598,0.13
218600,0.11
218602,0.13
218607,0.25
218651,0.04
218652,0.11
218656,0.41
218658,0.04
218669,0.17
218670,0.19
218671,0.07
218677,0.26
218680,0.15
218685,0.07
218686,0.17
218692,0.08
218693,0.07
218699,0.37
218709,0.13
218729,0.1
218734,0.12
218742,0.08
218743,0.03
218756,0.13
218772,0.22
218782,0.03
218786,0.21
218788,0.16
218796,0.12
218801,0.2
218812,0.16
218832,0.16
218834,0.17
218846,0.12
218847,0.25
218848,0.05
218853,0.21
218865,0.1
218870,0.18
218873,0.16
218884,0.04
218893,0.15
218898,0.19
218911,0.12
218933,0.22
218934,0.16
218939,0.19
218948,0.1
218957,0.17
218962,0.1
218973,0.11
218975,0.12
219000,0.15
219001,0.11
219006,0.02
219027,0.12
219036,0.01
219043,0.21
219047,0.12
219057,0.01
219059,0.4
219062,0.11
219074,0.03
219085,0.16
219087,0.11
219095,0.06
219114,0.07
219115,0.11
219119,0.09
219140,0.14
219147,0.02
219170,0.02
219171,0.17
219174,0.23
219177,0.13
219180,0.09
219195,0.12
219203,0.01
219207,0.13
219223,0.22
219229,0.16
219236,0.2
219238,0.23
219243,0.18
219245,0.06
219247,0.25
219273,0.04
219278,0.16
219279,0.2
219284,0.13
219319,0.09
219326,0.15
219336,0.08
219344,0.05
219359,0.12
219360,0.12
219364,0.09
219368,0.21
219376,0.07
219382,0.03
219388,0.06
219396,0.23
219398,0.11
219403,0.08
219405,0.03
219406,0.14
219410,0.13
219424,0.15
219446,0.0
219450,0.14
219451,0.17
219464,0.11
219465,0.05
219469,0.07
219472,0.27
219482,0.05
219506,0.01
219507,0.18
219516,0.15
219521,0.19
219564,0.26
219565,0.05
219568,0.14
219570,0.07
219578,0.1
219579,0.26
219588,0.2
219593,0.14
219594,0.14
219601,0.09
219608,0.02
219616,0.08
219620,0.15
219621,0.18
219628,0.03
219632,0.27
219637,0.12
219670,0.14
219688,0.13
219704,0.04
219717,0.21
219723,0.25
219741,0.26
219772,0.14
219774,0.08
219775,0.06
219778,0.14
219787,0.15
219788,0.26
219806,0.07
219811,0.13
219815,0.05
219817,0.15
219835,0.03
219845,0.03
219848,0.08
219864,0.04
219866,0.13
219868,0.11
219870,0.1
219886,0.19
219908,0.1
219910,0.15
219914,0.2
219925,0.14
219935,0.23
219940,0.19
219959,0.1
219962,0.13
219975,0.07
219981,0.19
219998,0.04
219999,0.14
220006,0.13
220010,0.29
220012,0.09
220014,0.01
220018,0.04
220019,0.07
220021,0.15
220058,0.14
220060,0.14
220061,0.03
220063,0.01
220066,0.19
220070,0.01
220071,0.13
220082,0.14
220094,0.19
220107,0.11
220114,0.2
220120,0.07
220126,0.14
220143,0.03
220147,0.07
220157,0.16
220160,0.09
220169,0.17
220177,0.04
220181,0.04
220186,0.0
220189,0.04
220206,0.37
220221,0.15
220227,0.04
220228,0.21
220248,0.17
220277,0.24
220304,0.18
220311,0.17
220315,0.15
220316,0.1
220323,0.11
220325,0.03
220358,0.08
220363,0.12
220369,0.13
220370,0.0
220380,0.1
220386,0.18
220387,0.1
220393,0.03
220394,0.15
220412,0.18
220415,0.08
220416,0.35
220417,0.09
220418,0.04
220422,0.06
220431,0.09
220439,0.21
220456,0.04
220458,0.04
220468,0.12
220474,0.06
220479,0.09
220494,0.02
220501,0.17
220503,0.13
220511,0.01
220514,0.14
220516,0.23
220521,0.17
220530,0.1
220562,0.07
220565,0.03
220582,0.23
220594,0.15
220600,0.38
220614,0.19
220621,0.14
220624,0.22
220629,0.08
220632,0.14
220639,0.05
220655,0.1
220664,0.06
220670,0.08
220686,0.06
220699,0.22
220714,0.12
220729,0.15
220732,0.18
220733,0.08
220735,0.14
220740,0.09
220741,0.05
220747,0.11
220748,0.15
220749,0.12
220755,0.07
220764,0.13
220767,0.17
220772,0.15
220779,0.11
220781,0.09
220790,0.17
220806,0.08
220811,0.0
220816,0.18
220822,0.03
220827,0.21
220828,0.08
220829,0.03
220832,0.07
220833,0.08
220841,0.15
220842,0.13
220856,0.09
220874,0.21
220881,0.12
220882,0.11
220887,0.01
220893,0.12
220909,0.13
220916,0.07
220917,0.22
220918,0.14
220924,0.1
220931,0.04
220932,0.16
220949,0.09
220950,0.11
220956,0.14
220972,0.06
220994,0.07
221004,0.33
221008,0.27
221011,0.11
221030,0.16
221032,0.13
221035,0.08
221058,0.2
221059,0.1
221075,0.12
221079,0.07
221080,0.08
221107,0.01
221116,0.32
221129,0.18
221148,0.04
221158,0.08
221165,0.07
221169,0.14
221171,0.09
221198,0.27
221202,0.11
221205,0.22
221223,0.06
221227,0.08
221228,0.08
221234,0.18
221242,0.06
221252,0.13
221256,0.21
221260,0.17
221261,0.18
221264,0.09
221267,0.07
221272,0.16
221284,0.12
221292,0.23
221311,0.1
221322,0.11
221327,0.12
221339,0.18
221371,0.07
221372,0.1
221404,0.18
221411,0.09
221438,0.12
221451,0.07
221465,0.13
221477,0.21
221483,0.11
221493,0.15
221495,0.05
221498,0.15
221500,0.18
221506,0.19
221513,0.13
221523,0.13
221528,0.16
221529,0.11
221530,0.12
221531,0.11
221549,0.06
221550,0.09
221565,0.31
221570,0.16
221573,0.12
221575,0.05
221576,0.09
221604,0.15
221615,0.06
221626,0.07
221629,0.28
221630,0.03
221636,0.18
221656,0.14
221659,0.12
221663,0.11
221665,0.07
221675,0.21
221676,0.04
221677,0.17
221679,0.06
221707,0.04
221712,0.07
221717,0.12
221725,0.09
221733,0.07
221741,0.08
221747,0.09
221762,0.14
221763,0.1
221770,0.22
221771,0.04
221787,0.09
221793,0.0
221804,0.12
221805,0.07
221825,0.08
221827,0.23
221828,0.2
221829,0.19
221845,0.18
221859,0.14
221860,0.09
221867,0.21
221868,0.16
221870,0.16
221876,0.14
221884,0.12
221895,0.06
221911,0.1
221921,0.15
221931,0.28
221935,0.05
221955,0.1
221959,0.05
221966,0.07
221974,0.14
221981,0.05
222002,0.25
222010,0.06
222012,0.04
222013,0.15
222023,0.19
222034,0.17
222048,0.12
222052,0.18
222059,0.23
222060,0.09
222061,0.07
222067,0.13
222076,0.28
222081,0.16
222120,0.03
222121,0.24
222133,0.04
222149,0.17
222150,0.03
222153,0.19
222154,0.05
222159,0.03
222165,0.16
222167,0.03
222170,0.24
222178,0.25
222179,0.14
222188,0.2
222189,0.03
222195,0.07
222198,0.25
222224,0.05
222234,0.06
222254,0.12
222256,0.17
222264,0.03
222281,0.1
222296,0.4
222303,0.2
222309,0.15
222310,0.15
222313,0.05
222321,0.26
222322,0.08
222328,0.14
222333,0.06
222334,0.11
222338,0.08
222347,0.14
222349,0.05
222351,0.07
222352,0.11
222357,0.1
222362,0.08
222381,0.25
222392,0.07
222401,0.26
222413,0.22
222422,0.13
222423,0.18
222430,0.11
222432,0.12
222452,0.1
222459,0.19
222473,0.04
222475,0.06
222481,0.15
222482,0.19
222489,0.0
222496,0.11
222505,0.12
222516,0.13
222537,0.13
222555,0.13
222566,0.14
222572,0.05
222577,0.12
222618,0.19
222619,0.08
222624,0.05
222625,0.07
222626,0.07
222629,0.08
222634,0.03
222636,0.23
222637,0.03
222641,0.02
222646,0.1
222648,0.25
222659,0.11
222663,0.11
222665,0.05
222671,0.2
222674,0.06
222675,0.15
222707,0.22
222709,0.08
222711,0.09
222717,0.12
222728,0.11
222752,0.05
222753,0.04
222755,0.09
222765,0.09
222768,0.37
222769,0.28
222783,0.24
222799,0.14
222821,0.05
222825,0.19
222837,0.37
222862,0.25
222863,0.17
222869,0.06
222876,0.13
222892,0.11
222898,0.06
222912,0.03
222920,0.14
222926,0.05
222934,0.15
222938,0.11
222945,0.14
222947,0.06
222966,0.23
222971,0.15
222994,0.07
223008,0.22
223019,0.08
223040,0.16
223042,0.15
223049,0.07
223051,0.1
223056,0.1
223058,0.15
223064,0.12
223067,0.02
223073,0.25
223075,0.08
223078,0.14
223079,0.15
223082,0.23
223098,0.31
223112,0.04
223116,0.23
223121,0.11
223128,0.15
223135,0.13
223136,0.12
223144,0.04
223151,0.06
223157,0.07
223181,0.05
223190,0.15
223197,0.1
223205,0.1
223209,0.16
223221,0.3
223235,0.14
223238,0.13
223244,0.05
223258,0.1
223262,0.25
223272,0.15
223288,0.16
223298,0.04
223310,0.15
223320,0.03
223357,0.26
223365,0.03
223369,0.13
223375,0.18
223384,0.03
223393,0.03
223412,0.09
223428,0.02
223440,0.21
223456,0.36
223470,0.11
223471,0.08
223484,0.07
223488,0.19
223489,0.08
223490,0.09
223492,0.04
223496,0.09
223503,0.05
223507,0.05
223518,0.15
223519,0.11
223521,0.06
223524,0.08
223526,0.05
223527,0.27
223529,0.06
223534,0.09
223538,0.21
223547,0.11
223549,0.11
223551,0.23
223552,0.09
223567,0.06
223571,0.26
223582,0.05
223584,0.22
223585,0.21
223586,0.04
223588,0.13
223592,0.19
223594,0.06
223607,0.25
223608,0.1
223609,0.21
223610,0.12
223611,0.04
223635,0.12
223636,0.14
223638,0.11
223649,0.09
223670,0.21
223688,0.07
223698,0.09
223699,0.15
223716,0.13
223718,0.15
223720,0.09
223727,0.08
223729,0.05
223739,0.09
223740,0.16
223741,0.08
223750,0.02
223752,0.17
223764,0.19
223781,0.06
223783,0.21
223794,0.24
223808,0.13
223810,0.3
223814,0.13
223817,0.13
223830,0.06
223839,0.12
223849,0.16
223851,0.19
223854,0.22
223888,0.37
223914,0.07
223923,0.1
223925,0.02
223939,0.05
223949,0.06
223951,0.18
223952,0.12
223967,0.11
223971,0.26
223974,0.03
223978,0.15
223991,0.21
224008,0.05
224016,0.01
224024,0.08
224039,0.05
224040,0.18
224044,0.15
224047,0.13
224055,0.13
224061,0.26
224065,0.05
224079,0.15
224080,0.13
224089,0.05
224094,0.23
224095,0.29
224109,0.03
224111,0.19
224112,0.13
224134,0.25
224135,0.18
224138,0.08
224139,0.08
224158,0.05
224161,0.16
224171,0.17
224182,0.1
224191,0.09
224194,0.14
224195,0.14
224205,0.04
224206,0.19
224211,0.07
224213,0.08
224214,0.19
224236,0.16
224239,0.23
224241,0.21
224251,0.17
224259,0.24
224262,0.22
224263,0.08
224268,0.12
224270,0.1
224282,0.16
224300,0.07
224315,0.17
224319,0.08
224325,0.1
224337,0.14
224339,0.07
224343,0.1
224344,0.23
224347,0.1
224353,0.13
224363,0.16
224370,0.14
224379,0.08
224380,0.1
224393,0.12
224395,0.14
224407,0.05
224408,0.1
224426,0.06
224427,0.15
224428,0.1
224437,0.33
224444,0.04
224445,0.18
224459,0.08
224473,0.31
224488,0.33
224490,0.28
224493,0.2
224494,0.2
224495,0.18
224499,0.04
224524,0.05
224528,0.08
224538,0.27
224553,0.12
224554,0.07
224575,0.12
224586,0.12
224593,0.14
224599,0.16
224614,0.04
224625,0.04
224626,0.07
224627,0.1
224628,0.27
224631,0.0
224651,0.11
224658,0.15
224664,0.18
224668,0.09
224673,0.11
224674,0.2
224683,0.03
224708,0.24
224748,0.23
224756,0.17
224757,0.08
224760,0.04
224771,0.19
224772,0.13
224797,0.11
224823,0.19
224831,0.11
224841,0.08
224843,0.1
224844,0.24
224849,0.05
224855,0.23
224856,0.07
224864,0.1
224871,0.12
224876,0.15
224889,0.14
224896,0.14
224899,0.22
224912,0.05
224916,0.2
224918,0.24
224925,0.13
224929,0.03
224934,0.21
224950,0.16
224953,0.08
224956,0.13
224958,0.19
224960,0.15
224971,0.23
224975,0.18
224978,0.13
224986,0.05
224987,0.19
224990,0.15
225010,0.07
225041,0.1
225044,0.07
225045,0.11
225048,0.1
225053,0.06
225058,0.22
225075,0.05
225085,0.11
225103,0.13
225107,0.02
225114,0.1
225122,0.1
225130,0.14
225131,0.2
225132,0.06
225134,0.13
225136,0.12
225141,0.13
225145,0.08
225146,0.16
225156,0.07
225158,0.09
225165,0.15
225185,0.11
225194,0.11
225195,0.07
225223,0.23
225224,0.2
225231,0.1
225233,0.13
225246,0.17
225281,0.09
225286,0.13
225301,0.21
225302,0.11
225336,0.19
225347,0.13
225351,0.12
225362,0.23
225363,0.03
225364,0.13
225370,0.09
225374,0.17
225375,0.16
225380,0.15
225381,0.11
225382,0.05
225392,0.14
225410,0.17
225425,0.21
225431,0.1
225456,0.04
225460,0.2
225475,0.07
225478,0.02
225483,0.16
225499,0.28
225514,0.32
225517,0.13
225524,0.16
225532,0.01
225545,0.25
225546,0.12
225550,0.07
225580,0.14
225581,0.08
225582,0.12
225585,0.3
225601,0.08
225612,0.2
225621,0.07
225636,0.22
225639,0.11
225650,0.09
225654,0.13
225664,0.11
225665,0.25
225666,0.01
225686,0.16
225689,0.03
225691,0.14
225721,0.05
225733,0.05
225739,0.18
225741,0.28
225766,0.12
225776,0.21
225788,0.06
225792,0.18
225803,0.11
225804,0.16
225805,0.14
225808,0.07
225819,0.12
225826,0.08
225832,0.11
225850,0.1
225851,0.09
225854,0.15
225858,0.05
225875,0.06
225884,0.04
225890,0.12
225906,0.03
225908,0.06
225910,0.23
225920,0.26
225950,0.15
225990,0.14
225991,0.19
226010,0.08
226011,0.1
226018,0.15
226029,0.21
226030,0.01
226041,0.09
226044,0.04
226051,0.14
226054,0.12
226085,0.25
226105,0.04
226116,0.32
226130,0.2
226131,0.1
226170,0.09
226171,0.06
226176,0.18
226177,0.11
226183,0.0
226187,0.19
226188,0.1
226190,0.19
226206,0.13
226213,0.07
226214,0.28
226226,0.1
226244,0.13
226245,0.02
226251,0.09
226258,0.06
226259,0.09
226265,0.17
226291,0.17
226294,0.17
226299,0.06
226300,0.17
226301,0.22
226302,0.18
226308,0.06
226309,0.15
226318,0.16
226319,0.31
226320,0.17
226325,0.15
226334,0.14
226337,0.19
226348,0.19
226353,0.08
226361,0.04
226387,0.15
226395,0.14
226413,0.02
226416,0.04
226427,0.16
226433,0.13
226447,0.14
226487,0.09
226495,0.18
226496,0.12
226499,0.05
226501,0.17
226505,0.1
226506,0.17
226507,0.08
226516,0.16
226523,0.08
226527,0.14
226533,0.11
226537,0.14
226539,0.01
226551,0.19
226556,0.1
226557,0.07
226561,0.2
226565,0.05
226567,0.11
226590,0.08
226599,0.29
226639,0.21
226654,0.23
226664,0.13
226668,0.19
226677,0.11
226682,0.1
226689,0.21
226691,0.16
226698,0.02
226713,0.11
226720,0.16
226734,0.04
226735,0.19
226738,0.15
226742,0.07
226763,0.03
226766,0.22
226772,0.05
226779,0.14
226780,0.14
226787,0.39
226790,0.3
226792,0.15
226797,0.12
226803,0.11
226807,0.16
226827,0.01
226828,0.13
226836,0.17
226837,0.11
226838,0.19
226847,0.12
226881,0.25
226882,0.09
226884,0.08
226917,0.18
226921,0.12
226933,0.24
226938,0.3
226948,0.07
226952,0.15
226954,0.12
226965,0.12
226970,0.11
226977,0.29
226986,0.18
227005,0.1
227009,0.18
227010,0.22
227013,0.1
227019,0.24
227025,0.17
227026,0.12
227027,0.09
227029,0.11
227049,0.14
227053,0.07
227054,0.12
227058,0.1
227074,0.09
227099,0.13
227100,0.02
227109,0.04
227111,0.09
227112,0.16
227125,0.24
227145,0.12
227148,0.2
227151,0.12
227160,0.22
227165,0.15
227200,0.26
227210,0.2
227213,0.1
227235,0.14
227242,0.08
227245,0.18
227246,0.08
227248,0.1
227251,0.16
227252,0.11
227258,0.06
227264,0.1
227270,0.22
227272,0.07
227274,0.18
227281,0.07
227290,0.08
227293,0.15
227299,0.05
227306,0.17
227323,0.09
227325,0.04
227326,0.13
227332,0.1
227336,0.04
227343,0.12
227344,0.14
227345,0.21
227348,0.14
227360,0.08
227376,0.16
227386,0.12
227392,0.28
227393,0.03
227401,0.12
227404,0.18
227413,0.1
227420,0.17
227459,0.11
227460,0.04
227462,0.09
227463,0.23
227481,0.1
227482,0.04
227485,0.15
227486,0.02
227493,0.12
227500,0.09
227501,0.08
227502,0.16
227506,0.14
227523,0.21
227525,0.08
227531,0.13
227532,0.26
227535,0.13
227542,0.04
227545,0.14
227566,0.12
227578,0.12
227585,0.22
227586,0.09
227587,0.09
227590,0.07
227595,0.23
227596,0.07
227597,0.17
227600,0.08
227621,0.16
227637,0.14
227640,0.2
227649,0.21
227653,0.09
227674,0.16
227675,0.13
227680,0.21
227696,0.03
227701,0.25
227707,0.2
227713,0.19
227715,0.18
227728,0.12
227730,0.07
227731,0.05
227732,0.15
227736,0.2
227739,0.15
227740,0.44
227741,0.17
227742,0.3
227745,0.14
227749,0.32
227752,0.2
227756,0.27
227769,0.21
227779,0.21
227783,0.11
227799,0.05
227803,0.07
227818,0.13
227822,0.17
227823,0.12
227824,0.1
227825,0.1
227826,0.17
227833,0.15
227834,0.21
227837,0.1
227839,0.02
227856,0.17
227872,0.2
227876,0.09
227905,0.15
227908,0.24
227909,0.24
227912,0.13
227917,0.13
227931,0.14
227936,0.15
227939,0.06
227941,0.06
227942,0.12
227944,0.03
227945,0.28
227952,0.15
227954,0.08
227968,0.13
227975,0.09
227989,0.16
227992,0.23
227993,0.12
227996,0.12
227997,0.18
227998,0.04
228040,0.03
228044,0.2
228045,0.12
228046,0.12
228051,0.14
228052,0.19
228053,0.17
228059,0.17
228062,0.12
228070,0.13
228074,0.1
228077,0.18
228078,0.16
228097,0.16
228099,0.07
228100,0.0
228102,0.28
228103,0.13
228104,0.26
228107,0.17
228117,0.13
228123,0.09
228125,0.18
228130,0.1
228134,0.15
228141,0.19
228153,0.26
228163,0.09
228164,0.1
228166,0.15
228168,0.2
228169,0.18
228183,0.25
228198,0.08
228199,0.24
228201,0.12
228207,0.24
228209,0.12
228219,0.13
228239,0.12
228248,0.11
228260,0.07
228268,0.24
228280,0.17
228282,0.18
228288,0.01
228289,0.03
228295,0.07
228296,0.18
228297,0.17
228298,0.17
228299,0.09
228301,0.18
228322,0.17
228324,0.19
228332,0.11
228334,0.07
228342,0.23
228351,0.12
228354,0.1
228355,0.09
228362,0.01
228375,0.14
228383,0.26
228389,0.09
228392,0.24
228411,0.18
228414,0.16
228420,0.15
228424,0.04
228426,0.12
228429,0.09
228447,0.32
228455,0.22
228458,0.11
228467,0.26
228472,0.16
228479,0.07
228482,0.15
228488,0.15
228489,0.22
228499,0.04
228501,0.03
228502,0.06
228503,0.15
228509,0.14
228512,0.14
228514,0.1
228519,0.1
228530,0.04
228534,0.17
228536,0.04
228537,0.0
228538,0.23
228539,0.05
228557,0.18
228591,0.05
228592,0.18
228608,0.03
228609,0.07
228636,0.2
228647,0.09
228656,0.15
228657,0.13
228661,0.18
228663,0.18
228671,0.11
228682,0.19
228697,0.18
228698,0.19
228712,0.13
228713,0.16
228729,0.12
228730,0.03
228737,0.25
228744,0.09
228752,0.09
228761,0.37
228763,0.31
228764,0.03
228770,0.18
228774,0.11
228781,0.11
228792,0.19
228794,0.24
228796,0.07
228799,0.21
228808,0.23
228809,0.17
228810,0.17
228813,0.08
228821,0.26
228826,0.04
228830,0.09
228831,0.1
228835,0.14
228854,0.12
228855,0.15
228863,0.08
228869,0.21
228872,0.19
228885,0.19
228888,0.08
228889,0.12
228890,0.2
228891,0.09
228894,0.18
228902,0.23
228907,0.07
228915,0.15
228918,0.25
228919,0.06
228933,0.27
228946,0.03
228947,0.22
228954,0.09
228956,0.25
228958,0.09
228969,0.22
228973,0.01
228978,0.01
228979,0.21
228988,0.14
228995,0.25
229019,0.14
229037,0.12
229041,0.13
229042,0.03
229046,0.12
229048,0.03
229053,0.13
229064,0.32
229073,0.11
229074,0.08
229077,0.21
229095,0.13
229100,0.2
229103,0.04
229104,0.15
229105,0.15
229107,0.03
229115,0.17
229117,0.17
229118,0.08
229124,0.2
229125,0.0
229130,0.18
229157,0.12
229162,0.09
229185,0.15
229195,0.05
229201,0.24
229202,0.11
229219,0.15
229220,0.07
229223,0.19
229224,0.15
229229,0.14
229233,0.08
229255,0.12
229261,0.15
229262,0.03
229271,0.19
229276,0.13
229277,0.09
229278,0.11
229280,0.12
229298,0.18
229301,0.21
229316,0.22
229325,0.12
229329,0.1
229334,0.12
229336,0.12
229337,0.21
229342,0.06
229349,0.03
229357,0.09
229369,0.24
229374,0.11
229402,0.14
229427,0.02
229452,0.16
229455,0.22
229459,0.31
229462,0.09
229482,0.15
229488,0.07
229496,0.13
229507,0.22
229508,0.05
229531,0.13
229576,0.06
229595,0.09
229602,0.18
229609,0.1
229610,0.29
229614,0.15
229615,0.16
229631,0.15
229632,0.15
229638,0.1
229647,0.18
229651,0.13
229659,0.06
229663,0.27
229671,0.08
229672,0.14
229675,0.09
229684,0.13
229687,0.11
229705,0.12
229711,0.06
229713,0.2
229714,0.19
229731,0.25
229738,0.16
229742,0.2
229745,0.07
229746,0.07
229749,0.26
229765,0.2
229767,0.02
229779,0.23
229782,0.1
229802,0.22
229805,0.17
229810,0.36
229816,0.16
229828,0.06
229838,0.17
229850,0.21
229858,0.09
229860,0.14
229877,0.15
229888,0.19
229894,0.03
229898,0.19
229905,0.08
229912,0.28
229913,0.12
229921,0.25
229923,0.06
229930,0.04
229962,0.05
229963,0.27
229977,0.07
229984,0.15
229998,0.05
230012,0.08
230016,0.31
230020,0.1
230024,0.27
230037,0.17
230038,0.06
230040,0.06
230042,0.09
230044,0.1
230050,0.08
230056,0.08
230067,0.15
230076,0.16
230077,0.19
230084,0.15
230098,0.06
230107,0.2
230116,0.07
230119,0.03
230121,0.04
230122,0.3
230135,0.12
230139,0.1
230179,0.1
230180,0.19
230185,0.05
230192,0.1
230203,0.19
230216,0.06
230226,0.15
230260,0.26
230268,0.05
230289,0.31
230296,0.06
230317,0.02
230328,0.26
230329,0.42
230330,0.16
230332,0.05
230338,0.15
230343,0.17
230344,0.14
230349,0.07
230369,0.02
230379,0.1
230391,0.0
230393,0.26
230394,0.08
230402,0.05
230404,0.34
230416,0.16
230417,0.06
230423,0.23
230427,0.13
230448,0.22
230449,0.1
230451,0.1
230453,0.08
230454,0.11
230457,0.08
230458,0.22
230459,0.22
230461,0.13
230464,0.16
230494,0.03
230517,0.1
230520,0.12
230521,0.07
230534,0.12
230553,0.1
230581,0.11
230585,0.06
230590,0.11
230592,0.11
230605,0.1
230610,0.05
230623,0.17
230628,0.16
230629,0.12
230640,0.15
230641,0.07
230642,0.04
230655,0.13
230656,0.19
230662,0.15
230675,0.05
230677,0.14
230688,0.07
230709,0.26
230716,0.13
230742,0.04
230748,0.27
230763,0.1
230779,0.15
230780,0.16
230781,0.27
230783,0.12
230788,0.22
230789,0.07
230792,0.15
230817,0.09
230820,0.09
230827,0.11
230828,0.01
230860,0.09
230864,0.22
230875,0.22
230878,0.02
230880,0.07
230929,0.12
230931,0.17
230934,0.11
230939,0.12
230940,0.08
230941,0.12
230942,0.33
230982,0.13
231028,0.1
231031,0.18
231039,0.07
231048,0.11
231065,0.09
231076,0.15
231079,0.12
231082,0.06
231086,0.2
231107,0.11
231118,0.11
231127,0.09
231134,0.04
231136,0.02
231137,0.09
231156,0.18
231160,0.19
231175,0.08
231177,0.14
231189,0.09
231191,0.19
231194,0.14
231198,0.18
231203,0.21
231211,0.17
231226,0.1
231245,0.14
231257,0.26
231268,0.21
231279,0.13
231290,0.19
231298,0.13
231299,0.03
231301,0.13
231306,0.08
231312,0.17
231314,0.16
231326,0.39
231343,0.12
231353,0.06
231359,0.13
231364,0.1
231387,0.12
231392,0.14
231409,0.23
231423,0.2
231427,0.07
231429,0.27
231433,0.18
231437,0.12
231448,0.05
231454,0.14
231460,0.24
231480,0.13
231496,0.04
231504,0.14
231513,0.09
231516,0.08
231523,0.03
231529,0.18
231532,0.17
231533,0.19
231542,0.18
231546,0.01
231554,0.15
231556,0.19
231561,0.12
231562,0.17
231563,0.01
231568,0.15
231589,0.1
231598,0.12
231616,0.08
231628,0.04
231637,0.2
231641,0.12
231656,0.23
231679,0.05
231682,0.19
231689,0.06
231690,0.13
231713,0.22
231716,0.03
231726,0.11
231734,0.23
231736,0.08
231742,0.08
231754,0.14
231757,0.07
231758,0.06
231761,0.19
231771,0.16
231773,0.13
231782,0.19
231785,0.29
231786,0.15
231789,0.06
231790,0.18
231791,0.17
231804,0.11
231835,0.09
231837,0.17
231840,0.12
231845,0.23
231863,0.2
231867,0.16
231874,0.29
231877,0.15
231887,0.19
231892,0.07
231899,0.15
231912,0.42
231914,0.14
231924,0.15
231927,0.04
231935,0.05
231938,0.19
231940,0.16
231947,0.14
231954,0.08
231955,0.16
231956,0.07
231969,0.09
231982,0.09
231983,0.12
231984,0.09
231987,0.16
232006,0.09
232012,0.0
232022,0.08
232023,0.18
232028,0.08
232034,0.03
232047,0.12
232050,0.12
232054,0.19
232063,0.21
232066,0.11
232081,0.17
232083,0.06
232094,0.18
232103,0.02
232108,0.04
232110,0.06
232122,0.08
232123,0.08
232132,0.04
232148,0.39
232149,0.07
232152,0.21
232157,0.11
232164,0.24
232170,0.25
232172,0.07
232174,0.22
232177,0.24
232227,0.1
232228,0.09
232237,0.05
232256,0.06
232275,0.17
232278,0.15
232279,0.11
232282,0.16
232285,0.19
232288,0.11
232301,0.25
232303,0.12
232309,0.21
232325,0.1
232329,0.13
232331,0.06
232335,0.23
232370,0.22
232371,0.0
232372,0.07
232390,0.34
232391,0.11
232392,0.18
232410,0.05
232423,0.07
232426,0.16
232428,0.32
232450,0.24
232466,0.24
232478,0.1
232493,0.19
232506,0.14
232516,0.11
232518,0.12
232530,0.09
232534,0.07
232535,0.05
232541,0.15
232547,0.18
232552,0.1
232558,0.1
232559,0.09
232560,0.16
232566,0.1
232570,0.08
232575,0.12
232578,0.12
232590,0.06
232615,0.03
232640,0.32
232643,0.1
232664,0.31
232676,0.05
232699,0.22
232702,0.13
232720,0.05
232733,0.21
232736,0.05
232738,0.06
232752,0.05
232758,0.04
232779,0.08
232784,0.27
232790,0.16
232799,0.21
232823,0.08
232824,0.12
232842,0.12
232849,0.06
232853,0.11
232859,0.18
232862,0.16
232864,0.13
232866,0.12
232869,0.09
232871,0.11
232876,0.13
232881,0.17
232898,0.07
232899,0.12
232914,0.2
232917,0.15
232923,0.16
232925,0.1
232942,0.17
232943,0.18
232965,0.02
232968,0.15
232972,0.17
232980,0.28
232999,0.05
233013,0.15
233021,0.4
233022,0.08
233054,0.16
233059,0.29
233065,0.05
233071,0.06
233074,0.04
233093,0.16
233095,0.12
233102,0.07
233104,0.18
233107,0.1
233108,0.14
233109,0.33
233112,0.15
233113,0.04
233122,0.14
233125,0.1
233126,0.26
233170,0.1
233171,0.14
233172,0.35
233175,0.11
233179,0.14
233189,0.21
233223,0.18
233224,0.21
233228,0.03
233247,0.18
233249,0.14
233263,0.09
233271,0.11
233273,0.15
233301,0.03
233305,0.06
233310,0.05
233311,0.17
233312,0.07
233324,0.04
233326,0.15
233327,0.15
233335,0.23
233349,0.09
233352,0.29
233362,0.22
233373,0.13
233390,0.21
233393,0.24
233400,0.13
233401,0.21
233404,0.22
233405,0.1
233406,0.1
233411,0.06
233421,0.11
233423,0.13
233424,0.05
233427,0.24
233429,0.18
233431,0.06
233432,0.02
233438,0.09
233448,0.05
233450,0.08
233451,0.13
233453,0.14
233480,0.13
233482,0.13
233483,0.16
233489,0.22
233490,0.17
233496,0.15
233497,0.11
233508,0.3
233509,0.23
233512,0.13
233517,0.07
233526,0.24
233528,0.16
233544,0.09
233554,0.29
233566,0.14
233572,0.05
233575,0.04
233578,0.13
233582,0.36
233583,0.07
233589,0.24
233594,0.32
233603,0.18
233627,0.1
233632,0.12
233639,0.03
233651,0.14
233652,0.05
233658,0.1
233675,0.14
233677,0.11
233682,0.08
233688,0.12
233689,0.37
233692,0.12
233697,0.21
233704,0.17
233709,0.27
233711,0.24
233721,0.08
233729,0.01
233734,0.05
233744,0.04
233764,0.15
233775,0.22
233783,0.3
233792,0.16
233796,0.16
233797,0.16
233798,0.11
233810,0.12
233818,0.16
233819,0.08
233830,0.07
233831,0.13
233838,0.11
233852,0.12
233854,0.05
233856,0.02
233858,0.08
233883,0.12
233888,0.08
233889,0.15
233892,0.08
233893,0.14
233894,0.15
233895,0.17
233901,0.11
233927,0.1
233928,0.11
233929,0.23
233960,0.08
233965,0.18
233970,0.03
233975,0.16
233981,0.19
233991,0.24
234012,0.18
234016,0.25
234024,0.03
234025,0.04
234027,0.27
234034,0.21
234035,0.05
234048,0.11
234069,0.1
234077,0.1
234086,0.1
234103,0.13
234110,0.15
234115,0.04
234126,0.12
234135,0.12
234136,0.12
234147,0.08
234151,0.15
234159,0.07
234163,0.15
234174,0.11
234186,0.18
234187,0.25
234192,0.09
234198,0.08
234205,0.17
234215,0.08
234220,0.07
234225,0.11
234227,0.04
234228,0.03
234231,0.15
234232,0.33
234236,0.17
234239,0.16
234240,0.16
234242,0.09
234262,0.14
234267,0.18
234283,0.24
234284,0.21
234286,0.04
234291,0.15
234302,0.15
234303,0.16
234308,0.12
234320,0.03
234326,0.18
234336,0.09
234340,0.15
234362,0.11
234365,0.15
234371,0.06
234373,0.15
234395,0.11
234400,0.08
234404,0.16
234412,0.17
234431,0.18
234433,0.15
234440,0.09
234453,0.05
234454,0.06
234460,0.09
234470,0.17
234473,0.13
234502,0.26
234503,0.16
234507,0.29
234529,0.14
234531,0.06
234543,0.14
234550,0.17
234556,0.09
234560,0.09
234567,0.04
234580,0.24
234582,0.16
234594,0.06
234599,0.24
234604,0.05
234605,0.08
234611,0.01
234617,0.09
234648,0.13
234660,0.03
234661,0.14
234663,0.09
234664,0.0
234670,0.09
234671,0.09
234673,0.13
234687,0.13
234688,0.15
234690,0.16
234694,0.03
234695,0.1
234704,0.25
234705,0.02
234710,0.11
234718,0.07
234719,0.13
234732,0.1
234739,0.14
234755,0.19
234760,0.03
234778,0.11
234781,0.12
234786,0.12
234788,0.31
234789,0.0
234802,0.12
234809,0.39
234814,0.13
234823,0.04
234825,0.09
234829,0.05
234838,0.23
234847,0.09
234876,0.07
234908,0.29
234914,0.1
234917,0.05
234935,0.12
234936,0.08
234941,0.11
234942,0.11
234943,0.06
234946,0.04
234947,0.05
234960,0.21
234967,0.12
234980,0.29
234990,0.24
234996,0.1
234999,0.1
235002,0.11
235021,0.16
235025,0.19
235034,0.01
235037,0.08
235046,0.04
235051,0.22
235052,0.22
235054,0.1
235061,0.1
235066,0.1
235076,0.06
235087,0.21
235089,0.23
235091,0.28
235107,0.08
235118,0.14
235123,0.07
235134,0.13
235137,0.23
235146,0.03
235147,0.11
235153,0.12
235166,0.33
235168,0.03
235183,0.01
235187,0.03
235189,0.1
235202,0.1
235214,0.14
235215,0.03
235216,0.24
235219,0.21
235223,0.1
235231,0.25
235240,0.11
235252,0.11
235253,0.03
235254,0.15
235259,0.07
235270,0.16
235275,0.09
235283,0.12
235291,0.04
235306,0.11
235327,0.13
235337,0.29
235342,0.03
235356,0.04
235357,0.15
235372,0.23
235378,0.16
235386,0.06
235401,0.03
235403,0.05
235423,0.07
235424,0.11
235434,0.03
235435,0.13
235438,0.15
235451,0.03
235452,0.11
235454,0.24
235456,0.05
235459,0.03
235460,0.04
235463,0.18
235491,0.21
235492,0.22
235501,0.11
235505,0.05
235512,0.16
235519,0.21
235549,0.14
235592,0.08
235597,0.05
235601,0.04
235602,0.12
235612,0.1
235617,0.13
235622,0.11
235636,0.15
235641,0.11
235644,0.2
235645,0.02
235651,0.04
235664,0.03
235668,0.35
235677,0.05
235692,0.07
235693,0.16
235698,0.15
235722,0.17
235741,0.05
235743,0.23
235752,0.02
235757,0.17
235766,0.05
235768,0.15
235769,0.1
235775,0.06
235778,0.15
235782,0.3
235791,0.16
235792,0.06
235796,0.13
235797,0.24
235799,0.17
235803,0.18
235804,0.28
235809,0.04
235811,0.2
235812,0.04
235827,0.12
235837,0.03
235839,0.03
235850,0.27
235852,0.1
235854,0.11
235860,0.19
235862,0.07
235869,0.18
235877,0.06
235889,0.12
235890,0.25
235891,0.08
235893,0.06
235900,0.1
235901,0.06
235914,0.11
235915,0.28
235924,0.16
235950,0.05
235968,0.11
235977,0.19
235978,0.14
235980,0.22
235990,0.18
235999,0.06
236002,0.11
236022,0.16
236033,0.24
236034,0.12
236037,0.36
236038,0.26
236039,0.15
236040,0.07
236053,0.3
236064,0.08
236068,0.07
236069,0.21
236094,0.12
236107,0.24
236123,0.17
236143,0.08
236214,0.17
236215,0.06
236221,0.21
236229,0.12
236234,0.1
236236,0.08
236237,0.09
236239,0.11
236266,0.37
236271,0.07
236283,0.08
236286,0.13
236287,0.31
236289,0.09
236293,0.11
236302,0.05
236303,0.12
236313,0.13
236324,0.06
236330,0.15
236332,0.1
236345,0.19
236350,0.08
236352,0.09
236359,0.07
236362,0.22
236373,0.1
236378,0.29
236391,0.08
236395,0.32
236412,0.14
236418,0.2
236421,0.08
236451,0.04
236454,0.06
236457,0.08
236463,0.16
236469,0.14
236476,0.03
236485,0.19
236508,0.2
236509,0.1
236525,0.1
236527,0.24
236529,0.15
236555,0.18
236562,0.31
236568,0.22
236569,0.16
236580,0.12
236581,0.09
236583,0.21
236586,0.14
236594,0.15
236631,0.04
236632,0.16
236634,0.19
236638,0.09
236643,0.15
236648,0.14
236655,0.27
236656,0.28
236657,0.1
236663,0.13
236681,0.05
236683,0.12
236691,0.02
236698,0.23
236713,0.08
236727,0.33
236732,0.17
236733,0.11
236735,0.15
236737,0.1
236749,0.12
236750,0.07
236752,0.15
236765,0.04
236766,0.06
236769,0.06
236771,0.22
236774,0.11
236775,0.08
236790,0.17
236793,0.09
236797,0.22
236798,0.1
236809,0.18
236821,0.16
236831,0.07
236836,0.11
236838,0.05
236849,0.03
236852,0.12
236860,0.24
236862,0.04
236865,0.06
236873,0.19
236885,0.2
236891,0.11
236894,0.1
236904,0.25
236905,0.09
236911,0.11
236939,0.01
236948,0.02
236950,0.06
236957,0.07
236965,0.03
236974,0.16
236975,0.08
236981,0.05
236985,0.14
236995,0.25
237023,0.12
237025,0.05
237038,0.09
237058,0.07
237060,0.12
237078,0.1
237079,0.14
237080,0.23
237084,0.07
237086,0.03
237087,0.25
237091,0.19
237092,0.08
237093,0.16
237094,0.13
237103,0.08
237116,0.15
237118,0.1
237126,0.07
237136,0.08
237144,0.17
237149,0.16
237150,0.23
237157,0.14
237158,0.05
237170,0.19
237171,0.07
237193,0.08
237196,0.08
237200,0.04
237248,0.19
237254,0.28
237256,0.1
237257,0.09
237267,0.11
237268,0.16
237269,0.04
237271,0.18
237280,0.15
237301,0.06
237304,0.14
237308,0.11
237311,0.11
237334,0.17
237338,0.28
237344,0.11
237361,0.05
237362,0.11
237368,0.07
237369,0.32
237371,0.11
237373,0.14
237377,0.14
237378,0.12
237383,0.13
237386,0.03
237392,0.09
237399,0.09
237408,0.13
237411,0.13
237414,0.19
237417,0.1
237424,0.36
237439,0.04
237457,0.04
237458,0.03
237459,0.12
237471,0.14
237474,0.19
237475,0.14
237476,0.1
237490,0.06
237491,0.14
237495,0.18
237501,0.16
237512,0.11
237516,0.06
237518,0.22
237528,0.19
237529,0.25
237537,0.25
237543,0.15
237547,0.1
237552,0.05
237563,0.14
237585,0.13
237598,0.09
237606,0.09
237624,0.19
237632,0.04
237635,0.18
237640,0.09
237642,0.1
237647,0.1
237648,0.13
237651,0.25
237657,0.16
237663,0.12
237692,0.07
237701,0.13
237715,0.05
237726,0.08
237728,0.1
237731,0.12
237732,0.27
237746,0.17
237759,0.05
237768,0.12
237772,0.38
237780,0.18
237787,0.13
237792,0.25
237804,0.14
237812,0.17
237815,0.02
237821,0.12
237827,0.07
237845,0.14
237862,0.19
237869,0.12
237872,0.23
237900,0.18
237909,0.16
237917,0.12
237921,0.05
237951,0.08
237952,0.13
237957,0.0
237960,0.11
237963,0.1
237973,0.1
237984,0.1
237990,0.2
237997,0.15
237998,0.23
238025,0.12
238027,0.03
238052,0.11
238053,0.13
238054,0.29
238065,0.09
238066,0.16
238075,0.24
238082,0.07
238087,0.18
238114,0.04
238117,0.2
238127,0.2
238129,0.21
238133,0.07
238135,0.01
238152,0.2
238157,0.11
238163,0.01
238170,0.11
238176,0.17
238180,0.31
238195,0.02
238198,0.05
238199,0.09
238206,0.32
238218,0.17
238219,0.07
238222,0.13
238224,0.11
238230,0.2
238237,0.11
238238,0.07
238247,0.16
238254,0.17
238256,0.15
238257,0.1
238270,0.11
238278,0.08
238279,0.16
238282,0.03
238286,0.03
238293,0.04
238298,0.09
238299,0.03
238306,0.31
238307,0.11
238308,0.07
238322,0.06
238327,0.17
238328,0.22
238330,0.01
238335,0.13
238347,0.16
238355,0.25
238356,0.15
238361,0.02
238367,0.06
238377,0.08
238413,0.11
238419,0.13
238436,0.06
238437,0.32
238443,0.06
238450,0.02
238452,0.06
238453,0.18
238454,0.31
238457,0.02
238467,0.21
238469,0.1
238470,0.11
238474,0.26
238478,0.18
238480,0.18
238492,0.17
238496,0.13
238500,0.22
238508,0.32
238512,0.15
238520,0.02
238540,0.13
238548,0.05
238549,0.11
238550,0.08
238563,0.13
238586,0.14
238607,0.09
238608,0.14
238615,0.08
238623,0.09
238627,0.11
238630,0.3
238635,0.1
238638,0.15
238642,0.12
238646,0.08
238656,0.09
238665,0.17
238674,0.05
238687,0.12
238702,0.19
238703,0.05
238705,0.18
238712,0.12
238716,0.07
238717,0.12
238718,0.05
238747,0.1
238754,0.19
238767,0.12
238793,0.14
238794,0.19
238796,0.13
238806,0.14
238832,0.16
238833,0.0
238840,0.12
238850,0.05
238853,0.1
238855,0.12
238858,0.1
238867,0.4
238868,0.13
238869,0.26
238873,0.09
238879,0.16
238893,0.26
238903,0.01
238904,0.22
238906,0.24
238928,0.16
238933,0.1
238941,0.17
238945,0.06
238947,0.19
238954,0.17
238963,0.14
238986,0.18
239003,0.21
239018,0.11
239019,0.25
239020,0.12
239021,0.23
239031,0.13
239042,0.14
239051,0.13
239056,0.15
239058,0.15
239075,0.03
239078,0.08
239079,0.08
239081,0.02
239082,0.13
239085,0.13
239100,0.09
239104,0.15
239120,0.14
239123,0.1
239140,0.16
239144,0.03
239145,0.13
239146,0.08
239153,0.14
239155,0.06
239161,0.23
239168,0.25
239177,0.15
239180,0.14
239193,0.11
239199,0.11
239206,0.21
239207,0.05
239209,0.06
239221,0.09
239225,0.04
239227,0.09
239237,0.11
239249,0.16
239273,0.33
239282,0.02
239290,0.16
239298,0.07
239302,0.12
239307,0.11
239309,0.14
239314,0.11
239319,0.19
239328,0.14
239334,0.15
239343,0.06
239344,0.09
239356,0.13
239357,0.22
239428,0.11
239429,0.08
239453,0.07
239471,0.17
239479,0.03
239480,0.19
239485,0.04
239489,0.2
239518,0.29
239522,0.2
239525,0.14
239540,0.16
239567,0.11
239573,0.12
239574,0.11
239578,0.16
239587,0.11
239588,0.03
239597,0.11
239603,0.07
239612,0.18
239616,0.36
239617,0.14
239618,0.33
239631,0.07
239639,0.23
239644,0.09
239672,0.05
239680,0.17
239685,0.05
239687,0.03
239715,0.13
239722,0.18
239733,0.12
239746,0.01
239748,0.09
239760,0.16
239765,0.32
239766,0.32
239774,0.14
239775,0.02
239788,0.23
239795,0.14
239796,0.09
239801,0.06
239808,0.06
239816,0.09
239819,0.15
239825,0.09
239832,0.22
239840,0.1
239845,0.04
239853,0.0
239862,0.16
239867,0.12
239873,0.16
239884,0.15
239920,0.07
239924,0.23
239937,0.1
239938,0.1
239948,0.02
239951,0.12
239952,0.08
239996,0.13
239998,0.18
240013,0.13
240027,0.11
240028,0.11
240036,0.37
240041,0.22
240046,0.02
240063,0.03
240076,0.09
240082,0.3
240086,0.1
240087,0.15
240089,0.19
240090,0.13
240093,0.13
240110,0.21
240111,0.14
240113,0.05
240117,0.09
240118,0.11
240120,0.1
240125,0.22
240130,0.1
240131,0.25
240133,0.11
240138,0.26
240149,0.05
240161,0.11
240177,0.36
240188,0.18
240197,0.14
240204,0.24
240215,0.07
240257,0.13
240266,0.16
240284,0.13
240296,0.16
240300,0.08
240312,0.16
240314,0.3
240320,0.11
240321,0.22
240337,0.18
240339,0.1
240341,0.22
240342,0.19
240346,0.09
240348,0.21
240364,0.18
240378,0.09
240382,0.14
240387,0.13
240404,0.07
240409,0.13
240412,0.13
240413,0.21
240414,0.08
240415,0.11
240416,0.12
240427,0.05
240428,0.19
240438,0.23
240447,0.03
240489,0.15
240494,0.06
240495,0.06
240507,0.1
240526,0.11
240530,0.15
240531,0.24
240554,0.17
240559,0.04
240561,0.14
240577,0.15
240578,0.15
240585,0.17
240587,0.16
240594,0.15
240603,0.11
240615,0.03
240629,0.12
240631,0.11
240637,0.13
240646,0.27
240649,0.09
240657,0.04
240664,0.13
240665,0.15
240668,0.11
240670,0.2
240685,0.18
240689,0.07
240702,0.12
240707,0.06
240709,0.22
240712,0.15
240716,0.02
240717,0.03
240725,0.13
240733,0.06
240742,0.27
240744,0.18
240819,0.15
240820,0.18
240826,0.14
240836,0.25
240839,0.18
240847,0.19
240859,0.29
240866,0.26
240868,0.02
240875,0.14
240878,0.07
240888,0.1
240896,0.11
240897,0.17
240898,0.27
240899,0.3
240900,0.11
240901,0.24
240902,0.19
240903,0.21
240904,0.17
240910,0.12
240916,0.11
240921,0.18
240923,0.21
240929,0.09
240930,0.18
240931,0.08
240932,0.08
240938,0.11
240943,0.23
240948,0.11
240954,0.1
240972,0.09
240992,0.08
240993,0.15
240994,0.06
241018,0.14
241026,0.14
241031,0.08
241052,0.13
241060,0.2
241076,0.23
241113,0.08
241116,0.2
241118,0.07
241121,0.12
241130,0.13
241142,0.0
241146,0.1
241159,0.02
241160,0.04
241161,0.26
241163,0.34
241176,0.03
241187,0.09
241188,0.16
241191,0.15
241192,0.16
241198,0.27
241208,0.16
241210,0.1
241226,0.15
241244,0.17
241252,0.08
241254,0.07
241256,0.08
241264,0.25
241266,0.2
241267,0.11
241274,0.16
241279,0.14
241281,0.16
241284,0.12
241293,0.08
241330,0.11
241333,0.11
241344,0.22
241348,0.16
241359,0.04
241362,0.19
241372,0.09
241377,0.09
241381,0.23
241390,0.07
241395,0.11
241397,0.13
241401,0.13
241402,0.2
241415,0.1
241417,0.16
241426,0.32
241432,0.19
241436,0.05
241444,0.14
241447,0.22
241456,0.1
241457,0.09
241464,0.09
241465,0.1
241469,0.15
241479,0.14
241482,0.22
241488,0.16
241489,0.09
241507,0.29
241509,0.02
241511,0.06
241520,0.02
241523,0.16
241536,0.18
241545,0.19
241574,0.08
241577,0.26
241599,0.25
241608,0.11
241627,0.09
241631,0.16
241640,0.14
241642,0.08
241645,0.2
241647,0.08
241649,0.12
241654,0.22
241655,0.1
241657,0.23
241665,0.06
241671,0.02
241678,0.12
241683,0.15
241686,0.05
241699,0.06
241704,0.24
241706,0.14
241709,0.04
241718,0.1
241723,0.16
241729,0.02
241739,0.3
241741,0.15
241752,0.15
241756,0.07
241763,0.1
241779,0.11
241793,0.04
241797,0.13
241804,0.13
241813,0.1
241816,0.12
241817,0.18
241821,0.02
241838,0.3
241839,0.06
241855,0.23
241857,0.03
241887,0.06
241888,0.08
241899,0.27
241903,0.07
241908,0.23
241914,0.19
241919,0.15
241933,0.18
241943,0.03
241947,0.09
241957,0.24
241960,0.19
241961,0.13
241965,0.11
241971,0.11
241982,0.08
241990,0.07
242011,0.1
242022,0.09
242023,0.15
242025,0.22
242035,0.14
242037,0.09
242043,0.22
242067,0.18
242075,0.08
242077,0.07
242088,0.13
242103,0.16
242125,0.1
242134,0.33
242143,0.15
242144,0.1
242148,0.03
242155,0.07
242163,0.08
242171,0.04
242182,0.2
242185,0.06
242188,0.29
242201,0.27
242203,0.02
242204,0.05
242208,0.15
242210,0.14
242217,0.14
242219,0.09
242222,0.21
242224,0.34
242229,0.16
242231,0.18
242236,0.28
242256,0.12
242264,0.09
242269,0.09
242280,0.08
242281,0.1
242285,0.07
242295,0.15
242302,0.12
242314,0.04
242319,0.13
242332,0.16
242338,0.05
242342,0.11
242343,0.18
242345,0.09
242354,0.12
242361,0.2
242365,0.25
242373,0.11
242378,0.14
242383,0.19
242385,0.14
242389,0.04
242397,0.23
242404,0.24
242406,0.13
242410,0.12
242436,0.11
242439,0.12
242440,0.2
242444,0.03
242445,0.18
242455,0.24
242477,0.23
242479,0.24
242484,0.11
242491,0.06
242492,0.11
242497,0.15
242498,0.07
242499,0.15
242500,0.22
242501,0.14
242502,0.13
242516,0.15
242518,0.15
242523,0.22
242525,0.21
242537,0.09
242549,0.03
242550,0.14
242553,0.17
242554,0.03
242561,0.08
242566,0.31
242567,0.27
242587,0.16
242598,0.18
242609,0.31
242611,0.16
242614,0.2
242617,0.25
242622,0.16
242623,0.06
242629,0.06
242633,0.13
242636,0.15
242637,0.21
242642,0.09
242651,0.02
242655,0.22
242667,0.07
242668,0.04
242670,0.09
242681,0.04
242689,0.11
242690,0.19
242692,0.16
242693,0.03
242699,0.09
242706,0.12
242712,0.25
242714,0.25
242715,0.04
242721,0.12
242725,0.09
242728,0.13
242740,0.09
242741,0.05
242762,0.22
242766,0.16
242772,0.02
242779,0.07
242782,0.06
242795,0.21
242796,0.1
242800,0.04
242810,0.02
242816,0.19
242824,0.13
242829,0.29
242833,0.02
242837,0.15
242851,0.06
242857,0.18
242858,0.09
242860,0.3
242874,0.07
242876,0.15
242877,0.12
242879,0.07
242890,0.11
242897,0.08
242898,0.17
242904,0.07
242916,0.05
242920,0.09
242924,0.12
242930,0.07
242936,0.19
242938,0.03
242951,0.15
242952,0.13
242956,0.06
242970,0.28
242972,0.12
242973,0.13
242975,0.02
242979,0.19
242985,0.03
242989,0.08
242994,0.28
242996,0.31
243004,0.18
243013,0.1
243015,0.24
243017,0.1
243022,0.1
243075,0.32
243077,0.03
243089,0.11
243096,0.15
243099,0.06
243109,0.04
243110,0.17
243111,0.04
243112,0.19
243114,0.14
243124,0.24
243128,0.31
243136,0.07
243143,0.2
243148,0.03
243151,0.11
243152,0.12
243163,0.16
243170,0.13
243173,0.05
243184,0.11
243187,0.04
243193,0.15
243206,0.14
243208,0.03
243236,0.13
243237,0.12
243241,0.06
243244,0.13
243251,0.07
243256,0.1
243257,0.15
243263,0.18
243265,0.06
243276,0.15
243283,0.15
243287,0.08
243289,0.31
243291,0.08
243294,0.09
243299,0.18
243301,0.12
243302,0.08
243310,0.1
243313,0.16
243334,0.14
243335,0.14
243345,0.14
243353,0.09
243369,0.09
243371,0.18
243375,0.12
243383,0.28
243387,0.13
243390,0.26
243398,0.02
243399,0.16
243401,0.06
243412,0.16
243430,0.07
243433,0.0
243440,0.03
243445,0.23
243475,0.05
243481,0.11
243501,0.29
243518,0.08
243528,0.12
243544,0.07
243550,0.13
243555,0.13
243558,0.19
243559,0.24
243569,0.21
243580,0.05
243581,0.07
243590,0.07
243611,0.13
243619,0.14
243643,0.09
243659,0.15
243664,0.16
243665,0.27
243679,0.14
243680,0.17
243681,0.1
243689,0.17
243699,0.1
243700,0.16
243703,0.08
243714,0.31
243734,0.18
243741,0.3
243747,0.03
243757,0.1
243764,0.24
243766,0.12
243770,0.16
243774,0.18
243777,0.09
243778,0.02
243783,0.15
243788,0.09
243801,0.19
243802,0.09
243805,0.2
243821,0.18
243828,0.08
243831,0.17
243838,0.4
243850,0.04
243861,0.14
243871,0.32
243873,0.08
243874,0.25
243875,0.14
243891,0.2
243893,0.13
243900,0.12
243907,0.2
243908,0.23
243916,0.24
243921,0.16
243943,0.03
243958,0.21
243963,0.2
243965,0.08
243968,0.11
243978,0.17
243993,0.15
243996,0.14
244004,0.15
244006,0.22
244045,0.1
244046,0.04
244047,0.1
244049,0.05
244051,0.21
244058,0.14
244093,0.05
244100,0.07
244102,0.25
244104,0.15
244108,0.05
244112,0.21
244114,0.05
244134,0.02
244136,0.13
244140,0.06
244151,0.1
244152,0.22
244164,0.28
244168,0.11
244173,0.1
244176,0.12
244179,0.1
244189,0.07
244201,0.12
244205,0.12
244212,0.16
244216,0.16
244226,0.13
244228,0.06
244238,0.18
244246,0.04
244252,0.2
244257,0.05
244266,0.16
244268,0.13
244280,0.17
244290,0.11
244294,0.17
244295,0.19
244296,0.39
244298,0.14
244307,0.18
244321,0.06
244322,0.16
244324,0.01
244335,0.12
244346,0.14
244364,0.12
244372,0.15
244377,0.14
244387,0.22
244388,0.28
244395,0.18
244396,0.08
244403,0.09
244416,0.22
244417,0.1
244420,0.11
244421,0.08
244428,0.18
244429,0.19
244432,0.15
244456,0.15
244460,0.16
244461,0.14
244464,0.1
244470,0.05
244475,0.2
244484,0.17
244487,0.16
244489,0.09
244498,0.12
244526,0.14
244529,0.42
244534,0.05
244536,0.28
244543,0.29
244545,0.1
244555,0.1
244560,0.15
244562,0.15
244570,0.23
244572,0.21
244574,0.22
244605,0.1
244612,0.12
244624,0.11
244631,0.15
244632,0.25
244643,0.17
244652,0.16
244666,0.11
244671,0.08
244672,0.19
244683,0.08
244690,0.08
244696,0.11
244703,0.07
244710,0.15
244713,0.05
244719,0.09
244724,0.16
244736,0.14
244763,0.23
244764,0.24
244765,0.32
244767,0.2
244772,0.28
244786,0.15
244789,0.07
244794,0.17
244799,0.13
244810,0.07
244815,0.01
244830,0.09
244848,0.2
244852,0.11
244866,0.09
244867,0.33
244874,0.13
244887,0.11
244891,0.16
244897,0.37
244898,0.16
244909,0.1
244910,0.18
244913,0.15
244925,0.23
244928,0.17
244932,0.13
244942,0.06
244943,0.19
244949,0.21
244954,0.06
244971,0.04
244973,0.44
244989,0.27
245001,0.09
245012,0.09
245026,0.19
245030,0.1
245036,0.14
245049,0.18
245057,0.05
245062,0.16
245063,0.1
245074,0.11
245076,0.17
245105,0.09
245106,0.08
245121,0.07
245124,0.11
245129,0.02
245133,0.22
245138,0.11
245150,0.23
245156,0.18
245157,0.09
245168,0.02
245170,0.06
245177,0.15
245178,0.02
245182,0.07
245208,0.1
245219,0.17
245221,0.03
245222,0.13
245224,0.14
245225,0.1
245233,0.24
245234,0.17
245244,0.05
245253,0.31
245260,0.02
245272,0.19
245281,0.05
245296,0.15
245297,0.22
245303,0.09
245309,0.15
245313,0.06
245316,0.14
245328,0.07
245344,0.15
245351,0.13
245357,0.21
245367,0.18
245369,0.2
245376,0.16
245381,0.2
245411,0.09
245426,0.08
245428,0.13
245430,0.14
245437,0.2
245443,0.09
245450,0.25
245452,0.16
245468,0.18
245481,0.07
245486,0.15
245496,0.11
245501,0.21
245502,0.12
245503,0.04
245564,0.18
245567,0.08
245568,0.25
245576,0.31
245577,0.09
245578,0.09
245595,0.04
245598,0.09
245604,0.04
245611,0.07
245615,0.23
245617,0.09
245627,0.13
245659,0.07
245661,0.19
245681,0.06
245687,0.18
245697,0.19
245708,0.12
245713,0.01
245717,0.11
245720,0.09
245721,0.22
245724,0.14
245728,0.2
245738,0.04
245746,0.06
245747,0.14
245748,0.17
245766,0.0
245767,0.27
245784,0.12
245792,0.1
245802,0.13
245804,0.03
245815,0.08
245820,0.18
245830,0.11
245834,0.15
245836,0.1
245844,0.1
245853,0.19
245862,0.21
245863,0.18
245882,0.19
245892,0.07
245906,0.18
245913,0.15
245926,0.17
245932,0.01
245933,0.13
245934,0.15
245939,0.24
245948,0.11
245955,0.16
245957,0.01
245967,0.09
245979,0.2
245980,0.18
245989,0.02
245992,0.13
245994,0.12
246006,0.11
246010,0.17
246017,0.14
246041,0.16
246045,0.15
246053,0.11
246057,0.16
246059,0.15
246061,0.17
246079,0.05
246082,0.08
246089,0.02
246091,0.07
246102,0.13
246127,0.17
246134,0.06
246135,0.08
246138,0.33
246143,0.11
246146,0.19
246148,0.05
246152,0.26
246155,0.1
246164,0.1
246171,0.12
246185,0.07
246192,0.27
246200,0.27
246208,0.04
246210,0.12
246213,0.11
246214,0.16
246229,0.06
246242,0.08
246250,0.21
246258,0.01
246267,0.29
246273,0.05
246287,0.12
246289,0.12
246290,0.11
246302,0.16
246303,0.11
246304,0.11
246312,0.16
246319,0.27
246321,0.15
246335,0.16
246337,0.09
246348,0.14
246358,0.1
246362,0.3
246369,0.06
246374,0.11
246382,0.21
246384,0.13
246386,0.33
246390,0.18
246396,0.1
246400,0.16
246401,0.06
246405,0.09
246415,0.24
246416,0.17
246418,0.08
246422,0.15
246423,0.15
246426,0.1
246429,0.28
246432,0.2
246444,0.14
246448,0.25
246455,0.19
246469,0.08
246482,0.04
246488,0.12
246489,0.26
246491,0.26
246502,0.07
246516,0.11
246524,0.2
246525,0.25
246543,0.08
246550,0.19
246554,0.1
246558,0.02
246559,0.2
246560,0.22
246561,0.06
246562,0.08
246564,0.09
246585,0.22
246615,0.17
246618,0.13
246619,0.07
246621,0.14
246624,0.11
246625,0.1
246627,0.28
246628,0.2
246631,0.08
246633,0.06
246654,0.04
246660,0.13
246665,0.27
246669,0.23
246681,0.09
246700,0.18
246705,0.12
246708,0.24
246711,0.06
246724,0.28
246740,0.03
246744,0.17
246745,0.28
246746,0.04
246748,0.09
246752,0.31
246758,0.13
246762,0.03
246765,0.21
246786,0.12
246798,0.01
246807,0.08
246816,0.24
246820,0.15
246833,0.14
246835,0.29
246836,0.22
246845,0.1
246849,0.1
246857,0.17
246861,0.04
246871,0.06
246872,0.21
246877,0.15
246879,0.01
246894,0.24
246896,0.14
246905,0.11
246907,0.1
246928,0.13
246935,0.06
246939,0.11
246947,0.11
246951,0.1
246956,0.04
246972,0.05
246979,0.1
247003,0.12
247005,0.37
247006,0.16
247008,0.11
247014,0.16
247027,0.07
247032,0.26
247036,0.2
247080,0.06
247083,0.07
247086,0.16
247092,0.13
247098,0.07
247103,0.16
247105,0.07
247108,0.22
247118,0.16
247123,0.07
247129,0.16
247139,0.06
247147,0.07
247153,0.12
247157,0.11
247179,0.04
247190,0.18
247213,0.14
247220,0.09
247234,0.07
247260,0.13
247265,0.07
247269,0.2
247272,0.08
247277,0.11
247278,0.09
247280,0.16
247290,0.03
247296,0.15
247314,0.17
247316,0.19
247328,0.07
247332,0.17
247336,0.23
247340,0.16
247342,0.12
247347,0.13
247350,0.15
247351,0.12
247353,0.23
247354,0.14
247360,0.01
247371,0.05
247378,0.06
247394,0.13
247402,0.17
247406,0.07
247409,0.07
247446,0.13
247453,0.07
247455,0.23
247463,0.04
247484,0.08
247485,0.19
247492,0.18
247497,0.19
247510,0.19
247521,0.12
247527,0.14
247534,0.19
247537,0.23
247558,0.13
247559,0.13
247560,0.22
247567,0.14
247572,0.19
247582,0.07
247583,0.12
247594,0.21
247595,0.14
247597,0.1
247598,0.02
247607,0.17
247619,0.15
247632,0.22
247638,0.08
247639,0.21
247646,0.12
247655,0.05
247660,0.21
247672,0.18
247677,0.13
247682,0.09
247685,0.2
247690,0.16
247701,0.07
247708,0.3
247715,0.15
247734,0.14
247758,0.1
247761,0.14
247763,0.05
247766,0.08
247774,0.16
247775,0.14
247779,0.11
247781,0.16
247783,0.16
247785,0.06
247787,0.14
247793,0.12
247798,0.08
247802,0.09
247805,0.09
247814,0.05
247816,0.23
247834,0.08
247836,0.03
247844,0.17
247849,0.17
247852,0.12
247859,0.15
247861,0.23
247867,0.08
247868,0.17
247883,0.09
247890,0.07
247892,0.29
247896,0.03
247897,0.07
247902,0.19
247904,0.03
247909,0.05
247910,0.1
247911,0.15
247929,0.16
247930,0.07
247935,0.1
247942,0.26
247950,0.06
247951,0.14
247972,0.12
247989,0.03
247993,0.22
247995,0.1
248012,0.14
248018,0.17
248019,0.2
248036,0.09
248037,0.09
248039,0.1
248040,0.2
248043,0.08
248054,0.02
248056,0.19
248068,0.28
248075,0.19
248085,0.11
248087,0.07
248089,0.11
248095,0.09
248105,0.14
248109,0.13
248115,0.04
248131,0.17
248135,0.17
248148,0.11
248154,0.24
248156,0.08
248165,0.14
248169,0.08
248173,0.04
248179,0.11
248187,0.02
248204,0.1
248207,0.13
248210,0.15
248212,0.13
248214,0.23
248229,0.09
248236,0.11
248239,0.14
248240,0.26
248246,0.04
248249,0.17
248261,0.1
248267,0.16
248268,0.18
248272,0.22
248276,0.11
248293,0.22
248303,0.11
248307,0.11
248308,0.3
248327,0.08
248330,0.11
248345,0.22
248355,0.11
248364,0.16
248368,0.27
248373,0.2
248375,0.12
248378,0.17
248390,0.05
248394,0.1
248405,0.09
248409,0.15
248411,0.13
248415,0.18
248416,0.17
248419,0.24
248421,0.05
248422,0.14
248424,0.12
248427,0.15
248429,0.28
248435,0.07
248452,0.13
248461,0.12
248467,0.04
248472,0.21
248473,0.12
248476,0.14
248488,0.29
248489,0.17
248505,0.19
248509,0.07
248510,0.25
248512,0.17
248524,0.32
248526,0.12
248528,0.11
248533,0.04
248546,0.11
248568,0.18
248570,0.15
248579,0.09
248583,0.1
248585,0.16
248586,0.13
248596,0.03
248597,0.23
248601,0.16
248605,0.17
248613,0.07
248618,0.07
248622,0.08
248626,0.1
248627,0.13
248628,0.07
248635,0.09
248636,0.16
248644,0.13
248667,0.14
248675,0.14
248677,0.15
248693,0.11
248694,0.16
248699,0.02
248706,0.17
248726,0.22
248728,0.08
248731,0.16
248736,0.42
248738,0.23
248739,0.07
248744,0.16
248745,0.2
248756,0.08
248760,0.15
248767,0.27
248770,0.08
248772,0.25
248773,0.04
248785,0.1
248789,0.08
248791,0.08
248797,0.15
248826,0.09
248853,0.08
248854,0.03
248856,0.13
248861,0.1
248869,0.3
248871,0.04
248877,0.11
248883,0.36
248891,0.09
248892,0.28
248905,0.1
248910,0.1
248914,0.09
248921,0.14
248931,0.17
248934,0.01
248951,0.1
248954,0.05
248961,0.1
248966,0.08
248968,0.11
248977,0.09
248978,0.12
248986,0.25
249000,0.09
249005,0.12
249025,0.06
249040,0.23
249045,0.2
249056,0.1
249057,0.19
249075,0.15
249084,0.18
249089,0.07
249095,0.29
249101,0.04
249113,0.15
249116,0.16
249118,0.1
249137,0.1
249140,0.16
249149,0.21
249151,0.12
249154,0.1
249155,0.13
249171,0.06
249173,0.24
249190,0.11
249191,0.12
249197,0.05
249205,0.23
249212,0.26
249228,0.07
249235,0.16
249266,0.02
249269,0.07
249277,0.08
249298,0.06
249305,0.18
249310,0.09
249313,0.17
249320,0.2
249321,0.07
249332,0.02
249333,0.12
249339,0.16
249343,0.22
249345,0.13
249347,0.15
249348,0.06
249358,0.09
249370,0.45
249382,0.14
249397,0.0
249398,0.15
249400,0.16
249403,0.36
249412,0.15
249421,0.12
249422,0.13
249426,0.1
249445,0.07
249460,0.11
249465,0.06
249467,0.06
249481,0.11
249495,0.11
249496,0.18
249505,0.08
249507,0.15
249523,0.13
249528,0.1
249532,0.26
249534,0.16
249540,0.08
249542,0.16
249557,0.07
249559,0.18
249578,0.13
249581,0.17
249588,0.03
249595,0.11
249603,0.03
249615,0.04
249630,0.09
249636,0.09
249640,0.1
249648,0.03
249657,0.06
249661,0.16
249664,0.12
249668,0.24
249677,0.12
249681,0.14
249687,0.17
249688,0.13
249695,0.35
249703,0.18
249705,0.18
249718,0.26
249719,0.14
249720,0.08
249726,0.1
249728,0.14
249742,0.13
249764,0.2
249768,0.19
249770,0.09
249774,0.08
249779,0.18
249783,0.19
249801,0.38
249808,0.2
249818,0.05
249820,0.24
249832,0.26
249839,0.1
249843,0.21
249845,0.17
249847,0.31
249878,0.17
249883,0.04
249895,0.08
249898,0.15
249906,0.16
249909,0.02
249913,0.22
249920,0.2
249921,0.06
249928,0.32
249941,0.16
249951,0.09
249955,0.24
250020,0.08
250022,0.09
250026,0.19
250038,0.2
250045,0.16
250048,0.16
250049,0.17
250051,0.12
250056,0.26
250073,0.11
250085,0.08
250088,0.24
250091,0.2
250092,0.11
250093,0.06
250095,0.11
250098,0.23
250105,0.16
250114,0.21
250127,0.11
250134,0.18
250137,0.03
250153,0.14
250156,0.22
250176,0.1
250188,0.11
250189,0.11
250211,0.09
250212,0.17
250217,0.12
250226,0.23
250236,0.46
250237,0.14
250246,0.13
250270,0.1
250276,0.34
250299,0.23
250311,0.09
250312,0.18
250319,0.23
250324,0.14
250331,0.09
250340,0.16
250347,0.05
250354,0.23
250358,0.12
250359,0.08
250361,0.26
250363,0.16
250371,0.27
250377,0.16
250381,0.13
250391,0.11
250415,0.08
250416,0.19
250430,0.19
250431,0.1
250438,0.21
250444,0.07
250453,0.22
250458,0.13
250462,0.15
250469,0.08
250473,0.12
250481,0.12
250498,0.3
250502,0.29
250508,0.08
250514,0.06
250521,0.05
250522,0.23
250530,0.07
250531,0.05
250533,0.07
250539,0.15
250541,0.12
250545,0.14
250557,0.19
250576,0.1
250579,0.06
250585,0.28
250586,0.05
250591,0.22
250592,0.07
250596,0.12
250616,0.1
250617,0.06
250632,0.11
250636,0.1
250640,0.14
250657,0.12
250658,0.09
250661,0.09
250684,0.13
250685,0.1
250691,0.21
250692,0.02
250712,0.08
250713,0.11
250719,0.2
250737,0.07
250749,0.13
250772,0.22
250773,0.25
250774,0.07
250781,0.17
250783,0.18
250810,0.1
250814,0.07
250819,0.12
250831,0.06
250855,0.09
250867,0.23
250878,0.21
250887,0.03
250889,0.07
250890,0.07
250900,0.2
250904,0.21
250909,0.28
250913,0.12
250914,0.04
250915,0.17
250918,0.13
250922,0.23
250925,0.1
250939,0.1
250949,0.13
250956,0.18
250961,0.1
250963,0.09
250965,0.1
250968,0.07
250970,0.11
250981,0.08
250990,0.08
251001,0.28
251002,0.19
251011,0.23
251013,0.09
251021,0.03
251022,0.1
251029,0.06
251046,0.2
251047,0.07
251058,0.1
251063,0.12
251064,0.22
251073,0.35
251083,0.1
251085,0.24
251091,0.28
251096,0.15
251105,0.42
251115,0.05
251123,0.12
251133,0.22
251152,0.16
251165,0.13
251180,0.16
251196,0.31
251197,0.1
251214,0.1
251215,0.25
251217,0.23
251219,0.09
251233,0.07
251234,0.2
251245,0.13
251248,0.22
251255,0.08
251267,0.14
251272,0.16
251276,0.11
251288,0.07
251297,0.03
251298,0.21
251300,0.15
251301,0.07
251302,0.03
251303,0.23
251311,0.05
251314,0.19
251322,0.14
251324,0.23
251333,0.01
251336,0.19
251341,0.13
251346,0.06
251370,0.12
251378,0.12
251396,0.06
251401,0.29
251413,0.12
251422,0.09
251423,0.05
251434,0.18
251436,0.1
251443,0.19
251445,0.1
251455,0.06
251465,0.11
251470,0.09
251475,0.24
251488,0.24
251498,0.22
251504,0.1
251506,0.2
251530,0.18
251534,0.17
251538,0.31
251543,0.08
251557,0.16
251558,0.17
251567,0.12
251575,0.2
251579,0.12
251598,0.19
251599,0.15
251606,0.04
251608,0.18
251620,0.18
251624,0.1
251629,0.16
251631,0.01
251654,0.15
251671,0.21
251677,0.09
251682,0.1
251684,0.16
251689,0.24
251700,0.16
251716,0.02
251719,0.13
251727,0.17
251731,0.21
251732,0.01
251737,0.02
251744,0.07
251750,0.17
251754,0.34
251759,0.02
251761,0.18
251762,0.15
251765,0.07
251768,0.16
251770,0.09
251777,0.09
251786,0.06
251795,0.16
251805,0.13
251833,0.18
251839,0.14
251848,0.26
251851,0.2
251893,0.03
251909,0.02
251918,0.1
251920,0.15
251922,0.24
251923,0.21
251926,0.21
251933,0.03
251938,0.12
251948,0.14
251955,0.06
251956,0.19
251957,0.03
251964,0.08
251965,0.18
251966,0.16
251972,0.07
251980,0.03
252003,0.16
252016,0.17
252028,0.17
252032,0.12
252046,0.13
252054,0.08
252060,0.15
252073,0.01
252088,0.06
252092,0.09
252096,0.12
252113,0.13
252115,0.07
252121,0.02
252133,0.2
252135,0.11
252145,0.24
252151,0.1
252167,0.17
252169,0.13
252175,0.26
252189,0.15
252190,0.16
252191,0.17
252198,0.18
252212,0.15
252223,0.08
252224,0.22
252228,0.26
252253,0.04
252257,0.3
252261,0.07
252265,0.07
252272,0.17
252273,0.18
252286,0.27
252312,0.04
252322,0.04
252326,0.16
252332,0.07
252345,0.06
252348,0.12
252354,0.15
252358,0.17
252364,0.09
252366,0.27
252369,0.12
252374,0.13
252382,0.14
252417,0.22
252425,0.31
252426,0.01
252429,0.17
252434,0.36
252447,0.2
252450,0.1
252452,0.27
252460,0.09
252463,0.12
252465,0.2
252492,0.2
252493,0.26
252518,0.17
252522,0.21
252524,0.06
252531,0.15
252533,0.15
252540,0.11
252543,0.05
252544,0.13
252555,0.07
252558,0.14
252562,0.06
252565,0.23
252568,0.08
252569,0.12
252573,0.16
252582,0.19
252596,0.06
252599,0.08
252603,0.08
252606,0.03
252630,0.05
252636,0.07
252651,0.12
252653,0.03
252679,0.2
252682,0.17
252687,0.24
252713,0.12
252715,0.06
252721,0.32
252726,0.13
252746,0.03
252754,0.02
252760,0.11
252762,0.26
252763,0.13
252764,0.2
252768,0.16
252773,0.14
252774,0.17
252782,0.07
252784,0.03
252797,0.12
252798,0.16
252809,0.07
252819,0.05
252840,0.03
252862,0.04
252863,0.2
252865,0.17
252870,0.18
252880,0.22
252881,0.1
252888,0.12
252889,0.16
252894,0.08
252899,0.06
252911,0.07
252918,0.12
252926,0.1
252929,0.09
252932,0.16
252939,0.09
252940,0.17
252970,0.05
252971,0.06
252980,0.09
252981,0.07
252986,0.13
252990,0.09
253004,0.09
253011,0.21
253015,0.08
253022,0.13
253032,0.13
253044,0.33
253056,0.14
253065,0.1
253066,0.16
253067,0.13
253079,0.05
253088,0.15
253098,0.22
253099,0.24
253112,0.21
253113,0.17
253133,0.18
253149,0.05
253151,0.07
253153,0.16
253160,0.11
253164,0.09
253169,0.15
253177,0.05
253183,0.1
253198,0.11
253206,0.26
253214,0.23
253218,0.06
253224,0.06
253227,0.09
253231,0.09
253247,0.1
253251,0.12
253262,0.09
253264,0.11
253265,0.17
253273,0.2
253275,0.04
253278,0.05
253284,0.07
253298,0.12
253313,0.17
253317,0.06
253322,0.16
253326,0.13
253332,0.27
253338,0.03
253339,0.05
253346,0.0
253348,0.25
253350,0.13
253357,0.16
253363,0.26
253365,0.05
253369,0.07
253373,0.2
253378,0.09
253383,0.19
253392,0.01
253395,0.12
253398,0.03
253410,0.19
253419,0.12
253420,0.14
253421,0.27
253441,0.15
253442,0.0
253446,0.14
253447,0.16
253465,0.05
253488,0.23
253492,0.12
253499,0.36
253500,0.19
253501,0.03
253509,0.1
253521,0.1
253534,0.11
253544,0.12
253555,0.17
253557,0.14
253559,0.1
253583,0.16
253587,0.19
253589,0.03
253591,0.07
253596,0.01
253600,0.05
253605,0.01
253620,0.12
253628,0.01
253631,0.18
253634,0.12
253639,0.15
253641,0.21
253661,0.05
253672,0.1
253679,0.05
253683,0.12
253696,0.15
253706,0.05
253708,0.07
253712,0.05
253717,0.02
253720,0.16
253731,0.17
253734,0.3
253743,0.08
253744,0.1
253748,0.14
253754,0.08
253761,0.22
253787,0.14
253788,0.07
253796,0.21
253826,0.22
253829,0.13
253837,0.27
253841,0.06
253843,0.04
253844,0.18
253845,0.06
253849,0.11
253854,0.12
253861,0.12
253863,0.08
253875,0.25
253891,0.11
253894,0.24
253895,0.25
253918,0.24
253930,0.15
253939,0.14
253940,0.1
253945,0.2
253950,0.02
253951,0.03
253964,0.25
253967,0.14
253975,0.41
253986,0.08
253998,0.19
254017,0.15
254025,0.2
254026,0.16
254031,0.12
254035,0.13
254040,0.14
254042,0.14
254047,0.12
254051,0.11
254056,0.06
254060,0.07
254068,0.25
254073,0.29
254088,0.05
254100,0.08
254110,0.23
254115,0.12
254116,0.32
254125,0.07
254130,0.07
254135,0.12
254149,0.13
254161,0.07
254167,0.15
254176,0.15
254205,0.0
254226,0.11
254228,0.11
254238,0.07
254242,0.16
254257,0.28
254261,0.15
254280,0.07
254295,0.05
254316,0.17
254325,0.26
254326,0.23
254327,0.05
254335,0.07
254342,0.2
254347,0.21
254355,0.08
254358,0.1
254359,0.03
254368,0.13
254376,0.15
254382,0.21
254383,0.24
254390,0.12
254392,0.18
254394,0.1
254400,0.01
254406,0.08
254411,0.04
254421,0.1
254435,0.14
254437,0.14
254440,0.06
254460,0.13
254470,0.05
254471,0.17
254472,0.06
254483,0.33
254493,0.13
254513,0.08
254518,0.28
254520,0.2
254534,0.15
254537,0.2
254562,0.02
254567,0.08
254577,0.21
254578,0.03
254580,0.19
254586,0.09
254591,0.23
254593,0.03
254597,0.39
254599,0.04
254613,0.07
254629,0.19
254631,0.08
254633,0.15
254639,0.13
254642,0.23
254650,0.2
254659,0.23
254662,0.22
254671,0.18
254672,0.07
254674,0.24
254676,0.2
254679,0.02
254701,0.06
254722,0.07
254728,0.06
254742,0.13
254748,0.13
254750,0.09
254751,0.16
254753,0.1
254773,0.18
254783,0.05
254805,0.11
254806,0.26
254810,0.15
254817,0.02
254820,0.08
254829,0.15
254835,0.08
254837,0.2
254843,0.22
254850,0.13
254858,0.16
254861,0.05
254884,0.04
254885,0.17
254890,0.08
254910,0.18
254916,0.17
254917,0.11
254920,0.02
254926,0.05
254928,0.07
254930,0.16
254937,0.27
254940,0.14
254953,0.07
254956,0.05
254969,0.07
254982,0.15
254988,0.09
254998,0.11
255013,0.19
255017,0.15
255018,0.1
255029,0.15
255033,0.33
255035,0.13
255061,0.36
255067,0.09
255068,0.12
255070,0.22
255084,0.17
255096,0.11
255106,0.11
255114,0.12
255117,0.09
255135,0.05
255142,0.21
255143,0.03
255146,0.22
255155,0.03
255156,0.17
255158,0.14
255167,0.08
255172,0.14
255199,0.06
255204,0.02
255206,0.13
255210,0.21
255226,0.16
255230,0.1
255253,0.12
255259,0.06
255260,0.14
255278,0.09
255288,0.03
255312,0.06
255317,0.12
255319,0.18
255320,0.18
255322,0.08
255332,0.33
255337,0.11
255344,0.09
255347,0.17
255348,0.1
255351,0.12
255366,0.19
255371,0.02
255372,0.02
255373,0.23
255377,0.12
255378,0.14
255405,0.1
255408,0.08
255425,0.19
255434,0.23
255441,0.1
255442,0.2
255451,0.16
255486,0.12
255490,0.36
255493,0.09
255501,0.15
255503,0.04
255515,0.09
255522,0.14
255526,0.16
255538,0.17
255541,0.06
255546,0.25
255549,0.11
255557,0.06
255564,0.17
255568,0.1
255572,0.05
255581,0.13
255585,0.13
255586,0.21
255596,0.14
255598,0.09
255600,0.21
255619,0.18
255620,0.09
255623,0.1
255631,0.04
255632,0.24
255633,0.18
255646,0.13
255647,0.27
255649,0.05
255659,0.08
255666,0.1
255669,0.16
255674,0.07
255675,0.03
255678,0.15
255682,0.26
255690,0.13
255691,0.05
255694,0.12
255706,0.01
255717,0.08
255720,0.07
255723,0.13
255724,0.18
255729,0.02
255731,0.04
255733,0.15
255734,0.15
255738,0.21
255760,0.02
255766,0.07
255770,0.1
255772,0.1
255775,0.05
255776,0.08
255786,0.07
255795,0.13
255797,0.16
255810,0.09
255813,0.15
255829,0.17
255830,0.12
255832,0.16
255847,0.15
255853,0.17
255876,0.03
255881,0.08
255883,0.04
255891,0.05
255899,0.1
255900,0.25
255906,0.15
255907,0.19
255911,0.06
255921,0.1
255925,0.24
255930,0.13
255941,0.01
255948,0.14
255969,0.14
255973,0.14
255974,0.09
255976,0.18
255977,0.04
255978,0.13
255981,0.17
255988,0.05
255990,0.11
255992,0.15
255998,0.11
256015,0.12
256016,0.14
256036,0.06
256045,0.15
256050,0.16
256066,0.18
256076,0.27
256080,0.05
256083,0.16
256086,0.15
256103,0.02
256108,0.06
256114,0.29
256115,0.14
256139,0.1
256141,0.05
256146,0.03
256150,0.16
256177,0.18
256179,0.07
256194,0.15
256195,0.12
256200,0.23
256204,0.16
256205,0.16
256213,0.12
256222,0.15
256224,0.05
256235,0.2
256264,0.09
256268,0.15
256276,0.18
256277,0.13
256282,0.13
256285,0.09
256293,0.11
256294,0.08
256296,0.21
256297,0.08
256315,0.1
256317,0.12
256334,0.2
256339,0.13
256342,0.29
256345,0.18
256348,0.34
256350,0.14
256351,0.19
256357,0.08
256375,0.19
256377,0.2
256379,0.19
256392,0.05
256398,0.03
256419,0.07
256422,0.06
256424,0.1
256431,0.18
256432,0.09
256438,0.19
256459,0.01
256460,0.24
256506,0.31
256507,0.02
256511,0.08
256513,0.21
256519,0.11
256533,0.05
256539,0.14
256590,0.09
256606,0.26
256614,0.14
256642,0.26
256644,0.13
256653,0.06
256663,0.09
256666,0.13
256669,0.18
256678,0.14
256685,0.1
256705,0.07
256708,0.18
256713,0.09
256715,0.11
256718,0.1
256745,0.11
256752,0.13
256753,0.14
256754,0.08
256763,0.06
256772,0.12
256773,0.21
256774,0.14
256776,0.29
256783,0.16
256790,0.11
256801,0.23
256802,0.28
256803,0.19
256808,0.04
256809,0.15
256810,0.13
256818,0.19
256824,0.1
256825,0.01
256826,0.11
256829,0.06
256834,0.08
256843,0.26
256866,0.13
256875,0.09
256876,0.04
256887,0.11
256888,0.07
256894,0.13
256909,0.18
256918,0.29
256927,0.1
256931,0.05
256933,0.11
256937,0.14
256950,0.2
256955,0.09
256962,0.15
256972,0.07
256985,0.25
256987,0.18
256993,0.07
257000,0.21
257017,0.1
257019,0.16
257020,0.15
257022,0.11
257023,0.13
257025,0.18
257050,0.04
257056,0.11
257060,0.14
257064,0.16
257066,0.08
257071,0.12
257073,0.07
257076,0.03
257084,0.19
257088,0.18
257102,0.16
257118,0.18
257119,0.09
257120,0.04
257131,0.06
257145,0.23
257150,0.16
257154,0.19
257169,0.15
257192,0.18
257200,0.15
257204,0.06
257205,0.14
257213,0.1
257216,0.05
257219,0.1
257232,0.22
257234,0.1
257244,0.26
257251,0.12
257255,0.14
257260,0.12
257263,0.35
257267,0.15
257277,0.11
257293,0.15
257294,0.15
257304,0.03
257307,0.04
257312,0.19
257324,0.23
257325,0.19
257326,0.12
257353,0.07
257354,0.03
257369,0.02
257372,0.07
257375,0.07
257388,0.13
257393,0.02
257395,0.11
257399,0.22
257406,0.23
257409,0.12
257437,0.12
257441,0.15
257442,0.1
257473,0.0
257476,0.06
257477,0.29
257483,0.29
257500,0.16
257506,0.15
257508,0.09
257511,0.22
257514,0.15
257527,0.24
257528,0.25
257545,0.16
257546,0.16
257548,0.05
257551,0.03
257564,0.11
257565,0.02
257567,0.14
257572,0.08
257575,0.12
257577,0.24
257578,0.05
257585,0.01
257589,0.18
257590,0.14
257594,0.13
257596,0.06
257614,0.24
257618,0.12
257624,0.19
257632,0.15
257638,0.13
257644,0.21
257650,0.13
257653,0.06
257660,0.27
257663,0.03
257665,0.19
257677,0.19
257678,0.06
257690,0.14
257700,0.13
257711,0.09
257712,0.34
257715,0.14
257718,0.05
257720,0.24
257740,0.23
257748,0.11
257765,0.18
257768,0.21
257777,0.18
257778,0.07
257785,0.16
257789,0.12
257794,0.24
257796,0.19
257821,0.08
257823,0.27
257832,0.03
257844,0.34
257848,0.16
257854,0.08
257861,0.19
257872,0.16
257875,0.13
257876,0.19
257883,0.05
257888,0.11
257895,0.13
257900,0.05
257906,0.05
257907,0.2
257920,0.24
257921,0.16
257926,0.08
257932,0.09
257940,0.1
257947,0.21
257953,0.17
257958,0.06
257967,0.06
257977,0.13
257986,0.04
258012,0.13
258013,0.2
258031,0.06
258034,0.06
258037,0.26
258051,0.24
258056,0.06
258058,0.13
258066,0.1
258074,0.11
258077,0.05
258090,0.13
258109,0.22
258114,0.08
258124,0.08
258127,0.13
258141,0.08
258148,0.15
258151,0.22
258163,0.05
258166,0.13
258169,0.06
258179,0.09
258190,0.09
258193,0.11
258207,0.35
258220,0.07
258222,0.13
258223,0.12
258225,0.15
258227,0.05
258231,0.11
258233,0.29
258249,0.04
258255,0.15
258259,0.11
258276,0.18
258281,0.26
258302,0.15
258305,0.15
258310,0.17
258334,0.09
258335,0.17
258338,0.14
258345,0.14
258360,0.04
258363,0.08
258381,0.18
258384,0.13
258387,0.02
258400,0.09
258402,0.12
258406,0.19
258408,0.25
258432,0.09
258443,0.04
258461,0.07
258488,0.26
258489,0.14
258508,0.09
258524,0.08
258527,0.08
258545,0.07
258549,0.08
258560,0.16
258565,0.11
258567,0.14
258575,0.16
258590,0.09
258591,0.15
258592,0.02
258603,0.16
258606,0.13
258610,0.12
258627,0.12
258631,0.02
258637,0.22
258638,0.16
258640,0.09
258645,0.12
258651,0.06
258652,0.12
258653,0.14
258662,0.17
258663,0.12
258671,0.04
258679,0.23
258685,0.04
258686,0.29
258697,0.19
258705,0.14
258723,0.3
258724,0.18
258734,0.06
258763,0.02
258764,0.09
258771,0.17
258773,0.07
258782,0.19
258784,0.01
258790,0.12
258811,0.11
258817,0.12
258818,0.18
258832,0.13
258837,0.19
258841,0.21
258842,0.06
258843,0.16
258860,0.07
258875,0.09
258881,0.13
258887,0.04
258889,0.08
258924,0.26
258925,0.2
258948,0.16
258949,0.1
258963,0.16
258964,0.05
258966,0.4
258973,0.12
258974,0.04
258979,0.11
258989,0.21
258997,0.13
259001,0.08
259013,0.25
259018,0.14
259020,0.3
259031,0.07
259044,0.24
259050,0.29
259064,0.03
259078,0.16
259088,0.28
259124,0.17
259125,0.11
259135,0.16
259137,0.17
259146,0.03
259148,0.33
259168,0.14
259178,0.08
259194,0.07
259198,0.09
259204,0.06
259209,0.11
259223,0.07
259228,0.13
259234,0.33
259237,0.12
259246,0.22
259247,0.18
259249,0.16
259264,0.07
259274,0.2
259281,0.13
259283,0.14
259284,0.16
259285,0.07
259286,0.09
259291,0.11
259304,0.06
259309,0.05
259322,0.04
259323,0.31
259331,0.25
259339,0.19
259344,0.11
259350,0.14
259353,0.14
259356,0.07
259365,0.14
259377,0.19
259397,0.15
259403,0.11
259411,0.09
259415,0.14
259420,0.06
259423,0.24
259424,0.11
259431,0.02
259434,0.14
259438,0.2
259439,0.17
259441,0.05
259452,0.07
259460,0.04
259471,0.05
259483,0.06
259494,0.13
259496,0.11
259500,0.21
259512,0.04
259526,0.15
259528,0.08
259548,0.02
259568,0.08
259593,0.24
259603,0.05
259611,0.12
259620,0.16
259621,0.49
259623,0.16
259633,0.19
259648,0.04
259678,0.04
259691,0.1
259693,0.11
259708,0.23
259720,0.1
259734,0.05
259741,0.25
259749,0.14
259750,0.08
259752,0.16
259755,0.04
259759,0.11
259776,0.07
259779,0.24
259790,0.12
259797,0.08
259799,0.13
259804,0.12
259807,0.06
259810,0.13
259811,0.33
259822,0.02
259833,0.14
259838,0.15
259844,0.2
259846,0.19
259848,0.1
259861,0.2
259867,0.13
259876,0.13
259880,0.15
259897,0.16
259908,0.24
259912,0.12
259920,0.06
259922,0.12
259928,0.13
259932,0.03
259946,0.08
259962,0.27
259982,0.09
259985,0.07
259994,0.15
259996,0.14
260000,0.2
260007,0.24
260018,0.11
260021,0.1
260038,0.02
260051,0.25
260052,0.1
260070,0.11
260074,0.01
260080,0.18
260092,0.02
260097,0.01
260101,0.16
260108,0.11
260117,0.18
260129,0.03
260142,0.0
260145,0.13
260146,0.11
260147,0.1
260148,0.25
260153,0.06
260156,0.03
260171,0.12
260202,0.06
260221,0.14
260222,0.13
260226,0.16
260227,0.12
260247,0.13
260251,0.05
260261,0.05
260264,0.04
260266,0.17
260268,0.16
260289,0.08
260301,0.11
260316,0.03
260348,0.06
260359,0.16
260364,0.24
260391,0.17
260422,0.14
260435,0.11
260438,0.23
260446,0.08
260447,0.16
260458,0.18
260461,0.26
260469,0.19
260471,0.2
260482,0.34
260484,0.12
260487,0.25
260489,0.12
260500,0.08
260508,0.19
260509,0.22
260512,0.19
260525,0.05
260530,0.02
260533,0.16
260538,0.25
260541,0.27
260546,0.18
260551,0.06
260556,0.29
260561,0.05
260566,0.2
260572,0.16
260579,0.25
260582,0.19
260583,0.07
260584,0.04
260586,0.15
260589,0.19
260608,0.24
260632,0.18
260634,0.13
260635,0.16
260645,0.12
260659,0.11
260665,0.15
260673,0.16
260675,0.08
260676,0.07
260700,0.25
260721,0.36
260723,0.09
260732,0.03
260738,0.12
260748,0.02
260782,0.18
260806,0.1
260820,0.02
260825,0.21
260830,0.02
260844,0.14
260858,0.15
260860,0.11
260863,0.13
260867,0.07
260875,0.08
260877,0.18
260902,0.15
260910,0.14
260913,0.11
260923,0.02
260926,0.26
260936,0.07
260937,0.27
260948,0.28
260949,0.09
260959,0.18
260962,0.23
260986,0.21
260988,0.1
260992,0.2
260997,0.03
261007,0.13
261031,0.1
261039,0.12
261044,0.04
261055,0.17
261058,0.12
261069,0.16
261079,0.05
261084,0.08
261097,0.26
261101,0.12
261111,0.25
261115,0.03
261116,0.24
261121,0.06
261124,0.15
261126,0.16
261132,0.08
261161,0.09
261162,0.02
261175,0.08
261187,0.12
261191,0.05
261195,0.11
261197,0.19
261204,0.09
261231,0.22
261248,0.09
261263,0.17
261268,0.28
261273,0.16
261274,0.13
261277,0.27
261283,0.08
261293,0.15
261302,0.3
261309,0.04
261318,0.14
261340,0.25
261346,0.13
261355,0.13
261357,0.14
261365,0.09
261366,0.16
261376,0.09
261380,0.11
261385,0.31
261403,0.11
261416,0.2
261424,0.25
261425,0.12
261431,0.09
261433,0.03
261435,0.14
261440,0.05
261450,0.06
261456,0.26
261464,0.32
261465,0.11
261473,0.05
261475,0.16
261476,0.19
261480,0.1
261481,0.03
261495,0.11
261500,0.02
261506,0.05
261544,0.07
261551,0.04
261566,0.28
261573,0.17
261587,0.16
261592,0.13
261594,0.02
261626,0.03
261635,0.08
261649,0.11
261653,0.09
261660,0.18
261668,0.15
261669,0.14
261676,0.06
261688,0.09
261691,0.13
261699,0.15
261704,0.27
261718,0.28
261719,0.03
261735,0.1
261742,0.08
261746,0.41
261749,0.15
261759,0.14
261763,0.13
261772,0.15
261795,0.21
261798,0.08
261804,0.06
261806,0.03
261813,0.31
261814,0.09
261827,0.1
261835,0.04
261839,0.19
261840,0.21
261845,0.17
261846,0.11
261850,0.09
261853,0.05
261870,0.25
261871,0.04
261883,0.18
261885,0.14
261888,0.09
261892,0.11
261895,0.09
261906,0.11
261912,0.21
261918,0.03
261926,0.13
261930,0.12
261947,0.01
261956,0.05
261958,0.09
261960,0.04
261961,0.3
261965,0.02
261967,0.26
261968,0.05
261974,0.11
261980,0.12
261981,0.11
261983,0.18
261992,0.04
261998,0.09
262002,0.07
262006,0.15
262014,0.04
262017,0.15
262021,0.12
262038,0.11
262040,0.09
262043,0.06
262052,0.2
262054,0.26
262056,0.17
262058,0.12
262062,0.21
262065,0.24
262067,0.13
262070,0.14
262078,0.16
262084,0.16
262091,0.35
262092,0.03
262112,0.08
262114,0.11
262132,0.15
262140,0.2
262152,0.31
262159,0.07
262172,0.02
262180,0.15
262181,0.1
262188,0.42
262202,0.04
262206,0.08
262213,0.2
262227,0.23
262239,0.16
262243,0.11
262246,0.08
262251,0.1
262269,0.17
262272,0.04
262276,0.2
262277,0.12
262278,0.14
262281,0.14
262298,0.15
262308,0.03
262316,0.04
262320,0.14
262321,0.24
262337,0.36
262354,0.22
262362,0.14
262364,0.08
262365,0.03
262372,0.15
262373,0.13
262380,0.1
262392,0.2
262399,0.12
262407,0.14
262418,0.21
262429,0.13
262430,0.15
262446,0.11
262455,0.09
262459,0.24
262475,0.09
262478,0.2
262492,0.1
262520,0.05
262535,0.06
262537,0.07
262538,0.26
262541,0.06
262554,0.26
262559,0.11
262561,0.16
262562,0.14
262575,0.37
262576,0.19
262579,0.06
262581,0.19
262590,0.09
262599,0.07
262607,0.07
262608,0.04
262613,0.15
262620,0.05
262621,0.28
262622,0.11
262623,0.14
262629,0.04
262633,0.01
262650,0.06
262655,0.1
262659,0.16
262660,0.22
262663,0.11
262665,0.05
262666,0.17
262679,0.05
262681,0.18
262702,0.08
262705,0.14
262716,0.11
262725,0.18
262732,0.13
262743,0.12
262749,0.13
262752,0.18
262756,0.16
262758,0.14
262772,0.25
262784,0.09
262791,0.15
262793,0.22
262802,0.2
262814,0.15
262817,0.12
262820,0.02
262827,0.07
262832,0.11
262845,0.02
262847,0.08
262859,0.11
262862,0.14
262864,0.2
262865,0.19
262887,0.03
262914,0.21
262939,0.12
262943,0.31
262958,0.2
262963,0.09
262970,0.11
262979,0.23
262986,0.09
263004,0.06
263015,0.08
263016,0.09
263028,0.14
263029,0.22
263031,0.07
263044,0.15
263046,0.08
263056,0.19
263059,0.14
263061,0.23
263077,0.14
263087,0.15
263105,0.12
263116,0.15
263120,0.14
263127,0.37
263137,0.16
263166,0.14
263175,0.25
263184,0.04
263185,0.07
263205,0.19
263208,0.11
263210,0.19
263220,0.08
263224,0.23
263228,0.03
263240,0.16
263243,0.15
263288,0.1
263290,0.16
263306,0.06
263312,0.05
263319,0.07
263326,0.07
263331,0.14
263339,0.06
263347,0.05
263353,0.12
263355,0.25
263368,0.31
263408,0.12
263414,0.2
263421,0.05
263440,0.22
263458,0.11
263460,0.12
263475,0.12
263477,0.15
263479,0.07
263489,0.14
263492,0.17
263493,0.16
263498,0.12
263510,0.16
263513,0.16
263514,0.09
263517,0.13
263518,0.09
263548,0.04
263561,0.18
263564,0.1
263565,0.2
263576,0.12
263580,0.15
263582,0.1
263584,0.08
263593,0.27
263594,0.08
263598,0.12
263602,0.15
263611,0.15
263640,0.18
263642,0.1
263643,0.16
263646,0.1
263658,0.19
263664,0.13
263683,0.08
263703,0.05
263705,0.12
263709,0.05
263715,0.04
263728,0.05
263732,0.04
263735,0.13
263748,0.17
263750,0.11
263751,0.19
263759,0.16
263763,0.16
263765,0.05
263780,0.01
263783,0.12
263786,0.16
263794,0.09
263799,0.05
263802,0.17
263803,0.16
263820,0.19
263846,0.24
263857,0.02
263858,0.1
263860,0.19
263864,0.11
263870,0.17
263879,0.11
263881,0.15
263882,0.2
263895,0.13
263909,0.13
263918,0.06
263940,0.08
263945,0.06
263946,0.18
263947,0.06
263948,0.11
263962,0.13
263972,0.21
263974,0.03
263981,0.07
263984,0.12
263992,0.35
264001,0.09
264007,0.12
264010,0.14
264011,0.25
264015,0.22
264023,0.2
264030,0.06
264033,0.09
264037,0.03
264043,0.05
264044,0.18
264045,0.24
264050,0.08
264055,0.08
264059,0.13
264060,0.33
264062,0.08
264069,0.11
264077,0.14
264078,0.08
264087,0.1
264094,0.28
264095,0.27
264112,0.12
264113,0.13
264131,0.09
264145,0.15
264148,0.05
264157,0.16
264161,0.09
264173,0.26
264188,0.08
264195,0.08
264198,0.14
264199,0.08
264207,0.14
264209,0.01
264226,0.11
264227,0.07
264243,0.02
264246,0.27
264252,0.11
264254,0.07
264259,0.1
264274,0.07
264280,0.24
264285,0.04
264299,0.19
264331,0.03
264334,0.04
264338,0.14
264341,0.17
264344,0.17
264347,0.3
264350,0.07
264360,0.1
264365,0.05
264367,0.1
264378,0.18
264381,0.16
264397,0.09
264401,0.09
264405,0.04
264417,0.15
264422,0.09
264423,0.16
264424,0.04
264436,0.3
264441,0.16
264451,0.09
264453,0.13
264457,0.09
264460,0.13
264464,0.12
264469,0.18
264485,0.05
264491,0.2
264505,0.21
264535,0.16
264538,0.19
264541,0.11
264544,0.08
264545,0.16
264549,0.08
264557,0.1
264563,0.18
264569,0.07
264574,0.18
264587,0.14
264608,0.16
264610,0.23
264621,0.07
264627,0.1
264642,0.2
264644,0.04
264655,0.12
264660,0.13
264667,0.13
264691,0.13
264694,0.22
264695,0.01
264700,0.03
264709,0.07
264712,0.2
264714,0.14
264722,0.09
264728,0.04
264742,0.2
264744,0.24
264748,0.11
264760,0.19
264763,0.13
264771,0.06
264773,0.1
264782,0.3
264786,0.13
264787,0.16
264809,0.03
264811,0.09
264822,0.21
264823,0.23
264831,0.06
264834,0.1
264841,0.09
264848,0.22
264849,0.1
264863,0.27
264867,0.03
264874,0.08
264875,0.04
264877,0.05
264897,0.17
264900,0.16
264906,0.1
264909,0.12
264913,0.08
264922,0.08
264924,0.12
264927,0.14
264935,0.12
264938,0.18
264968,0.05
264975,0.16
264979,0.12
264989,0.09
265001,0.1
265009,0.13
265014,0.22
265016,0.04
265027,0.25
265049,0.08
265061,0.21
265062,0.14
265068,0.05
265072,0.23
265100,0.11
265105,0.03
265106,0.13
265110,0.07
265123,0.08
265126,0.41
265131,0.13
265134,0.23
265144,0.13
265146,0.33
265154,0.13
265164,0.13
265170,0.12
265172,0.01
265173,0.12
265178,0.19
265187,0.24
265191,0.18
265194,0.22
265216,0.15
265228,0.17
265231,0.01
265232,0.13
265233,0.07
265242,0.18
265243,0.1
265246,0.06
265259,0.1
265265,0.2
265266,0.15
265268,0.23
265280,0.07
265287,0.09
265297,0.1
265298,0.15
265300,0.05
265301,0.23
265305,0.34
265307,0.07
265314,0.13
265320,0.04
265331,0.16
265333,0.2
265336,0.05
265337,0.11
265344,0.02
265346,0.11
265371,0.1
265380,0.09
265386,0.14
265389,0.05
265409,0.27
265414,0.14
265415,0.08
265419,0.1
265422,0.08
265457,0.08
265461,0.18
265463,0.28
265468,0.19
265474,0.05
265478,0.08
265480,0.35
265488,0.13
265493,0.15
265510,0.24
265519,0.16
265521,0.1
265529,0.11
265533,0.22
265577,0.06
265591,0.2
265596,0.21
265607,0.12
265618,0.08
265619,0.04
265620,0.07
265628,0.19
265661,0.12
265669,0.08
265680,0.22
265707,0.19
265714,0.06
265716,0.15
265717,0.15
265718,0.15
265723,0.15
265730,0.11
265732,0.01
265744,0.19
265751,0.18
265760,0.23
265777,0.14
265783,0.16
265791,0.12
265792,0.05
265797,0.2
265798,0.06
265806,0.23
265815,0.1
265816,0.2
265821,0.09
265833,0.08
265854,0.07
265856,0.12
265858,0.18
265862,0.08
265863,0.14
265879,0.2
265881,0.11
265894,0.14
265895,0.53
265896,0.07
265898,0.11
265900,0.2
265907,0.08
265910,0.23
265917,0.19
265941,0.19
265955,0.1
265957,0.17
265961,0.01
265966,0.12
265969,0.23
265974,0.21
265976,0.12
265979,0.19
265985,0.05
265988,0.1
265990,0.28
265991,0.19
265993,0.05
265995,0.31
266009,0.15
266010,0.08
266014,0.21
266020,0.12
266022,0.17
266029,0.3
266045,0.1
266057,0.12
266060,0.24
266065,0.09
266071,0.04
266072,0.18
266074,0.06
266076,0.13
266089,0.06
266091,0.07
266097,0.13
266099,0.16
266106,0.14
266117,0.17
266120,0.14
266129,0.08
266132,0.1
266139,0.21
266140,0.14
266141,0.18
266146,0.34
266149,0.09
266159,0.12
266165,0.06
266171,0.37
266173,0.13
266177,0.17
266179,0.13
266186,0.03
266210,0.1
266227,0.12
266266,0.09
266291,0.06
266319,0.19
266321,0.03
266323,0.07
266329,0.08
266331,0.17
266333,0.17
266334,0.22
266338,0.06
266340,0.12
266344,0.15
266354,0.06
266359,0.22
266362,0.14
266364,0.04
266365,0.1
266379,0.16
266380,0.21
266387,0.04
266393,0.12
266396,0.1
266406,0.02
266418,0.18
266424,0.14
266440,0.05
266442,0.09
266444,0.13
266453,0.24
266455,0.05
266461,0.07
266462,0.12
266465,0.21
266466,0.25
266468,0.27
266471,0.1
266479,0.06
266499,0.25
266536,0.16
266543,0.09
266544,0.09
266556,0.16
266561,0.06
266573,0.1
266578,0.15
266590,0.22
266596,0.19
266624,0.13
266629,0.17
266635,0.07
266644,0.14
266650,0.06
266659,0.05
266666,0.16
266668,0.03
266674,0.3
266680,0.24
266686,0.16
266714,0.14
266730,0.14
266734,0.15
266740,0.13
266745,0.05
266749,0.13
266750,0.09
266751,0.12
266752,0.14
266753,0.04
266759,0.24
266763,0.03
266766,0.06
266783,0.07
266805,0.04
266812,0.03
266813,0.31
266816,0.09
266819,0.19
266820,0.32
266833,0.13
266842,0.18
266847,0.1
266848,0.16
266865,0.23
266867,0.17
266874,0.12
266885,0.07
266888,0.08
266890,0.14
266932,0.16
266941,0.24
266942,0.31
266948,0.09
266959,0.09
266977,0.02
266983,0.13
266984,0.24
266999,0.28
267000,0.21
267023,0.29
267031,0.18
267035,0.08
267046,0.1
267050,0.12
267058,0.09
267070,0.15
267079,0.16
267080,0.04
267093,0.14
267094,0.15
267102,0.09
267107,0.11
267108,0.19
267113,0.09
267127,0.04
267136,0.02
267143,0.03
267155,0.12
267180,0.05
267182,0.02
267184,0.05
267192,0.1
267195,0.18
267220,0.13
267228,0.13
267237,0.11
267241,0.05
267242,0.4
267247,0.15
267259,0.1
267260,0.09
267265,0.19
267269,0.23
267272,0.07
267275,0.12
267282,0.37
267284,0.41
267294,0.15
267298,0.07
267304,0.08
267316,0.26
267324,0.18
267327,0.14
267333,0.09
267338,0.15
267341,0.12
267342,0.19
267344,0.11
267345,0.27
267347,0.07
267361,0.06
267374,0.03
267379,0.13
267380,0.05
267382,0.28
267394,0.13
267403,0.19
267405,0.24
267412,0.12
267421,0.26
267437,0.15
267438,0.08
267443,0.07
267446,0.14
267460,0.22
267466,0.24
267469,0.15
267474,0.09
267488,0.07
267490,0.12
267496,0.46
267499,0.14
267501,0.12
267518,0.23
267522,0.23
267524,0.15
267532,0.17
267535,0.23
267547,0.03
267550,0.03
267559,0.18
267581,0.11
267586,0.07
267588,0.22
267592,0.03
267597,0.11
267600,0.07
267608,0.13
267620,0.02
267625,0.15
267628,0.1
267633,0.12
267639,0.17
267649,0.13
267659,0.23
267662,0.21
267671,0.14
267672,0.09
267677,0.06
267679,0.13
267682,0.05
267687,0.09
267689,0.06
267690,0.02
267707,0.24
267709,0.04
267716,0.09
267738,0.13
267744,0.28
267752,0.07
267754,0.21
267755,0.26
267757,0.18
267758,0.14
267767,0.29
267771,0.09
267808,0.19
267815,0.19
267833,0.25
267841,0.13
267843,0.24
267847,0.03
267857,0.09
267869,0.28
267881,0.15
267887,0.11
267890,0.06
267892,0.26
267895,0.19
267899,0.21
267906,0.1
267912,0.2
267917,0.14
267927,0.02
267930,0.05
267934,0.1
267950,0.02
267965,0.18
267966,0.04
267976,0.01
267998,0.19
267999,0.14
268012,0.03
268013,0.16
268014,0.15
268020,0.06
268028,0.15
268032,0.11
268039,0.18
268041,0.18
268046,0.05
268059,0.18
268064,0.12
268066,0.2
268073,0.26
268077,0.09
268085,0.01
268090,0.24
268109,0.18
268139,0.2
268151,0.08
268153,0.07
268155,0.3
268163,0.18
268166,0.04
268185,0.04
268189,0.02
268190,0.09
268192,0.06
268211,0.28
268213,0.04
268214,0.17
268220,0.07
268225,0.07
268227,0.11
268230,0.04
268247,0.29
268250,0.15
268268,0.06
268269,0.16
268271,0.14
268274,0.17
268280,0.18
268291,0.18
268299,0.03
268301,0.16
268306,0.11
268307,0.2
268310,0.04
268317,0.22
268328,0.03
268329,0.07
268337,0.07
268338,0.12
268357,0.01
268363,0.16
268373,0.11
268380,0.16
268386,0.07
268394,0.11
268407,0.1
268411,0.18
268417,0.09
268421,0.19
268422,0.21
268426,0.19
268427,0.09
268439,0.22
268445,0.02
268446,0.06
268459,0.14
268465,0.15
268466,0.15
268495,0.07
268497,0.08
268504,0.23
268508,0.12
268513,0.29
268525,0.17
268545,0.06
268546,0.11
268550,0.06
268568,0.06
268570,0.26
268590,0.09
268591,0.15
268602,0.14
268609,0.05
268616,0.11
268623,0.12
268645,0.22
268652,0.21
268668,0.2
268685,0.04
268707,0.16
268711,0.14
268714,0.06
268736,0.14
268746,0.3
268747,0.07
268749,0.28
268760,0.2
268761,0.05
268764,0.19
268781,0.04
268790,0.13
268799,0.06
268809,0.09
268814,0.21
268817,0.3
268822,0.14
268827,0.13
268828,0.14
268829,0.18
268845,0.2
268853,0.08
268859,0.06
268900,0.04
268911,0.11
268913,0.23
268917,0.19
268930,0.13
268934,0.12
268935,0.17
268938,0.1
268948,0.06
268950,0.11
268958,0.09
268975,0.05
268982,0.18
268983,0.22
268997,0.08
269009,0.07
269012,0.21
269017,0.16
269031,0.07
269038,0.19
269041,0.24
269045,0.16
269050,0.08
269056,0.13
269058,0.13
269060,0.07
269067,0.17
269082,0.13
269098,0.18
269105,0.08
269117,0.31
269123,0.18
269128,0.08
269143,0.09
269149,0.24
269162,0.17
269168,0.06
269172,0.19
269175,0.12
269189,0.15
269194,0.22
269197,0.15
269204,0.2
269211,0.12
269217,0.27
269222,0.21
269227,0.13
269228,0.11
269232,0.15
269250,0.17
269251,0.03
269257,0.2
269262,0.04
269263,0.14
269267,0.01
269275,0.11
269276,0.1
269279,0.12
269293,0.34
269300,0.15
269305,0.14
269309,0.17
269317,0.18
269352,0.35
269377,0.17
269378,0.05
269389,0.14
269392,0.09
269394,0.06
269402,0.24
269408,0.05
269410,0.08
269417,0.03
269421,0.29
269462,0.04
269481,0.03
269488,0.29
269489,0.02
269491,0.2
269495,0.04
269503,0.09
269510,0.16
269515,0.14
269522,0.13
269523,0.06
269536,0.15
269537,0.11
269549,0.09
269571,0.26
269576,0.18
269587,0.27
269595,0.11
269601,0.1
269610,0.39
269618,0.12
269620,0.11
269623,0.02
269637,0.17
269642,0.06
269652,0.27
269655,0.03
269661,0.15
269663,0.16
269665,0.07
269666,0.17
269667,0.08
269673,0.2
269693,0.13
269701,0.17
269702,0.05
269704,0.1
269718,0.07
269727,0.05
269732,0.02
269736,0.24
269738,0.11
269741,0.09
269744,0.06
269749,0.31
269750,0.14
269758,0.18
269775,0.07
269776,0.2
269777,0.12
269789,0.06
269794,0.2
269797,0.2
269807,0.36
269813,0.22
269844,0.09
269848,0.06
269871,0.09
269877,0.16
269878,0.09
269887,0.16
269904,0.14
269913,0.31
269938,0.18
269941,0.2
269953,0.2
269954,0.04
269955,0.06
269958,0.11
269960,0.09
269966,0.05
269975,0.08
269978,0.04
269989,0.08
269993,0.09
269998,0.02
270001,0.1
270020,0.08
270023,0.07
270028,0.13
270048,0.15
270061,0.09
270062,0.22
270096,0.21
270108,0.06
270118,0.03
270120,0.06
270122,0.16
270127,0.16
270131,0.14
270142,0.1
270146,0.15
270148,0.11
270152,0.06
270165,0.18
270170,0.15
270188,0.07
270204,0.15
270235,0.01
270243,0.23
270254,0.15
270265,0.09
270270,0.28
270287,0.05
270295,0.06
270296,0.08
270302,0.01
270304,0.22
270307,0.06
270310,0.15
270317,0.01
270324,0.13
270326,0.16
270337,0.1
270363,0.11
270371,0.05
270373,0.03
270375,0.09
270376,0.03
270379,0.14
270383,0.27
270390,0.19
270393,0.11
270402,0.03
270410,0.02
270411,0.15
270412,0.15
270415,0.08
270417,0.2
270436,0.19
270440,0.08
270449,0.11
270450,0.14
270457,0.21
270460,0.05
270461,0.08
270467,0.06
270473,0.16
270486,0.14
270488,0.14
270513,0.01
270518,0.15
270522,0.08
270526,0.13
270532,0.04
270545,0.24
270548,0.16
270550,0.01
270562,0.2
270564,0.12
270571,0.11
270572,0.22
270574,0.1
270575,0.24
270579,0.06
270612,0.29
270613,0.35
270622,0.16
270636,0.1
270643,0.01
270644,0.04
270645,0.06
270658,0.14
270661,0.16
270665,0.07
270676,0.17
270685,0.1
270695,0.17
270712,0.14
270719,0.1
270740,0.1
270753,0.08
270756,0.09
270759,0.14
270760,0.08
270764,0.1
270767,0.09
270778,0.16
270782,0.34
270794,0.18
270795,0.25
270799,0.19
270807,0.03
270821,0.2
270826,0.18
270829,0.05
270831,0.13
270843,0.18
270844,0.16
270847,0.15
270854,0.13
270856,0.22
270861,0.01
270862,0.19
270864,0.17
270881,0.1
270883,0.16
270885,0.34
270888,0.02
270894,0.19
270906,0.1
270914,0.07
270919,0.17
270935,0.09
270945,0.15
270957,0.13
270966,0.13
270970,0.22
270971,0.13
270976,0.06
270977,0.31
270978,0.13
270979,0.17
270982,0.19
270987,0.11
270989,0.2
270991,0.06
270992,0.04
270993,0.13
270997,0.28
271010,0.24
271025,0.14
271037,0.16
271038,0.07
271054,0.13
271056,0.16
271065,0.19
271070,0.04
271095,0.04
271099,0.11
271102,0.04
271103,0.13
271105,0.26
271106,0.15
271117,0.14
271134,0.25
271135,0.16
271137,0.16
271145,0.24
271149,0.04
271195,0.06
271199,0.16
271200,0.37
271220,0.04
271233,0.08
271234,0.24
271236,0.17
271248,0.06
271250,0.25
271251,0.14
271255,0.15
271261,0.11
271269,0.12
271276,0.13
271296,0.2
271304,0.16
271314,0.09
271318,0.1
271322,0.12
271325,0.12
271354,0.14
271355,0.05
271359,0.08
271361,0.09
271363,0.42
271367,0.16
271368,0.17
271369,0.1
271393,0.24
271409,0.16
271415,0.08
271418,0.18
271429,0.12
271431,0.06
271432,0.19
271442,0.25
271446,0.15
271448,0.09
271450,0.35
271452,0.06
271460,0.14
271461,0.19
271472,0.1
271496,0.09
271515,0.05
271527,0.14
271537,0.15
271544,0.22
271562,0.14
271565,0.12
271566,0.11
271567,0.16
271570,0.24
271576,0.28
271582,0.14
271586,0.19
271593,0.17
271598,0.2
271606,0.1
271607,0.08
271616,0.27
271617,0.17
271624,0.18
271638,0.19
271652,0.05
271657,0.07
271662,0.15
271665,0.04
271667,0.1
271670,0.15
271675,0.04
271679,0.18
271682,0.25
271696,0.23
271699,0.04
271733,0.04
271739,0.12
271746,0.07
271753,0.08
271756,0.21
271762,0.1
271777,0.14
271781,0.09
271785,0.04
271786,0.09
271790,0.18
271801,0.25
271806,0.13
271807,0.14
271810,0.17
271811,0.18
271815,0.19
271847,0.04
271875,0.11
271878,0.2
271880,0.22
271883,0.1
271911,0.12
271912,0.11
271914,0.23
271922,0.1
271933,0.02
271945,0.12
271952,0.07
271954,0.14
271961,0.06
271967,0.1
271969,0.06
271980,0.21
271989,0.13
271991,0.21
272000,0.05
272004,0.11
272010,0.25
272013,0.32
272029,0.19
272030,0.18
272031,0.02
272035,0.06
272040,0.35
272043,0.09
272055,0.22
272068,0.1
272075,0.35
272081,0.13
272090,0.16
272104,0.11
272116,0.14
272121,0.05
272129,0.05
272143,0.12
272146,0.03
272148,0.21
272152,0.13
272167,0.09
272180,0.08
272192,0.12
272201,0.18
272205,0.14
272209,0.2
272211,0.09
272228,0.12
272233,0.22
272235,0.13
272249,0.2
272267,0.23
272270,0.09
272276,0.06
272302,0.11
272303,0.04
272308,0.06
272309,0.12
272311,0.13
272313,0.16
272353,0.1
272366,0.09
272367,0.16
272371,0.09
272381,0.16
272404,0.1
272405,0.13
272418,0.22
272419,0.01
272425,0.24
272438,0.22
272444,0.08
272445,0.08
272462,0.08
272474,0.03
272478,0.21
272479,0.18
272480,0.11
272482,0.02
272511,0.14
272512,0.09
272516,0.1
272517,0.1
272522,0.07
272537,0.15
272555,0.05
272564,0.18
272566,0.13
272573,0.08
272575,0.1
272583,0.14
272593,0.08
272627,0.1
272628,0.14
272630,0.08
272632,0.05
272635,0.34
272636,0.19
272661,0.08
272669,0.07
272672,0.11
272681,0.2
272682,0.23
272691,0.1
272697,0.18
272706,0.18
272708,0.06
272717,0.09
272722,0.03
272723,0.0
272737,0.03
272744,0.15
272752,0.27
272757,0.11
272760,0.09
272763,0.26
272768,0.07
272779,0.1
272781,0.19
272787,0.19
272795,0.17
272799,0.1
272820,0.14
272821,0.01
272829,0.1
272852,0.13
272863,0.21
272878,0.13
272886,0.04
272891,0.21
272903,0.11
272914,0.11
272928,0.12
272937,0.11
272938,0.1
272944,0.11
272965,0.19
272967,0.21
272969,0.2
272983,0.16
272998,0.15
273002,0.23
273005,0.03
273010,0.07
273011,0.05
273017,0.14
273021,0.16
273023,0.21
273027,0.14
273035,0.13
273047,0.24
273053,0.12
273060,0.24
273062,0.11
273074,0.14
273078,0.11
273079,0.19
273087,0.14
273107,0.07
273109,0.11
273112,0.25
273113,0.18
273117,0.12
273121,0.39
273137,0.17
273156,0.12
273157,0.16
273177,0.24
273192,0.11
273193,0.06
273194,0.08
273198,0.15
273199,0.12
273206,0.19
273213,0.1
273235,0.15
273244,0.15
273247,0.18
273248,0.31
273254,0.13
273259,0.12
273270,0.1
273272,0.15
273287,0.14
273289,0.1
273294,0.12
273301,0.09
273304,0.18
273313,0.05
273314,0.19
273333,0.09
273336,0.25
273343,0.04
273353,0.19
273359,0.11
273371,0.04
273402,0.21
273415,0.03
273420,0.35
273424,0.1
273428,0.09
273429,0.14
273443,0.19
273457,0.08
273458,0.11
273467,0.19
273477,0.15
273482,0.14
273495,0.14
273496,0.04
273503,0.12
273507,0.1
273508,0.11
273510,0.18
273524,0.12
273552,0.02
273556,0.03
273566,0.05
273579,0.1
273584,0.17
273595,0.15
273606,0.08
273623,0.06
273625,0.09
273638,0.17
273660,0.06
273664,0.16
273683,0.15
273686,0.06
273687,0.3
273699,0.18
273700,0.22
273719,0.14
273721,0.3
273728,0.18
273764,0.08
273770,0.16
273774,0.11
273792,0.15
273806,0.09
273807,0.14
273818,0.06
273823,0.16
273835,0.25
273856,0.09
273861,0.01
273863,0.11
273864,0.13
273874,0.24
273879,0.1
273892,0.2
273895,0.16
273899,0.15
273900,0.27
273912,0.24
273921,0.11
273941,0.16
273946,0.05
273954,0.13
273956,0.15
273962,0.1
273968,0.05
273985,0.19
274000,0.18
274003,0.1
274004,0.04
274006,0.01
274019,0.31
274022,0.37
274023,0.17
274034,0.01
274043,0.09
274052,0.11
274054,0.31
274058,0.11
274063,0.19
274070,0.02
274072,0.29
274081,0.13
274108,0.19
274118,0.3
274125,0.15
274129,0.08
274140,0.04
274142,0.17
274146,0.17
274147,0.23
274155,0.12
274163,0.03
274165,0.03
274174,0.08
274182,0.21
274186,0.15
274188,0.1
274193,0.22
274198,0.21
274216,0.02
274219,0.08
274225,0.31
274229,0.04
274248,0.1
274268,0.04
274274,0.02
274286,0.03
274289,0.15
274297,0.08
274302,0.03
274326,0.05
274346,0.13
274348,0.21
274349,0.11
274350,0.02
274353,0.06
274359,0.27
274364,0.07
274368,0.06
274373,0.14
274378,0.15
274389,0.07
274390,0.02
274391,0.13
274392,0.1
274396,0.26
274408,0.04
274409,0.05
274424,0.29
274453,0.18
274460,0.15
274465,0.02
274468,0.06
274481,0.24
274482,0.14
274484,0.14
274490,0.1
274509,0.09
274511,0.03
274515,0.05
274521,0.18
274523,0.07
274525,0.18
274539,0.05
274541,0.15
274574,0.17
274585,0.05
274587,0.11
274594,0.2
274600,0.16
274605,0.19
274611,0.03
274619,0.13
274641,0.21
274666,0.26
274688,0.14
274690,0.13
274699,0.15
274703,0.15
274715,0.1
274717,0.08
274760,0.17
274774,0.08
274791,0.33
274801,0.08
274804,0.03
274808,0.2
274813,0.13
274815,0.17
274818,0.1
274820,0.18
274829,0.2
274847,0.24
274865,0.13
274870,0.1
274881,0.27
274890,0.19
274894,0.14
274902,0.05
274905,0.19
274911,0.14
274912,0.26
274914,0.03
274927,0.13
274931,0.1
274944,0.24
274951,0.09
274953,0.11
274954,0.03
274961,0.08
274965,0.13
274972,0.26
274978,0.15
274984,0.17
274993,0.02
274996,0.01
275043,0.1
275048,0.11
275052,0.15
275059,0.04
275060,0.07
275071,0.1
275077,0.15
275078,0.07
275091,0.11
275098,0.21
275111,0.09
275120,0.07
275121,0.19
275125,0.09
275129,0.04
275139,0.1
275150,0.04
275153,0.1
275166,0.17
275185,0.19
275199,0.24
275201,0.05
275203,0.09
275216,0.11
275225,0.24
275226,0.08
275232,0.16
275254,0.14
275256,0.27
275272,0.2
275278,0.0
275280,0.07
275286,0.24
275288,0.06
275299,0.12
275306,0.16
275313,0.09
275314,0.11
275319,0.19
275324,0.16
275330,0.08
275334,0.03
275335,0.17
275337,0.06
275339,0.15
275351,0.11
275352,0.08
275367,0.11
275384,0.04
275392,0.18
275393,0.1
275408,0.14
275411,0.21
275413,0.25
275415,0.04
275416,0.1
275422,0.04
275424,0.16
275438,0.13
275440,0.2
275468,0.11
275469,0.13
275473,0.09
275482,0.26
275488,0.11
275502,0.06
275503,0.13
275511,0.15
275518,0.13
275520,0.11
275524,0.04
275531,0.15
275537,0.14
275558,0.09
275574,0.12
275576,0.16
275583,0.11
275588,0.18
275605,0.3
275612,0.15
275627,0.32
275633,0.15
275646,0.16
275647,0.2
275653,0.27
275661,0.12
275683,0.09
275688,0.02
275691,0.21
275713,0.16
275731,0.05
275735,0.28
275739,0.03
275761,0.14
275762,0.15
275767,0.16
275768,0.22
275769,0.2
275774,0.02
275776,0.15
275783,0.07
275800,0.04
275805,0.26
275836,0.06
275842,0.05
275855,0.14
275860,0.06
275870,0.15
275884,0.19
275897,0.19
275899,0.12
275900,0.09
275906,0.15
275912,0.09
275922,0.32
275929,0.35
275931,0.26
275932,0.05
275936,0.27
275937,0.08
275947,0.21
275949,0.22
275954,0.15
275958,0.13
275966,0.18
275967,0.16
275970,0.22
275989,0.21
275993,0.05
275995,0.15
275998,0.07
276007,0.06
276011,0.16
276029,0.24
276047,0.02
276048,0.18
276050,0.15
276054,0.19
276056,0.13
276057,0.07
276060,0.06
276084,0.05
276089,0.11
276118,0.1
276121,0.25
276122,0.2
276130,0.05
276134,0.17
276135,0.12
276142,0.24
276164,0.08
276195,0.24
276210,0.14
276235,0.12
276238,0.11
276242,0.1
276244,0.19
276247,0.17
276263,0.21
276306,0.18
276309,0.09
276319,0.22
276334,0.12
276338,0.09
276343,0.19
276344,0.13
276345,0.13
276348,0.11
276359,0.1
276363,0.14
276365,0.17
276366,0.25
276373,0.1
276378,0.06
276386,0.13
276405,0.16
276419,0.09
276422,0.16
276430,0.16
276437,0.16
276442,0.17
276444,0.04
276446,0.11
276455,0.31
276470,0.13
276472,0.08
276475,0.31
276479,0.11
276484,0.11
276487,0.16
276488,0.19
276495,0.12
276497,0.2
276508,0.28
276509,0.05
276516,0.04
276521,0.09
276525,0.15
276550,0.12
276560,0.02
276569,0.13
276584,0.07
276603,0.07
276615,0.14
276617,0.05
276622,0.14
276625,0.05
276629,0.05
276642,0.16
276664,0.08
276674,0.05
276675,0.26
276678,0.15
276692,0.07
276693,0.15
276697,0.1
276703,0.14
276705,0.13
276717,0.17
276728,0.08
276744,0.11
276762,0.14
276764,0.11
276781,0.22
276793,0.07
276798,0.03
276800,0.17
276805,0.07
276824,0.06
276826,0.07
276848,0.24
276854,0.23
276862,0.27
276865,0.1
276869,0.24
276880,0.09
276882,0.14
276886,0.05
276889,0.14
276892,0.07
276903,0.06
276906,0.12
276936,0.12
276945,0.07
276956,0.06
276958,0.03
276963,0.04
276966,0.05
276987,0.13
276993,0.2
276994,0.06
277004,0.06
277015,0.08
277021,0.17
277024,0.12
277032,0.2
277054,0.17
277055,0.11
277061,0.05
277065,0.21
277070,0.16
277079,0.27
277088,0.12
277108,0.07
277114,0.12
277121,0.17
277137,0.16
277148,0.23
277158,0.19
277162,0.19
277165,0.22
277167,0.08
277170,0.14
277172,0.09
277177,0.05
277179,0.26
277182,0.14
277185,0.04
277191,0.11
277200,0.22
277211,0.11
277217,0.13
277221,0.15
277226,0.2
277227,0.22
277228,0.15
277229,0.15
277244,0.21
277271,0.14
277274,0.15
277282,0.16
277286,0.07
277288,0.18
277290,0.02
277291,0.07
277296,0.09
277297,0.09
277320,0.06
277327,0.22
277335,0.28
277336,0.14
277338,0.19
277342,0.33
277344,0.08
277345,0.13
277349,0.06
277356,0.09
277370,0.07
277371,0.2
277379,0.11
277386,0.37
277390,0.16
277400,0.14
277401,0.28
277412,0.12
277413,0.22
277415,0.13
277417,0.23
277419,0.15
277422,0.1
277423,0.04
277425,0.09
277432,0.1
277438,0.11
277445,0.02
277447,0.14
277456,0.13
277457,0.08
277474,0.22
277488,0.16
277494,0.12
277501,0.18
277503,0.17
277510,0.13
277516,0.17
277521,0.16
277522,0.12
277530,0.05
277531,0.07
277536,0.09
277548,0.11
277550,0.14
277554,0.13
277555,0.13
277562,0.22
277565,0.19
277566,0.11
277572,0.08
277592,0.15
277593,0.01
277610,0.1
277621,0.03
277654,0.31
277668,0.17
277673,0.18
277675,0.05
277694,0.13
277697,0.12
277699,0.03
277700,0.17
277701,0.09
277708,0.18
277710,0.03
277717,0.16
277725,0.1
277731,0.13
277746,0.32
277753,0.17
277757,0.16
277764,0.03
277772,0.04
277775,0.26
277777,0.17
277787,0.05
277797,0.05
277798,0.17
277802,0.3
277812,0.15
277816,0.14
277820,0.14
277821,0.05
277822,0.2
277838,0.09
277845,0.05
277846,0.0
277854,0.26
277856,0.13
277866,0.17
277874,0.09
277893,0.21
277900,0.11
277964,0.12
277970,0.09
277976,0.1
277983,0.1
277994,0.01
278011,0.06
278025,0.24
278045,0.19
278048,0.26
278066,0.11
278088,0.17
278098,0.2
278101,0.26
278113,0.06
278114,0.04
278128,0.14
278152,0.18
278157,0.08
278168,0.23
278169,0.2
278174,0.04
278176,0.09
278181,0.21
278185,0.11
278225,0.24
278236,0.36
278242,0.14
278244,0.05
278251,0.25
278252,0.14
278272,0.03
278279,0.05
278287,0.28
278288,0.19
278309,0.08
278310,0.1
278316,0.17
278318,0.31
278320,0.05
278344,0.2
278356,0.21
278359,0.18
278361,0.1
278368,0.11
278372,0.03
278384,0.23
278388,0.03
278409,0.17
278414,0.1
278415,0.22
278416,0.23
278422,0.0
278423,0.19
278432,0.13
278436,0.14
278455,0.07
278461,0.2
278469,0.12
278482,0.09
278487,0.16
278493,0.14
278501,0.19
278508,0.23
278511,0.06
278519,0.04
278526,0.11
278530,0.15
278533,0.08
278539,0.12
278545,0.12
278556,0.11
278559,0.04
278587,0.16
278601,0.18
278603,0.15
278604,0.22
278605,0.13
278606,0.11
278613,0.11
278616,0.16
278618,0.18
278632,0.12
278633,0.08
278637,0.08
278645,0.1
278649,0.16
278653,0.2
278662,0.08
278673,0.18
278700,0.08
278703,0.11
278704,0.11
278723,0.15
278725,0.07
278730,0.13
278750,0.06
278765,0.16
278770,0.02
278779,0.08
278787,0.15
278791,0.05
278804,0.12
278807,0.13
278810,0.07
278812,0.17
278815,0.19
278821,0.12
278825,0.12
278832,0.17
278836,0.12
278838,0.17
278840,0.18
278844,0.15
278862,0.12
278863,0.09
278871,0.14
278875,0.17
278892,0.39
278899,0.11
278903,0.03
278909,0.1
278913,0.28
278931,0.04
278932,0.13
278933,0.07
278937,0.15
278952,0.07
278954,0.0
278960,0.2
278967,0.15
278968,0.1
278972,0.14
278976,0.13
278982,0.06
278983,0.06
279001,0.16
279015,0.1
279018,0.11
279035,0.19
279040,0.19
279043,0.16
279046,0.16
279061,0.14
279063,0.07
279065,0.12
279068,0.0
279070,0.04
279074,0.11
279076,0.16
279086,0.06
279095,0.05
279107,0.15
279108,0.18
279109,0.11
279110,0.2
279111,0.13
279129,0.05
279134,0.13
279137,0.04
279142,0.23
279146,0.04
279153,0.08
279157,0.11
279165,0.08
279166,0.0
279172,0.15
279173,0.09
279174,0.17
279179,0.18
279182,0.11
279186,0.11
279187,0.15
279189,0.11
279201,0.08
279202,0.14
279213,0.08
279214,0.05
279217,0.22
279230,0.24
279232,0.1
279233,0.02
279235,0.1
279250,0.07
279252,0.08
279257,0.2
279265,0.17
279266,0.1
279279,0.11
279281,0.04
279282,0.19
279285,0.13
279286,0.02
279297,0.01
279300,0.14
279318,0.06
279324,0.08
279334,0.02
279335,0.07
279336,0.16
279341,0.18
279342,0.32
279353,0.21
279357,0.2
279371,0.26
279376,0.11
279391,0.09
279392,0.08
279402,0.15
279406,0.2
279408,0.13
279434,0.18
279439,0.05
279448,0.14
279450,0.25
279456,0.01
279461,0.14
279466,0.03
279470,0.19
279471,0.09
279493,0.06
279500,0.08
279506,0.06
279512,0.16
279519,0.23
279533,0.07
279549,0.12
279551,0.38
279556,0.13
279557,0.18
279558,0.33
279566,0.17
279592,0.13
279595,0.24
279604,0.17
279608,0.09
279614,0.09
279618,0.13
279622,0.03
279648,0.22
279652,0.09
279653,0.13
279679,0.04
279690,0.23
279691,0.14
279694,0.17
279698,0.09
279702,0.15
279712,0.05
279713,0.12
279715,0.09
279725,0.08
279727,0.18
279733,0.06
279742,0.08
279748,0.13
279754,0.07
279756,0.23
279776,0.24
279778,0.24
279779,0.01
279782,0.26
279793,0.14
279794,0.09
279804,0.25
279810,0.06
279817,0.43
279828,0.05
279830,0.13
279831,0.14
279834,0.22
279835,0.07
279840,0.03
279847,0.1
279852,0.05
279854,0.12
279856,0.15
279859,0.13
279862,0.04
279876,0.18
279878,0.17
279889,0.15
279894,0.11
279897,0.15
279903,0.14
279904,0.12
279906,0.16
279909,0.09
279922,0.27
279925,0.03
279939,0.18
279940,0.14
279942,0.14
279948,0.02
279952,0.01
279960,0.1
279968,0.11
279969,0.07
279977,0.34
279980,0.14
279994,0.15
279997,0.17
279998,0.17
280007,0.18
280009,0.3
280010,0.33
280020,0.08
280021,0.04
280022,0.12
280052,0.01
280058,0.13
280074,0.14
280076,0.04
280085,0.29
280091,0.16
280095,0.03
280107,0.19
280116,0.28
280140,0.11
280144,0.21
280156,0.14
280177,0.11
280191,0.07
280205,0.09
280226,0.24
280230,0.2
280234,0.06
280264,0.1
280274,0.06
280298,0.13
280299,0.15
280300,0.17
280301,0.04
280308,0.03
280317,0.12
280319,0.15
280322,0.1
280342,0.09
280348,0.2
280350,0.03
280353,0.25
280366,0.15
280372,0.06
280374,0.08
280376,0.29
280381,0.09
280384,0.01
280388,0.05
280397,0.28
280401,0.11
280409,0.21
280413,0.07
280422,0.22
280424,0.13
280426,0.13
280429,0.11
280430,0.21
280435,0.05
280444,0.08
280450,0.3
280455,0.23
280459,0.12
280462,0.22
280466,0.22
280470,0.09
280473,0.18
280517,0.18
280524,0.26
280527,0.11
280531,0.17
280548,0.11
280558,0.33
280563,0.09
280598,0.26
280599,0.12
280603,0.16
280607,0.04
280610,0.37
280612,0.19
280625,0.03
280631,0.13
280650,0.23
280653,0.54
280657,0.12
280669,0.07
280675,0.13
280679,0.19
280685,0.09
280691,0.13
280693,0.05
280706,0.11
280714,0.1
280719,0.23
280724,0.17
280725,0.13
280737,0.19
280738,0.15
280744,0.07
280746,0.27
280760,0.12
280772,0.23
280777,0.08
280784,0.15
280785,0.15
280791,0.07
280793,0.1
280794,0.09
280800,0.19
280805,0.06
280806,0.07
280815,0.21
280823,0.1
280831,0.08
280832,0.19
280841,0.14
280845,0.21
280846,0.14
280854,0.19
280857,0.08
280861,0.11
280862,0.16
280867,0.17
280877,0.14
280879,0.13
280890,0.02
280891,0.22
280903,0.39
280916,0.1
280929,0.06
280934,0.24
280941,0.19
280947,0.15
280962,0.11
280963,0.19
280966,0.02
280967,0.09
280971,0.38
281005,0.07
281007,0.24
281008,0.02
281009,0.02
281016,0.1
281024,0.19
281039,0.3
281045,0.06
281054,0.27
281055,0.17
281056,0.16
281068,0.16
281092,0.09
281094,0.05
281118,0.27
281133,0.09
281137,0.07
281164,0.24
281176,0.09
281177,0.14
281184,0.05
281187,0.25
281192,0.02
281195,0.13
281220,0.13
281222,0.12
281227,0.16
281234,0.19
281251,0.04
281278,0.04
281298,0.2
281303,0.29
281306,0.21
281314,0.02
281320,0.1
281322,0.14
281337,0.13
281347,0.27
281357,0.05
281362,0.12
281365,0.05
281366,0.11
281367,0.07
281373,0.1
281376,0.07
281400,0.25
281417,0.06
281420,0.05
281422,0.13
281435,0.1
281439,0.05
281448,0.11
281451,0.16
281453,0.01
281482,0.04
281494,0.2
281514,0.14
281515,0.09
281542,0.12
281556,0.11
281568,0.2
281592,0.09
281593,0.1
281607,0.17
281613,0.04
281618,0.27
281620,0.14
281628,0.12
281629,0.13
281633,0.06
281634,0.15
281642,0.13
281643,0.12
281653,0.13
281661,0.14
281671,0.04
281675,0.08
281684,0.02
281692,0.22
281697,0.09
281730,0.15
281731,0.08
281734,0.24
281737,0.05
281750,0.24
281752,0.17
281764,0.13
281782,0.12
281791,0.12
281793,0.15
281795,0.17
281824,0.19
281831,0.17
281845,0.07
281848,0.03
281854,0.1
281855,0.18
281867,0.13
281873,0.08
281875,0.13
281876,0.21
281881,0.05
281905,0.11
281906,0.09
281907,0.11
281914,0.19
281929,0.12
281936,0.19
281938,0.07
281940,0.1
281941,0.15
281950,0.05
281954,0.11
281955,0.15
281956,0.27
281957,0.05
281968,0.15
281972,0.3
281974,0.1
281987,0.12
281996,0.17
281998,0.05
282002,0.06
282004,0.15
282005,0.09
282020,0.14
282021,0.23
282041,0.05
282045,0.09
282046,0.13
282048,0.12
282056,0.14
282063,0.1
282068,0.2
282072,0.19
282100,0.11
282104,0.11
282105,0.16
282106,0.03
282108,0.12
282114,0.19
282132,0.23
282133,0.11
282136,0.16
282145,0.15
282146,0.28
282150,0.16
282151,0.18
282152,0.15
282157,0.29
282165,0.1
282167,0.07
282178,0.06
282179,0.13
282204,0.04
282208,0.04
282218,0.15
282221,0.34
282223,0.16
282226,0.15
282230,0.03
282232,0.14
282235,0.01
282236,0.11
282239,0.15
282246,0.15
282250,0.3
282259,0.11
282270,0.06
282272,0.13
282282,0.27
282292,0.18
282306,0.06
282311,0.08
282317,0.29
282318,0.09
282331,0.06
282338,0.24
282349,0.14
282350,0.38
282355,0.07
282359,0.24
282382,0.2
282396,0.22
282399,0.15
282408,0.08
282421,0.07
282427,0.1
282437,0.12
282446,0.08
282448,0.15
282453,0.04
282456,0.19
282457,0.12
282465,0.19
282476,0.15
282478,0.12
282482,0.15
282485,0.17
282492,0.04
282498,0.09
282503,0.05
282512,0.2
282521,0.16
282531,0.3
282548,0.09
282582,0.09
282585,0.12
282605,0.14
282618,0.08
282633,0.09
282642,0.14
282645,0.16
282647,0.07
282649,0.09
282654,0.15
282661,0.13
282667,0.08
282668,0.04
282678,0.12
282679,0.25
282687,0.09
282688,0.09
282691,0.16
282702,0.03
282709,0.01
282712,0.09
282715,0.21
282726,0.06
282735,0.21
282737,0.15
282746,0.18
282751,0.02
282754,0.23
282758,0.2
282773,0.29
282787,0.09
282794,0.14
282812,0.03
282822,0.21
282827,0.18
282836,0.06
282841,0.13
282854,0.16
282862,0.08
282873,0.13
282890,0.14
282900,0.26
282906,0.03
282910,0.14
282915,0.12
282929,0.16
282933,0.16
282944,0.16
282945,0.08
282950,0.05
282954,0.06
282960,0.1
282961,0.09
282962,0.05
282965,0.2
282971,0.11
282974,0.14
282975,0.03
282979,0.06
282984,0.1
282990,0.18
282998,0.21
283005,0.25
283013,0.26
283018,0.33
283029,0.27
283032,0.06
283036,0.15
283041,0.24
283046,0.22
283050,0.07
283057,0.14
283065,0.14
283069,0.27
283074,0.02
283076,0.02
283077,0.06
283089,0.1
283090,0.12
283094,0.14
283110,0.08
283118,0.08
283127,0.03
283130,0.05
283139,0.15
283143,0.13
283144,0.4
283146,0.07
283150,0.16
283161,0.22
283177,0.12
283180,0.06
283184,0.14
283191,0.18
283193,0.12
283196,0.33
283199,0.23
283202,0.14
283205,0.02
283213,0.2
283216,0.12
283218,0.1
283220,0.06
283227,0.22
283233,0.04
283248,0.18
283250,0.2
283261,0.05
283264,0.2
283267,0.03
283269,0.02
283271,0.17
283282,0.15
283283,0.02
283290,0.13
283295,0.06
283298,0.19
283303,0.34
283309,0.11
283310,0.16
283314,0.22
283317,0.0
283318,0.16
283323,0.2
283327,0.15
283328,0.27
283336,0.14
283340,0.07
283344,0.08
283345,0.16
283360,0.14
283361,0.05
283383,0.25
283387,0.14
283390,0.12
283412,0.02
283426,0.1
283429,0.17
283433,0.17
283437,0.14
283438,0.06
283461,0.09
283466,0.07
283477,0.12
283479,0.13
283483,0.19
283484,0.09
283486,0.06
283500,0.09
283512,0.17
283515,0.09
283517,0.43
283519,0.06
283523,0.14
283528,0.28
283555,0.15
283565,0.08
283572,0.24
283576,0.05
283586,0.34
283590,0.06
283606,0.0
283615,0.09
283619,0.22
283632,0.26
283635,0.13
283636,0.15
283641,0.22
283642,0.04
283647,0.1
283667,0.14
283683,0.21
283684,0.1
283687,0.17
283691,0.16
283693,0.16
283701,0.14
283702,0.22
283711,0.24
283713,0.31
283726,0.08
283730,0.08
283736,0.14
283737,0.22
283740,0.14
283748,0.16
283750,0.18
283756,0.09
283757,0.02
283774,0.24
283776,0.19
283784,0.17
283790,0.24
283796,0.19
283806,0.14
283816,0.17
283825,0.16
283827,0.11
283835,0.01
283839,0.23
283843,0.15
283874,0.34
283880,0.18
283881,0.11
283882,0.12
283887,0.11
283891,0.13
283893,0.16
283895,0.07
283900,0.09
283906,0.07
283938,0.07
283943,0.05
283953,0.32
283958,0.19
283961,0.04
283972,0.18
283973,0.14
283986,0.16
283990,0.18
283994,0.25
284000,0.03
284002,0.12
284003,0.13
284035,0.12
284049,0.14
284055,0.04
284060,0.08
284061,0.13
284069,0.18
284072,0.17
284075,0.18
284087,0.03
284093,0.09
284095,0.1
284096,0.11
284106,0.03
284109,0.14
284112,0.03
284126,0.09
284152,0.15
284155,0.04
284157,0.08
284159,0.09
284194,0.03
284207,0.17
284211,0.12
284220,0.18
284232,0.16
284239,0.16
284246,0.11
284257,0.16
284259,0.07
284272,0.17
284277,0.15
284279,0.12
284283,0.12
284294,0.09
284298,0.01
284305,0.13
284309,0.1
284311,0.04
284315,0.06
284338,0.3
284340,0.2
284342,0.24
284344,0.11
284348,0.11
284361,0.23
284373,0.06
284380,0.35
284408,0.03
284422,0.17
284423,0.14
284427,0.17
284433,0.32
284442,0.04
284462,0.21
284481,0.33
284487,0.07
284492,0.09
284495,0.1
284499,0.18
284503,0.06
284506,0.22
284507,0.06
284511,0.18
284512,0.17
284513,0.09
284520,0.11
284537,0.05
284557,0.22
284560,0.11
284571,0.14
284573,0.21
284574,0.08
284575,0.07
284576,0.16
284578,0.12
284592,0.12
284606,0.22
284609,0.12
284614,0.03
284627,0.09
284630,0.17
284633,0.09
284647,0.09
284650,0.09
284655,0.15
284661,0.09
284664,0.02
284668,0.11
284682,0.13
284683,0.26
284691,0.09
284692,0.3
284695,0.14
284751,0.31
284785,0.23
284796,0.04
284797,0.06
284799,0.12
284805,0.16
284811,0.15
284844,0.06
284856,0.13
284861,0.14
284864,0.12
284866,0.12
284867,0.02
284871,0.04
284873,0.1
284888,0.39
284895,0.05
284906,0.12
284907,0.21
284908,0.08
284914,0.11
284916,0.15
284920,0.22
284926,0.1
284934,0.14
284937,0.06
284949,0.15
284986,0.12
285002,0.11
285006,0.09
285007,0.27
285008,0.15
285016,0.02
285040,0.09
285041,0.02
285050,0.1
285051,0.05
285059,0.09
285077,0.16
285078,0.2
285097,0.11
285102,0.25
285104,0.05
285117,0.12
285119,0.1
285120,0.17
285122,0.19
285131,0.19
285137,0.13
285139,0.1
285147,0.09
285176,0.12
285177,0.04
285183,0.09
285184,0.03
285200,0.07
285213,0.08
285224,0.15
285232,0.24
285245,0.23
285249,0.08
285253,0.07
285268,0.06
285276,0.06
285282,0.22
285284,0.3
285297,0.23
285304,0.19
285305,0.22
285337,0.1
285346,0.2
285349,0.09
285354,0.17
285359,0.1
285366,0.26
285367,0.23
285368,0.21
285376,0.22
285382,0.07
285385,0.18
285389,0.05
285396,0.04
285398,0.11
285399,0.1
285403,0.07
285405,0.08
285407,0.19
285417,0.15
285419,0.16
285431,0.08
285457,0.08
285462,0.24
285463,0.16
285472,0.16
285476,0.08
285479,0.18
285482,0.15
285486,0.16
285487,0.13
285497,0.12
285498,0.2
285507,0.25
285509,0.07
285514,0.18
285516,0.08
285521,0.13
285525,0.09
285528,0.11
285555,0.16
285559,0.11
285561,0.1
285562,0.27
285565,0.19
285571,0.05
285583,0.1
285588,0.21
285603,0.04
285612,0.15
285628,0.16
285635,0.17
285649,0.18
285651,0.12
285653,0.23
285662,0.25
285665,0.1
285678,0.02
285681,0.02
285694,0.14
285695,0.17
285701,0.14
285721,0.19
285730,0.04
285733,0.1
285743,0.13
285744,0.13
285746,0.09
285778,0.08
285784,0.1
285808,0.11
285810,0.22
285831,0.22
285833,0.08
285841,0.06
285842,0.17
285844,0.02
285847,0.18
285853,0.07
285861,0.14
285863,0.03
285867,0.17
285870,0.3
285879,0.1
285880,0.06
285882,0.11
285893,0.01
285897,0.09
285912,0.23
285914,0.15
285918,0.16
285927,0.17
285931,0.08
285932,0.12
285962,0.07
285975,0.19
285978,0.17
285996,0.13
286000,0.16
286010,0.16
286011,0.21
286018,0.13
286033,0.17
286038,0.14
286042,0.06
286044,0.1
286047,0.08
286050,0.21
286052,0.05
286056,0.2
286058,0.05
286083,0.09
286088,0.25
286094,0.18
286107,0.23
286112,0.15
286124,0.0
286128,0.12
286141,0.23
286146,0.14
286147,0.13
286153,0.06
286163,0.19
286169,0.14
286175,0.09
286185,0.09
286194,0.07
286198,0.16
286201,0.09
286202,0.24
286213,0.11
286218,0.13
286250,0.05
286257,0.14
286264,0.06
286265,0.14
286266,0.12
286287,0.08
286292,0.08
286294,0.07
286295,0.18
286299,0.3
286300,0.09
286302,0.17
286310,0.25
286316,0.15
286332,0.24
286353,0.14
286354,0.05
286357,0.01
286375,0.01
286382,0.12
286389,0.16
286404,0.04
286405,0.24
286411,0.13
286412,0.09
286421,0.25
286423,0.03
286426,0.13
286433,0.11
286438,0.18
286441,0.07
286444,0.02
286447,0.1
286459,0.06
286473,0.05
286484,0.09
286485,0.47
286501,0.12
286502,0.12
286509,0.13
286511,0.14
286516,0.18
286547,0.26
286549,0.13
286553,0.06
286558,0.18
286566,0.11
286572,0.14
286582,0.2
286587,0.15
286590,0.15
286594,0.25
286598,0.21
286602,0.09
286608,0.16
286610,0.21
286627,0.1
286661,0.13
286664,0.17
286668,0.1
286683,0.08
286684,0.04
286689,0.09
286696,0.13
286697,0.02
286703,0.09
286705,0.13
286707,0.19
286708,0.13
286711,0.08
286714,0.07
286734,0.04
286747,0.12
286760,0.13
286763,0.15
286772,0.02
286773,0.09
286791,0.12
286813,0.17
286814,0.1
286817,0.13
286836,0.07
286838,0.14
286844,0.01
286854,0.15
286856,0.14
286859,0.26
286864,0.19
286865,0.15
286868,0.25
286881,0.23
286882,0.03
286888,0.05
286890,0.33
286892,0.07
286895,0.06
286906,0.19
286924,0.12
286930,0.04
286931,0.17
286942,0.13
286955,0.08
286960,0.06
286962,0.11
286966,0.03
286967,0.09
286971,0.08
286983,0.13
286985,0.02
286986,0.2
286987,0.25
286992,0.14
287003,0.05
287004,0.07
287006,0.21
287029,0.16
287036,0.07
287038,0.18
287049,0.2
287050,0.11
287057,0.11
287065,0.07
287066,0.26
287089,0.08
287093,0.32
287096,0.11
287103,0.12
287104,0.1
287109,0.04
287133,0.36
287137,0.04
287141,0.31
287146,0.1
287148,0.16
287177,0.1
287184,0.05
287197,0.16
287204,0.19
287206,0.23
287208,0.17
287225,0.11
287228,0.05
287252,0.17
287260,0.11
287264,0.15
287270,0.1
287271,0.11
287272,0.1
287274,0.06
287280,0.09
287281,0.17
287290,0.13
287298,0.08
287299,0.28
287301,0.16
287314,0.15
287321,0.16
287322,0.04
287329,0.17
287331,0.14
287337,0.11
287349,0.11
287358,0.15
287370,0.18
287371,0.18
287376,0.12
287378,0.11
287386,0.28
287394,0.08
287397,0.19
287419,0.12
287428,0.09
287438,0.03
287439,0.12
287449,0.13
287450,0.09
287460,0.12
287472,0.11
287474,0.18
287483,0.07
287495,0.17
287510,0.1
287512,0.08
287530,0.13
287531,0.08
287543,0.21
287549,0.15
287564,0.12
287574,0.09
287580,0.14
287587,0.19
287594,0.08
287605,0.06
287617,0.18
287621,0.02
287626,0.18
287629,0.13
287632,0.23
287636,0.15
287644,0.03
287648,0.1
287666,0.17
287672,0.14
287701,0.23
287708,0.03
287718,0.21
287724,0.18
287726,0.07
287729,0.04
287732,0.26
287733,0.13
287734,0.19
287750,0.21
287755,0.24
287762,0.23
287764,0.07
287766,0.09
287775,0.15
287781,0.07
287785,0.15
287789,0.03
287792,0.15
287796,0.06
287804,0.17
287822,0.07
287835,0.03
287840,0.09
287850,0.05
287851,0.13
287852,0.12
287858,0.05
287859,0.12
287860,0.21
287861,0.17
287866,0.07
287868,0.13
287873,0.05
287876,0.25
287877,0.09
287878,0.02
287879,0.22
287883,0.11
287888,0.06
287894,0.44
287895,0.09
287912,0.21
287915,0.18
287920,0.0
287922,0.07
287926,0.24
287929,0.09
287931,0.22
287936,0.12
287942,0.11
287946,0.05
287948,0.27
287963,0.19
288003,0.14
288005,0.11
288012,0.13
288013,0.25
288026,0.04
288027,0.13
288031,0.03
288039,0.02
288041,0.28
288045,0.09
288065,0.19
288068,0.09
288079,0.11
288084,0.45
288111,0.2
288129,0.13
288138,0.42
288154,0.22
288167,0.08
288178,0.15
288184,0.04
288193,0.05
288203,0.23
288207,0.32
288223,0.24
288226,0.24
288237,0.05
288257,0.31
288259,0.1
288269,0.16
288273,0.06
288276,0.12
288280,0.05
288283,0.21
288291,0.22
288299,0.24
288305,0.18
288316,0.04
288322,0.15
288333,0.04
288337,0.25
288341,0.04
288345,0.05
288348,0.06
288350,0.15
288353,0.16
288372,0.05
288375,0.29
288395,0.08
288408,0.15
288425,0.17
288430,0.24
288433,0.06
288459,0.21
288462,0.09
288463,0.2
288470,0.13
288472,0.19
288475,0.18
288495,0.29
288517,0.22
288530,0.12
288535,0.1
288539,0.05
288540,0.1
288547,0.38
288553,0.11
288555,0.36
288556,0.14
288562,0.05
288564,0.07
288567,0.36
288576,0.05
288579,0.05
288580,0.19
288589,0.15
288596,0.21
288597,0.13
288599,0.03
288601,0.07
288617,0.05
288621,0.29
288635,0.08
288656,0.07
288666,0.12
288670,0.15
288671,0.14
288673,0.08
288678,0.19
288693,0.21
288699,0.17
288706,0.1
288728,0.15
288739,0.09
288741,0.06
288755,0.07
288763,0.05
288766,0.1
288775,0.19
288780,0.09
288793,0.12
288811,0.18
288821,0.15
288829,0.12
288835,0.08
288836,0.15
288838,0.23
288851,0.12
288853,0.14
288854,0.07
288855,0.18
288876,0.05
288879,0.1
288884,0.25
288886,0.09
288891,0.13
288898,0.13
288911,0.3
288913,0.07
288927,0.03
288928,0.03
288931,0.14
288955,0.12
288961,0.1
288969,0.2
288971,0.15
288973,0.28
288982,0.01
288983,0.05
288986,0.15
288992,0.11
288993,0.1
288996,0.17
289007,0.22
289008,0.15
289014,0.13
289015,0.07
289016,0.14
289017,0.07
289028,0.11
289030,0.16
289040,0.09
289048,0.12
289051,0.26
289055,0.06
289057,0.13
289062,0.19
289063,0.18
289069,0.14
289073,0.08
289074,0.03
289085,0.1
289092,0.08
289097,0.18
289111,0.25
289112,0.17
289116,0.07
289123,0.05
289145,0.25
289146,0.13
289158,0.12
289165,0.1
289166,0.03
289167,0.25
289170,0.32
289193,0.21
289198,0.11
289209,0.13
289211,0.08
289215,0.21
289220,0.2
289232,0.14
289244,0.2
289258,0.12
289271,0.29
289274,0.15
289312,0.11
289321,0.15
289325,0.09
289333,0.19
289340,0.11
289368,0.02
289375,0.08
289380,0.26
289381,0.11
289384,0.18
289403,0.06
289408,0.13
289416,0.08
289463,0.11
289488,0.05
289495,0.25
289498,0.05
289499,0.05
289515,0.1
289531,0.1
289541,0.22
289554,0.09
289565,0.1
289590,0.1
289596,0.11
289601,0.16
289602,0.09
289603,0.14
289608,0.13
289622,0.16
289623,0.19
289625,0.05
289634,0.07
289648,0.15
289650,0.13
289662,0.08
289667,0.2
289674,0.01
289682,0.02
289702,0.06
289706,0.03
289709,0.24
289716,0.21
289725,0.1
289732,0.05
289743,0.18
289762,0.16
289766,0.22
289770,0.09
289775,0.24
289777,0.09
289783,0.17
289797,0.08
289798,0.12
289802,0.18
289812,0.11
289814,0.11
289819,0.13
289828,0.15
289831,0.2
289835,0.09
289844,0.11
289850,0.08
289851,0.24
289865,0.05
289869,0.2
289891,0.16
289907,0.15
289919,0.1
289923,0.22
289924,0.12
289927,0.15
289929,0.11
289951,0.17
289959,0.15
289964,0.15
289965,0.06
289966,0.03
289971,0.19
289988,0.19
289989,0.08
289995,0.23
290005,0.13
290013,0.29
290031,0.24
290036,0.17
290038,0.25
290041,0.27
290056,0.2
290058,0.13
290065,0.05
290069,0.13
290070,0.11
290074,0.21
290076,0.13
290082,0.13
290105,0.05
290111,0.08
290114,0.23
290116,0.24
290117,0.13
290128,0.15
290130,0.13
290139,0.1
290151,0.06
290154,0.03
290158,0.08
290180,0.14
290183,0.15
290190,0.13
290191,0.15
290199,0.16
290200,0.21
290202,0.13
290205,0.34
290206,0.09
290219,0.05
290227,0.03
290232,0.15
290233,0.1
290242,0.15
290246,0.06
290247,0.12
290257,0.17
290259,0.21
290260,0.14
290270,0.03
290273,0.14
290276,0.26
290281,0.12
290296,0.1
290303,0.27
290306,0.04
290331,0.11
290340,0.1
290349,0.17
290355,0.13
290365,0.2
290379,0.17
290389,0.11
290408,0.07
290409,0.16
290433,0.17
290437,0.17
290440,0.09
290448,0.13
290466,0.1
290467,0.03
290479,0.05
290490,0.07
290492,0.08
290503,0.16
290508,0.09
290524,0.06
290526,0.08
290527,0.12
290541,0.24
290557,0.28
290564,0.07
290572,0.09
290576,0.1
290588,0.14
290589,0.09
290595,0.11
290598,0.13
290605,0.17
290609,0.09
290610,0.06
290612,0.08
290634,0.11
290635,0.16
290644,0.35
290672,0.17
290681,0.2
290693,0.1
290695,0.08
290702,0.12
290703,0.11
290711,0.28
290713,0.15
290727,0.2
290730,0.2
290734,0.1
290745,0.19
290746,0.13
290751,0.11
290758,0.1
290766,0.14
290784,0.17
290786,0.12
290813,0.32
290849,0.11
290852,0.13
290881,0.27
290884,0.1
290885,0.06
290889,0.06
290911,0.12
290913,0.22
290923,0.12
290926,0.02
290936,0.2
290941,0.14
290945,0.13
290955,0.11
290961,0.11
290964,0.09
290967,0.1
290970,0.12
290974,0.11
290976,0.06
290978,0.03
290981,0.08
290991,0.05
291005,0.01
291009,0.15
291011,0.12
291012,0.2
291018,0.23
291023,0.03
291028,0.24
291034,0.15
291038,0.25
291039,0.22
291041,0.23
291045,0.04
291048,0.28
291052,0.17
291055,0.03
291082,0.18
291085,0.09
291086,0.14
291094,0.16
291103,0.22
291108,0.06
291110,0.12
291113,0.14
291117,0.13
291124,0.16
291129,0.14
291142,0.16
291155,0.28
291157,0.19
291177,0.04
291178,0.02
291180,0.12
291188,0.3
291198,0.12
291200,0.13
291202,0.12
291207,0.06
291218,0.05
291231,0.11
291232,0.14
291240,0.0
291241,0.33
291245,0.09
291256,0.06
291273,0.18
291274,0.17
291277,0.14
291290,0.24
291303,0.3
291310,0.02
291311,0.2
291319,0.31
291324,0.14
291331,0.18
291334,0.11
291348,0.09
291349,0.34
291359,0.14
291365,0.1
291379,0.13
291396,0.19
291411,0.19
291424,0.1
291425,0.0
291428,0.09
291446,0.2
291449,0.02
291461,0.18
291465,0.08
291480,0.21
291486,0.14
291487,0.01
291491,0.05
291499,0.07
291505,0.23
291512,0.22
291513,0.09
291521,0.02
291523,0.13
291543,0.15
291545,0.02
291546,0.28
291550,0.1
291552,0.09
291561,0.21
291579,0.17
291584,0.29
291586,0.1
291590,0.12
291592,0.53
291593,0.06
291599,0.19
291615,0.06
291617,0.04
291628,0.18
291654,0.19
291658,0.2
291659,0.04
291661,0.28
291671,0.07
291677,0.1
291689,0.05
291693,0.08
291695,0.18
291696,0.22
291697,0.15
291702,0.09
291711,0.08
291713,0.1
291715,0.14
291718,0.15
291733,0.21
291742,0.08
291748,0.04
291765,0.03
291771,0.13
291773,0.13
291788,0.1
291789,0.24
291796,0.17
291800,0.14
291817,0.18
291822,0.15
291840,0.19
291843,0.07
291855,0.15
291858,0.18
291870,0.1
291872,0.13
291874,0.12
291883,0.04
291888,0.1
291894,0.05
291901,0.08
291928,0.16
291930,0.01
291949,0.03
291951,0.11
291953,0.14
291955,0.18
291963,0.17
291969,0.19
291980,0.07
292010,0.17
292022,0.1
292023,0.08
292031,0.07
292034,0.1
292043,0.06
292049,0.16
292055,0.12
292062,0.11
292070,0.1
292072,0.25
292073,0.07
292082,0.11
292096,0.12
292098,0.06
292116,0.14
292118,0.11
292126,0.18
292128,0.16
292137,0.17
292138,0.07
292142,0.16
292149,0.23
292181,0.31
292189,0.11
292191,0.06
292205,0.09
292219,0.19
292227,0.07
292231,0.17
292238,0.14
292246,0.11
292248,0.25
292259,0.08
292261,0.18
292266,0.21
292267,0.1
292272,0.22
292278,0.29
292281,0.01
292286,0.17
292288,0.16
292289,0.01
292304,0.14
292307,0.08
292319,0.12
292320,0.02
292325,0.14
292326,0.16
292331,0.09
292332,0.06
292333,0.02
292334,0.15
292337,0.12
292338,0.1
292342,0.15
292347,0.07
292350,0.01
292355,0.08
292360,0.1
292362,0.09
292363,0.25
292364,0.18
292383,0.25
292397,0.2
292409,0.28
292417,0.22
292426,0.09
292428,0.24
292439,0.31
292443,0.22
292448,0.21
292451,0.15
292452,0.07
292456,0.08
292460,0.04
292463,0.18
292464,0.12
292476,0.23
292480,0.15
292483,0.1
292493,0.11
292501,0.18
292506,0.08
292508,0.09
292513,0.15
292525,0.13
292533,0.12
292540,0.24
292541,0.01
292544,0.18
292549,0.13
292550,0.15
292557,0.21
292558,0.08
292562,0.13
292564,0.04
292583,0.14
292612,0.17
292618,0.14
292623,0.24
292631,0.02
292633,0.12
292641,0.15
292643,0.15
292649,0.13
292650,0.1
292651,0.24
292655,0.11
292659,0.1
292677,0.09
292693,0.29
292697,0.12
292700,0.21
292702,0.13
292710,0.14
292727,0.1
292731,0.14
292732,0.03
292734,0.11
292735,0.17
292737,0.1
292739,0.15
292741,0.04
292767,0.19
292778,0.11
292807,0.2
292813,0.23
292834,0.35
292837,0.05
292839,0.06
292844,0.2
292869,0.13
292874,0.05
292892,0.12
292894,0.17
292916,0.17
292921,0.32
292925,0.22
292929,0.18
292933,0.13
292935,0.18
292938,0.05
292945,0.17
292946,0.22
292953,0.11
292966,0.14
292968,0.16
292983,0.06
292988,0.18
292992,0.1
292997,0.11
293002,0.14
293013,0.03
293030,0.23
293043,0.19
293070,0.32
293093,0.07
293103,0.22
293104,0.05
293117,0.39
293123,0.14
293126,0.28
293128,0.1
293136,0.11
293142,0.09
293146,0.42
293149,0.23
293159,0.17
293169,0.17
293172,0.14
293175,0.13
293176,0.26
293192,0.08
293213,0.17
293218,0.13
293219,0.1
293224,0.17
293225,0.11
293234,0.18
293243,0.19
293249,0.06
293256,0.12
293276,0.28
293283,0.35
293295,0.04
293308,0.16
293309,0.11
293316,0.1
293326,0.09
293330,0.19
293351,0.13
293361,0.06
293366,0.2
293376,0.1
293377,0.16
293382,0.19
293383,0.19
293385,0.18
293402,0.24
293403,0.14
293405,0.09
293412,0.18
293430,0.09
293435,0.09
293438,0.03
293445,0.11
293447,0.27
293451,0.19
293463,0.04
293471,0.09
293482,0.04
293485,0.07
293493,0.26
293496,0.17
293505,0.15
293507,0.17
293508,0.15
293518,0.09
293524,0.13
293527,0.17
293537,0.08
293542,0.1
293556,0.07
293560,0.18
293563,0.2
293565,0.09
293597,0.12
293603,0.1
293607,0.13
293621,0.17
293622,0.13
293623,0.22
293636,0.21
293643,0.17
293659,0.18
293678,0.17
293679,0.13
293681,0.14
293684,0.22
293692,0.19
293696,0.14
293733,0.1
293734,0.1
293745,0.12
293751,0.11
293770,0.16
293778,0.16
293789,0.11
293809,0.06
293815,0.08
293816,0.21
293819,0.21
293822,0.06
293846,0.39
293849,0.11
293850,0.21
293851,0.14
293860,0.09
293863,0.22
293881,0.21
293900,0.03
293907,0.15
293915,0.11
293931,0.02
293935,0.06
293942,0.14
293944,0.27
293967,0.15
293968,0.08
293971,0.13
293972,0.09
293974,0.1
293976,0.12
293985,0.08
293996,0.23
294004,0.1
294007,0.2
294010,0.13
294013,0.22
294016,0.23
294018,0.15
294028,0.24
294041,0.02
294047,0.02
294055,0.06
294062,0.17
294069,0.11
294075,0.23
294091,0.12
294108,0.16
294116,0.07
294125,0.04
294129,0.1
294130,0.05
294134,0.03
294135,0.18
294136,0.08
294141,0.1
294160,0.09
294164,0.24
294184,0.12
294191,0.1
294195,0.05
294199,0.06
294208,0.26
294221,0.04
294225,0.26
294230,0.1
294236,0.26
294256,0.02
294257,0.06
294258,0.17
294282,0.12
294287,0.19
294290,0.18
294300,0.13
294302,0.08
294313,0.05
294314,0.15
294322,0.11
294336,0.14
294339,0.23
294348,0.12
294365,0.31
294373,0.18
294383,0.11
294403,0.14
294406,0.04
294417,0.37
294452,0.25
294463,0.27
294471,0.07
294486,0.09
294501,0.15
294504,0.22
294509,0.07
294511,0.03
294519,0.03
294530,0.11
294532,0.15
294547,0.27
294548,0.04
294554,0.17
294577,0.27
294578,0.11
294580,0.08
294583,0.14
294592,0.11
294595,0.01
294602,0.03
294613,0.2
294617,0.13
294631,0.19
294641,0.12
294653,0.05
294657,0.13
294661,0.15
294665,0.07
294668,0.02
294671,0.03
294682,0.08
294685,0.11
294688,0.15
294690,0.33
294698,0.11
294717,0.16
294724,0.18
294726,0.07
294738,0.12
294744,0.05
294758,0.09
294762,0.22
294776,0.12
294777,0.17
294807,0.13
294816,0.15
294821,0.12
294825,0.17
294834,0.1
294835,0.16
294836,0.16
294840,0.13
294842,0.09
294864,0.07
294874,0.04
294880,0.23
294881,0.01
294897,0.17
294898,0.08
294920,0.18
294923,0.27
294926,0.12
294937,0.25
294941,0.14
294951,0.36
294952,0.04
294953,0.02
294982,0.17
294989,0.03
294995,0.27
295009,0.19
295010,0.15
295013,0.13
295016,0.08
295022,0.06
295024,0.14
295040,0.31
295045,0.09
295047,0.13
295056,0.14
295073,0.11
295080,0.09
295093,0.18
295094,0.21
295095,0.07
295107,0.03
295116,0.18
295140,0.04
295150,0.28
295154,0.24
295155,0.21
295162,0.12
295163,0.07
295168,0.35
295176,0.14
295182,0.12
295183,0.12
295216,0.02
295219,0.13
295239,0.09
295246,0.09
295255,0.14
295257,0.11
295261,0.09
295263,0.08
295265,0.1
295274,0.23
295281,0.19
295286,0.1
295299,0.16
295304,0.11
295306,0.11
295321,0.08
295339,0.15
295342,0.11
295346,0.24
295348,0.19
295354,0.11
295367,0.14
295372,0.03
295373,0.14
295374,0.15
295387,0.03
295389,0.1
295396,0.08
295415,0.2
295418,0.23
295421,0.04
295425,0.05
295431,0.01
295434,0.03
295443,0.17
295453,0.06
295473,0.04
295476,0.07
295477,0.22
295488,0.19
295499,0.12
295504,0.11
295505,0.22
295524,0.12
295529,0.13
295533,0.19
295534,0.05
295549,0.17
295565,0.11
295584,0.14
295585,0.14
295597,0.11
295599,0.13
295604,0.11
295616,0.13
295635,0.07
295637,0.11
295670,0.04
295678,0.03
295701,0.04
295711,0.21
295713,0.04
295734,0.09
295739,0.06
295750,0.11
295773,0.35
295783,0.15
295787,0.11
295790,0.08
295795,0.13
295820,0.09
295821,0.04
295826,0.15
295836,0.12
295837,0.36
295842,0.08
295848,0.04
295850,0.23
295869,0.2
295871,0.11
295873,0.07
295879,0.04
295880,0.24
295892,0.1
295904,0.24
295907,0.06
295908,0.11
295913,0.23
295918,0.16
295921,0.19
295924,0.26
295949,0.08
295953,0.06
295961,0.09
295968,0.23
295971,0.04
295985,0.04
295986,0.17
295987,0.11
295993,0.18
295997,0.16
296005,0.09
296007,0.16
296012,0.18
296022,0.05
296024,0.05
296032,0.1
296034,0.15
296062,0.02
296070,0.06
296074,0.09
296084,0.03
296087,0.18
296088,0.12
296089,0.1
296143,0.09
296172,0.1
296183,0.17
296185,0.11
296194,0.07
296199,0.17
296204,0.13
296206,0.31
296209,0.1
296229,0.19
296239,0.08
296253,0.09
296259,0.26
296264,0.02
296270,0.26
296273,0.11
296284,0.07
296285,0.2
296287,0.16
296288,0.15
296292,0.06
296300,0.19
296301,0.12
296321,0.35
296324,0.08
296335,0.3
296348,0.09
296354,0.16
296369,0.27
296376,0.15
296391,0.16
296393,0.22
296398,0.26
296428,0.16
296432,0.12
296433,0.17
296449,0.05
296450,0.09
296490,0.18
296498,0.17
296499,0.11
296500,0.07
296509,0.14
296514,0.06
296518,0.12
296527,0.13
296532,0.06
296541,0.11
296544,0.08
296546,0.05
296573,0.25
296578,0.12
296589,0.1
296594,0.14
296616,0.17
296623,0.12
296624,0.13
296632,0.14
296633,0.09
296639,0.08
296647,0.11
296656,0.2
296678,0.05
296679,0.17
296695,0.1
296696,0.17
296714,0.13
296721,0.11
296739,0.21
296744,0.33
296747,0.17
296758,0.1
296760,0.04
296766,0.06
296769,0.04
296776,0.05
296780,0.07
296782,0.25
296790,0.18
296795,0.16
296801,0.08
296803,0.14
296806,0.18
296811,0.12
296813,0.06
296818,0.31
296822,0.17
296839,0.16
296848,0.03
296863,0.18
296871,0.13
296872,0.15
296877,0.1
296882,0.31
296885,0.07
296903,0.18
296906,0.25
296912,0.13
296916,0.08
296922,0.08
296926,0.13
296927,0.08
296935,0.04
296939,0.11
296942,0.05
296954,0.18
296968,0.14
296971,0.11
296984,0.12
297004,0.05
297011,0.18
297017,0.2
297019,0.32
297021,0.1
297025,0.16
297033,0.22
297038,0.19
297042,0.42
297065,0.08
297089,0.09
297093,0.21
297098,0.11
297100,0.13
297111,0.16
297115,0.14
297121,0.19
297123,0.14
297129,0.14
297132,0.08
297139,0.1
297147,0.3
297148,0.37
297161,0.36
297167,0.21
297171,0.14
297173,0.03
297179,0.06
297189,0.12
297200,0.04
297201,0.13
297220,0.22
297229,0.14
297234,0.04
297252,0.12
297266,0.24
297269,0.09
297276,0.16
297292,0.01
297300,0.12
297303,0.05
297305,0.28
297307,0.13
297313,0.19
297336,0.1
297340,0.18
297344,0.13
297349,0.03
297358,0.24
297363,0.16
297369,0.05
297372,0.13
297380,0.16
297384,0.1
297385,0.13
297389,0.02
297390,0.13
297415,0.17
297419,0.08
297421,0.3
297424,0.1
297431,0.14
297447,0.09
297456,0.18
297457,0.08
297463,0.12
297464,0.08
297474,0.2
297479,0.09
297480,0.32
297494,0.01
297495,0.13
297507,0.13
297514,0.09
297515,0.05
297516,0.17
297521,0.07
297534,0.05
297553,0.01
297575,0.14
297584,0.07
297586,0.03
297606,0.07
297630,0.03
297636,0.25
297646,0.16
297650,0.13
297651,0.15
297656,0.12
297675,0.15
297681,0.12
297699,0.06
297702,0.14
297712,0.12
297718,0.07
297730,0.18
297731,0.19
297745,0.03
297768,0.25
297771,0.03
297774,0.11
297781,0.09
297786,0.19
297798,0.17
297809,0.16
297822,0.04
297828,0.19
297840,0.12
297852,0.14
297859,0.05
297868,0.11
297883,0.13
297887,0.02
297896,0.15
297898,0.07
297917,0.15
297943,0.02
297954,0.17
297965,0.04
297992,0.11
297993,0.11
298001,0.11
298005,0.18
298010,0.1
298013,0.1
298014,0.19
298015,0.29
298025,0.35
298026,0.07
298032,0.06
298039,0.26
298049,0.12
298051,0.13
298058,0.08
298062,0.06
298070,0.12
298078,0.09
298084,0.2
298108,0.2
298113,0.04
298115,0.17
298126,0.02
298131,0.06
298134,0.1
298135,0.18
298139,0.09
298142,0.06
298152,0.08
298154,0.11
298155,0.07
298161,0.2
298165,0.14
298166,0.31
298171,0.08
298179,0.17
298182,0.16
298187,0.02
298192,0.17
298194,0.08
298213,0.07
298215,0.14
298216,0.1
298217,0.07
298223,0.17
298256,0.09
298275,0.12
298277,0.13
298279,0.14
298285,0.14
298286,0.32
298296,0.04
298309,0.1
298312,0.13
298323,0.08
298330,0.11
298340,0.1
298341,0.09
298349,0.15
298353,0.16
298363,0.19
298367,0.14
298378,0.14
298380,0.18
298392,0.2
298395,0.09
298405,0.16
298426,0.18
298427,0.18
298444,0.15
298450,0.06
298458,0.01
298462,0.13
298463,0.07
298479,0.11
298480,0.24
298487,0.03
298499,0.18
298500,0.02
298506,0.03
298507,0.21
298512,0.14
298515,0.18
298517,0.12
298532,0.21
298533,0.12
298560,0.09
298564,0.07
298567,0.29
298568,0.09
298569,0.24
298570,0.2
298579,0.0
298583,0.03
298591,0.12
298593,0.16
298600,0.05
298609,0.01
298620,0.17
298622,0.07
298628,0.07
298633,0.2
298657,0.09
298669,0.11
298671,0.21
298677,0.13
298692,0.13
298703,0.13
298705,0.14
298711,0.21
298713,0.19
298757,0.14
298766,0.04
298768,0.21
298770,0.16
298776,0.32
298785,0.16
298787,0.11
298792,0.13
298795,0.05
298799,0.13
298806,0.32
298810,0.18
298818,0.12
298822,0.04
298823,0.06
298834,0.05
298837,0.18
298841,0.15
298845,0.1
298852,0.08
298855,0.19
298858,0.14
298860,0.1
298861,0.04
298863,0.06
298866,0.25
298873,0.21
298880,0.12
298889,0.03
298896,0.24
298917,0.25
298929,0.11
298940,0.22
298946,0.23
298949,0.04
298966,0.17
298984,0.06
298994,0.06
299004,0.31
299012,0.17
299022,0.27
299024,0.09
299026,0.14
299035,0.06
299036,0.03
299039,0.08
299061,0.22
299064,0.19
299067,0.16
299074,0.25
299075,0.11
299078,0.13
299109,0.19
299117,0.15
299121,0.09
299127,0.12
299134,0.07
299136,0.07
299137,0.18
299139,0.13
299168,0.03
299176,0.05
299184,0.16
299188,0.1
299191,0.26
299208,0.14
299229,0.04
299238,0.08
299241,0.2
299257,0.2
299260,0.19
299264,0.22
299279,0.12
299308,0.05
299310,0.08
299311,0.21
299317,0.11
299325,0.2
299329,0.06
299334,0.19
299335,0.21
299339,0.14
299351,0.14
299352,0.09
299365,0.22
299393,0.1
299400,0.11
299404,0.02
299406,0.2
299410,0.18
299413,0.12
299434,0.3
299448,0.02
299463,0.08
299464,0.31
299470,0.14
299480,0.21
299488,0.04
299496,0.14
299501,0.21
299504,0.29
299532,0.11
299536,0.08
299550,0.11
299554,0.09
299564,0.11
299577,0.03
299581,0.07
299594,0.21
299632,0.13
299633,0.05
299650,0.25
299678,0.02
299682,0.25
299705,0.22
299719,0.04
299720,0.2
299724,0.14
299730,0.09
299750,0.11
299766,0.16
299774,0.15
299787,0.06
299817,0.04
299818,0.22
299826,0.11
299833,0.08
299845,0.12
299847,0.34
299850,0.26
299866,0.15
299869,0.04
299870,0.11
299874,0.01
299877,0.2
299891,0.15
299898,0.17
299900,0.15
299904,0.14
299912,0.12
299914,0.1
299919,0.02
299931,0.08
299934,0.14
299941,0.31
299946,0.03
299947,0.18
299972,0.17
299973,0.29
299975,0.14
299979,0.1
299981,0.16
299983,0.12
299985,0.09
299986,0.11
300011,0.18
300013,0.02
300028,0.09
300042,0.01
300043,0.23
300058,0.13
300073,0.09
300075,0.15
300087,0.06
300090,0.05
300107,0.15
300115,0.06
300119,0.02
300122,0.34
300125,0.13
300126,0.09
300137,0.48
300139,0.05
300145,0.18
300155,0.09
300169,0.13
300170,0.1
300175,0.05
300177,0.11
300186,0.0
300188,0.18
300194,0.05
300207,0.19
300210,0.16
300217,0.12
300221,0.09
300235,0.07
300238,0.02
300240,0.15
300241,0.05
300249,0.07
300255,0.22
300259,0.1
300272,0.1
300274,0.17
300276,0.12
300284,0.05
300293,0.04
300306,0.05
300310,0.21
300324,0.23
300339,0.05
300346,0.12
300348,0.08
300354,0.11
300356,0.05
300358,0.08
300363,0.09
300366,0.19
300368,0.16
300370,0.13
300385,0.17
300392,0.18
300393,0.02
300403,0.15
300411,0.08
300420,0.06
300421,0.11
300435,0.14
300437,0.1
300440,0.15
300443,0.11
300456,0.25
300458,0.1
300459,0.17
300460,0.07
300462,0.18
300481,0.07
300486,0.28
300488,0.05
300503,0.18
300506,0.06
300517,0.17
300523,0.16
300525,0.08
300526,0.17
300552,0.11
300560,0.01
300570,0.09
300583,0.23
300585,0.14
300587,0.12
300598,0.2
300600,0.08
300608,0.21
300612,0.09
300618,0.05
300621,0.21
300640,0.13
300641,0.24
300651,0.16
300653,0.12
300667,0.12
300678,0.1
300680,0.13
300687,0.11
300702,0.22
300717,0.16
300722,0.07
300723,0.12
300732,0.25
300752,0.12
300761,0.19
300775,0.12
300786,0.2
300787,0.09
300788,0.15
300789,0.24
300794,0.19
300808,0.13
300834,0.04
300842,0.2
300844,0.24
300850,0.12
300851,0.23
300854,0.1
300866,0.13
300867,0.13
300868,0.07
300882,0.1
300883,0.13
300891,0.17
300894,0.05
300901,0.14
300904,0.21
300910,0.14
300914,0.22
300918,0.21
300948,0.24
300954,0.17
300958,0.16
300959,0.0
300970,0.03
300971,0.03
300975,0.16
300981,0.17
300983,0.17
300993,0.32
300996,0.07
301001,0.05
301005,0.1
301010,0.22
301021,0.4
301026,0.16
301029,0.1
301032,0.05
301061,0.23
301073,0.01
301083,0.05
301089,0.17
301093,0.14
301098,0.09
301103,0.13
301105,0.17
301112,0.23
301120,0.01
301122,0.09
301124,0.26
301137,0.15
301169,0.19
301173,0.13
301177,0.11
301179,0.1
301180,0.25
301185,0.15
301195,0.25
301199,0.07
301201,0.19
301206,0.22
301209,0.07
301210,0.13
301216,0.21
301224,0.27
301226,0.12
301227,0.12
301243,0.08
301246,0.08
301248,0.2
301252,0.15
301259,0.16
301260,0.07
301267,0.18
301268,0.15
301274,0.07
301281,0.08
301287,0.08
301288,0.08
301299,0.06
301304,0.16
301325,0.28
301327,0.19
301331,0.15
301332,0.13
301336,0.1
301345,0.17
301348,0.11
301356,0.22
301358,0.16
301360,0.05
301364,0.22
301389,0.14
301415,0.11
301421,0.25
301422,0.04
301424,0.07
301426,0.16
301433,0.11
301459,0.23
301460,0.23
301478,0.09
301483,0.06
301493,0.17
301494,0.07
301503,0.25
301510,0.19
301516,0.04
301530,0.08
301531,0.11
301549,0.08
301550,0.16
301555,0.07
301573,0.11
301588,0.19
301593,0.21
301613,0.17
301625,0.29
301643,0.1
301650,0.03
301651,0.16
301652,0.07
301653,0.25
301665,0.22
301684,0.07
301686,0.19
301694,0.23
301697,0.1
301698,0.19
301717,0.11
301725,0.1
301728,0.08
301734,0.14
301749,0.21
301761,0.23
301766,0.15
301775,0.13
301782,0.12
301784,0.23
301787,0.15
301789,0.15
301790,0.12
301804,0.21
301806,0.12
301817,0.19
301826,0.11
301837,0.15
301842,0.05
301848,0.09
301859,0.25
301860,0.16
301867,0.11
301877,0.01
301883,0.16
301902,0.06
301908,0.25
301916,0.01
301920,0.04
301921,0.05
301931,0.03
301939,0.15
301941,0.1
301943,0.02
301949,0.11
301955,0.2
301963,0.1
301968,0.09
301975,0.15
301988,0.08
302000,0.13
302005,0.07
302007,0.09
302016,0.15
302028,0.15
302038,0.11
302043,0.08
302051,0.06
302056,0.1
302063,0.22
302072,0.01
302074,0.17
302080,0.07
302093,0.13
302096,0.16
302123,0.02
302125,0.05
302128,0.22
302145,0.08
302146,0.11
302160,0.19
302166,0.14
302174,0.03
302175,0.23
302186,0.37
302190,0.16
302202,0.16
302207,0.25
302211,0.04
302215,0.14
302216,0.12
302217,0.06
302225,0.44
302231,0.11
302233,0.11
302259,0.11
302263,0.19
302281,0.12
302285,0.17
302288,0.17
302292,0.34
302303,0.17
302306,0.08
302309,0.12
302332,0.08
302341,0.19
302350,0.24
302352,0.17
302356,0.09
302361,0.09
302364,0.16
302373,0.08
302378,0.15
302385,0.12
302389,0.14
302393,0.22
302403,0.06
302422,0.11
302425,0.2
302431,0.33
302443,0.13
302448,0.16
302449,0.11
302455,0.16
302460,0.06
302462,0.16
302466,0.08
302467,0.1
302470,0.25
302472,0.04
302480,0.17
302481,0.06
302491,0.17
302494,0.05
302503,0.15
302504,0.17
302507,0.22
302527,0.27
302571,0.06
302580,0.24
302583,0.1
302591,0.04
302601,0.1
302613,0.06
302621,0.13
302638,0.11
302639,0.14
302655,0.12
302670,0.27
302673,0.27
302675,0.13
302691,0.05
302701,0.13
302705,0.09
302727,0.04
302750,0.11
302751,0.07
302757,0.16
302758,0.21
302761,0.22
302767,0.12
302787,0.05
302797,0.09
302799,0.21
302800,0.18
302815,0.04
302826,0.38
302827,0.04
302842,0.0
302856,0.02
302877,0.03
302879,0.08
302881,0.07
302882,0.18
302885,0.1
302905,0.13
302911,0.13
302916,0.18
302919,0.26
302947,0.06
302957,0.11
302968,0.08
302978,0.09
302984,0.13
302991,0.07
303007,0.04
303010,0.13
303012,0.32
303013,0.19
303024,0.13
303027,0.06
303034,0.09
303036,0.15
303037,0.0
303050,0.11
303060,0.14
303062,0.1
303066,0.11
303068,0.17
303077,0.27
303080,0.03
303082,0.13
303083,0.1
303085,0.1
303087,0.15
303089,0.09
303103,0.22
303105,0.02
303106,0.2
303120,0.01
303121,0.14
303127,0.11
303130,0.14
303142,0.04
303162,0.19
303169,0.1
303189,0.02
303220,0.09
303222,0.28
303223,0.04
303227,0.19
303262,0.12
303264,0.04
303277,0.14
303288,0.03
303292,0.06
303294,0.19
303301,0.33
303312,0.22
303328,0.11
303330,0.09
303347,0.08
303354,0.16
303356,0.1
303362,0.11
303377,0.13
303386,0.12
303393,0.13
303397,0.08
303403,0.14
303413,0.16
303416,0.19
303428,0.18
303429,0.12
303432,0.12
303446,0.16
303455,0.22
303464,0.08
303465,0.1
303473,0.16
303476,0.14
303479,0.21
303482,0.11
303484,0.16
303492,0.19
303493,0.21
303497,0.21
303498,0.16
303499,0.12
303509,0.11
303513,0.1
303524,0.05
303525,0.41
303540,0.11
303544,0.14
303548,0.1
303551,0.13
303569,0.2
303584,0.12
303592,0.23
303602,0.21
303607,0.1
303619,0.12
303630,0.16
303643,0.21
303644,0.14
303670,0.22
303671,0.14
303678,0.15
303689,0.18
303698,0.13
303702,0.05
303704,0.1
303711,0.13
303727,0.08
303728,0.08
303741,0.21
303752,0.09
303755,0.1
303777,0.07
303790,0.17
303798,0.08
303804,0.23
303812,0.08
303814,0.16
303817,0.25
303818,0.11
303848,0.07
303850,0.04
303854,0.02
303857,0.11
303860,0.01
303870,0.12
303877,0.12
303884,0.14
303893,0.05
303899,0.14
303900,0.26
303902,0.12
303906,0.11
303920,0.17
303937,0.05
303939,0.13
303941,0.12
303962,0.23
303963,0.12
303971,0.13
303978,0.16
303980,0.16
303986,0.1
304018,0.2
304025,0.08
304027,0.04
304028,0.16
304029,0.13
304030,0.14
304035,0.12
304040,0.09
304058,0.22
304083,0.04
304089,0.24
304092,0.04
304093,0.09
304100,0.04
304121,0.18
304142,0.12
304154,0.09
304158,0.08
304164,0.11
304173,0.25
304175,0.15
304182,0.11
304194,0.03
304201,0.18
304202,0.08
304206,0.15
304210,0.23
304226,0.05
304237,0.13
304256,0.22
304257,0.07
304265,0.19
304271,0.07
304274,0.01
304286,0.14
304292,0.15
304299,0.13
304350,0.12
304352,0.04
304355,0.16
304360,0.06
304361,0.25
304363,0.23
304375,0.18
304378,0.1
304382,0.23
304385,0.22
304386,0.07
304387,0.17
304388,0.13
304391,0.24
304398,0.13
304406,0.11
304420,0.24
304431,0.07
304436,0.26
304438,0.08
304440,0.1
304441,0.09
304450,0.09
304451,0.34
304454,0.07
304462,0.32
304466,0.17
304469,0.33
304472,0.12
304475,0.21
304481,0.2
304483,0.15
304485,0.17
304486,0.04
304504,0.19
304505,0.07
304512,0.05
304516,0.13
304517,0.19
304528,0.06
304530,0.12
304536,0.03
304549,0.21
304552,0.1
304554,0.26
304581,0.09
304593,0.11
304596,0.24
304604,0.1
304610,0.14
304614,0.09
304628,0.28
304629,0.09
304637,0.02
304644,0.11
304654,0.12
304664,0.25
304676,0.11
304680,0.14
304687,0.09
304696,0.17
304698,0.23
304700,0.25
304703,0.19
304704,0.05
304710,0.1
304717,0.08
304729,0.36
304732,0.07
304736,0.16
304738,0.11
304756,0.06
304771,0.04
304773,0.11
304776,0.18
304778,0.11
304779,0.19
304780,0.11
304790,0.17
304793,0.07
304805,0.27
304811,0.04
304825,0.11
304828,0.23
304829,0.16
304842,0.28
304851,0.06
304857,0.1
304884,0.19
304891,0.07
304897,0.25
304898,0.15
304905,0.06
304907,0.24
304917,0.11
304931,0.14
304935,0.09
304942,0.14
304954,0.18
304959,0.15
304968,0.08
304971,0.06
304977,0.17
304982,0.07
304985,0.12
304991,0.18
304992,0.11
304997,0.18
305004,0.08
305008,0.06
305019,0.09
305020,0.28
305025,0.08
305037,0.11
305046,0.18
305056,0.13
305062,0.06
305064,0.33
305065,0.15
305076,0.14
305108,0.13
305110,0.09
305115,0.24
305121,0.21
305125,0.08
305141,0.11
305151,0.06
305159,0.02
305162,0.17
305165,0.1
305174,0.06
305178,0.14
305180,0.12
305182,0.06
305183,0.1
305194,0.1
305199,0.13
305210,0.12
305214,0.35
305215,0.09
305218,0.08
305225,0.1
305229,0.13
305231,0.13
305233,0.05
305237,0.04
305260,0.04
305261,0.12
305278,0.12
305286,0.16
305293,0.02
305300,0.03
305301,0.22
305326,0.2
305334,0.12
305340,0.09
305348,0.04
305352,0.1
305359,0.14
305360,0.08
305362,0.14
305383,0.02
305406,0.09
305408,0.18
305412,0.09
305413,0.11
305414,0.26
305417,0.05
305421,0.11
305422,0.15
305447,0.05
305448,0.22
305450,0.19
305452,0.04
305459,0.08
305460,0.13
305474,0.08
305475,0.06
305481,0.18
305494,0.13
305503,0.15
305507,0.11
305508,0.16
305513,0.19
305518,0.12
305523,0.12
305526,0.23
305529,0.07
305532,0.21
305543,0.24
305555,0.05
305562,0.02
305571,0.13
305578,0.2
305579,0.09
305584,0.18
305603,0.16
305620,0.33
305626,0.12
305636,0.12
305640,0.12
305653,0.14
305662,0.11
305663,0.12
305667,0.06
305683,0.21
305698,0.07
305699,0.22
305707,0.04
305717,0.25
305723,0.01
305735,0.04
305738,0.19
305746,0.05
305766,0.09
305773,0.06
305776,0.06
305777,0.03
305809,0.09
305813,0.13
305816,0.09
305820,0.21
305826,0.15
305838,0.25
305839,0.09
305846,0.12
305861,0.21
305863,0.34
305869,0.14
305872,0.08
305876,0.08
305881,0.2
305887,0.15
305894,0.05
305898,0.03
305905,0.18
305908,0.08
305914,0.21
305915,0.08
305922,0.02
305938,0.15
305946,0.09
305956,0.28
305963,0.09
305965,0.09
305988,0.1
305990,0.1
305991,0.15
305994,0.09
305998,0.14
306003,0.07
306012,0.06
306016,0.1
306021,0.21
306025,0.13
306030,0.2
306047,0.16
306051,0.13
306063,0.24
306066,0.21
306069,0.06
306074,0.17
306091,0.13
306094,0.21
306095,0.09
306114,0.11
306116,0.07
306121,0.17
306127,0.21
306128,0.22
306133,0.14
306142,0.03
306144,0.13
306150,0.08
306153,0.07
306156,0.11
306159,0.32
306161,0.02
306173,0.15
306175,0.24
306193,0.06
306194,0.04
306198,0.2
306203,0.16
306209,0.27
306212,0.06
306216,0.24
306233,0.06
306247,0.16
306264,0.12
306267,0.11
306293,0.13
306302,0.39
306305,0.09
306311,0.17
306345,0.11
306357,0.06
306368,0.05
306372,0.35
306378,0.3
306389,0.18
306398,0.15
306414,0.14
306419,0.19
306437,0.07
306438,0.17
306441,0.25
306443,0.25
306450,0.15
306464,0.16
306468,0.25
306469,0.14
306484,0.06
306527,0.15
306538,0.11
306547,0.17
306554,0.13
306557,0.2
306560,0.01
306561,0.1
306565,0.09
306569,0.13
306576,0.02
306587,0.16
306604,0.13
306624,0.07
306625,0.26
306628,0.31
306647,0.13
306651,0.14
306658,0.12
306660,0.19
306664,0.06
306670,0.24
306699,0.06
306701,0.1
306712,0.12
306716,0.09
306727,0.1
306729,0.14
306735,0.13
306739,0.19
306756,0.21
306757,0.19
306767,0.07
306775,0.08
306795,0.12
306799,0.21
306800,0.1
306805,0.03
306812,0.07
306820,0.13
306840,0.27
306845,0.09
306848,0.07
306856,0.08
306862,0.14
306863,0.03
306868,0.24
306873,0.11
306876,0.13
306893,0.14
306896,0.24
306899,0.13
306907,0.19
306908,0.11
306917,0.12
306927,0.12
306930,0.11
306935,0.21
306942,0.13
306951,0.09
306961,0.12
306970,0.32
306972,0.18
306973,0.04
306976,0.04
306978,0.09
306990,0.1
306992,0.21
306995,0.09
307001,0.34
307004,0.4
307005,0.17
307006,0.02
307010,0.15
307011,0.08
307014,0.11
307016,0.15
307022,0.09
307027,0.22
307052,0.18
307061,0.14
307072,0.47
307078,0.11
307111,0.04
307112,0.2
307134,0.19
307143,0.15
307147,0.15
307148,0.08
307162,0.03
307166,0.05
307168,0.04
307174,0.12
307177,0.14
307197,0.1
307198,0.12
307199,0.17
307205,0.16
307207,0.17
307210,0.15
307212,0.03
307223,0.06
307224,0.07
307236,0.25
307241,0.12
307242,0.15
307259,0.21
307271,0.14
307274,0.2
307281,0.26
307288,0.14
307294,0.08
307302,0.09
307308,0.03
307313,0.15
307344,0.21
307350,0.1
307366,0.18
307372,0.1
307373,0.06
307374,0.1
307378,0.07
307384,0.13
307398,0.19
307406,0.14
307416,0.09
307420,0.2
307424,0.05
307427,0.2
307429,0.13
307436,0.04
307456,0.11
307491,0.09
307494,0.1
307496,0.1
307500,0.19
307504,0.15
307509,0.06
307511,0.17
307520,0.17
307527,0.07
307537,0.21
307539,0.14
307558,0.14
307561,0.19
307575,0.12
307577,0.13
307588,0.13
307636,0.06
307639,0.28
307641,0.2
307646,0.14
307653,0.13
307661,0.17
307669,0.17
307674,0.11
307678,0.02
307691,0.11
307697,0.13
307699,0.05
307702,0.06
307708,0.09
307712,0.11
307716,0.1
307729,0.1
307753,0.09
307765,0.35
307781,0.15
307787,0.18
307788,0.05
307798,0.18
307799,0.1
307800,0.09
307801,0.18
307804,0.07
307816,0.06
307820,0.04
307824,0.13
307828,0.02
307832,0.13
307836,0.24
307842,0.23
307851,0.29
307856,0.06
307861,0.09
307879,0.16
307904,0.13
307911,0.17
307912,0.07
307913,0.22
307922,0.07
307924,0.16
307925,0.11
307929,0.06
307933,0.24
307945,0.01
307948,0.03
307961,0.25
307962,0.15
307963,0.11
307971,0.15
307983,0.22
307984,0.13
307988,0.19
307993,0.11
307994,0.1
308007,0.18
308008,0.02
308018,0.15
308023,0.06
308026,0.1
308028,0.1
308030,0.11
308034,0.11
308053,0.03
308065,0.17
308095,0.05
308096,0.12
308100,0.09
308114,0.14
308116,0.27
308120,0.1
308128,0.22
308132,0.06
308134,0.12
308140,0.16
308142,0.19
308164,0.08
308168,0.25
308169,0.22
308171,0.17
308176,0.12
308177,0.14
308179,0.12
308180,0.28
308184,0.04
308188,0.18
308189,0.11
308190,0.14
308200,0.14
308210,0.08
308211,0.22
308218,0.1
308220,0.09
308228,0.03
308231,0.14
308236,0.12
308247,0.07
308251,0.08
308260,0.08
308266,0.14
308267,0.04
308280,0.27
308298,0.09
308301,0.02
308309,0.11
308312,0.16
308325,0.17
308334,0.11
308339,0.14
308346,0.16
308359,0.11
308360,0.15
308380,0.04
308391,0.14
308403,0.17
308408,0.16
308410,0.22
308415,0.15
308420,0.17
308427,0.06
308442,0.19
308447,0.33
308462,0.06
308464,0.06
308465,0.04
308467,0.13
308468,0.07
308476,0.14
308488,0.12
308498,0.07
308504,0.2
308507,0.13
308509,0.19
308521,0.09
308536,0.24
308537,0.17
308543,0.09
308547,0.16
308559,0.1
308565,0.23
308569,0.14
308584,0.05
308591,0.26
308608,0.21
308610,0.15
308613,0.05
308618,0.26
308623,0.16
308632,0.11
308636,0.09
308641,0.07
308643,0.01
308664,0.17
308678,0.1
308679,0.07
308691,0.19
308692,0.03
308701,0.02
308709,0.23
308711,0.25
308719,0.14
308723,0.16
308727,0.18
308732,0.1
308738,0.16
308747,0.07
308749,0.11
308755,0.12
308756,0.2
308761,0.11
308779,0.16
308780,0.11
308784,0.04
308789,0.15
308807,0.08
308818,0.28
308819,0.15
308822,0.23
308827,0.11
308831,0.13
308833,0.14
308842,0.15
308868,0.05
308871,0.14
308881,0.06
308889,0.13
308892,0.09
308900,0.04
308903,0.05
308912,0.15
308916,0.14
308919,0.16
308920,0.16
308921,0.08
308928,0.07
308929,0.24
308934,0.17
308940,0.2
308941,0.1
308946,0.03
308956,0.06
308958,0.03
308963,0.11
308965,0.09
308971,0.11
308977,0.09
308985,0.19
308987,0.14
308995,0.22
309005,0.14
309007,0.23
309015,0.02
309016,0.13
309018,0.07
309019,0.02
309035,0.01
309042,0.2
309044,0.04
309052,0.13
309061,0.15
309064,0.12
309072,0.1
309075,0.08
309083,0.05
309099,0.28
309124,0.01
309125,0.15
309146,0.12
309159,0.12
309161,0.07
309168,0.27
309180,0.06
309185,0.15
309195,0.21
309198,0.08
309200,0.09
309202,0.19
309204,0.06
309213,0.2
309227,0.23
309234,0.0
309241,0.09
309242,0.19
309244,0.08
309246,0.13
309250,0.15
309251,0.27
309274,0.16
309276,0.23
309280,0.11
309298,0.26
309301,0.1
309302,0.18
309326,0.12
309335,0.17
309341,0.16
309343,0.21
309344,0.2
309354,0.05
309362,0.05
309399,0.07
309406,0.11
309409,0.17
309411,0.17
309418,0.24
309421,0.08
309435,0.09
309443,0.19
309455,0.19
309462,0.17
309473,0.17
309476,0.21
309478,0.13
309493,0.14
309502,0.13
309508,0.14
309526,0.29
309536,0.14
309544,0.11
309547,0.15
309555,0.01
309562,0.02
309569,0.17
309574,0.12
309577,0.14
309578,0.08
309579,0.1
309585,0.06
309588,0.17
309603,0.04
309604,0.06
309617,0.19
309620,0.03
309623,0.13
309648,0.27
309665,0.12
309682,0.21
309694,0.05
309702,0.04
309711,0.11
309713,0.13
309729,0.07
309735,0.08
309744,0.15
309749,0.24
309750,0.12
309759,0.12
309761,0.1
309770,0.21
309776,0.04
309777,0.08
309789,0.22
309790,0.1
309800,0.18
309813,0.14
309814,0.16
309815,0.11
309825,0.13
309826,0.19
309829,0.11
309831,0.11
309837,0.1
309846,0.19
309849,0.16
309855,0.19
309860,0.24
309879,0.13
309882,0.27
309887,0.12
309892,0.16
309895,0.16
309902,0.14
309915,0.13
309923,0.02
309941,0.24
309942,0.17
309945,0.04
309950,0.13
309955,0.04
309963,0.12
309964,0.03
309967,0.17
309969,0.16
309971,0.1
309978,0.17
309987,0.18
309990,0.24
309992,0.12
309993,0.1
310010,0.09
310012,0.22
310017,0.06
310018,0.2
310022,0.07
310031,0.16
310033,0.08
310034,0.21
310038,0.16
310044,0.19
310062,0.11
310071,0.12
310075,0.1
310082,0.22
310093,0.17
310101,0.09
310106,0.16
310118,0.24
310123,0.19
310126,0.06
310130,0.09
310141,0.14
310145,0.2
310148,0.2
310150,0.15
310159,0.22
310162,0.05
310163,0.12
310166,0.18
310167,0.06
310170,0.18
310181,0.04
310187,0.09
310191,0.1
310192,0.16
310197,0.22
310200,0.09
310201,0.13
310203,0.05
310204,0.07
310213,0.12
310215,0.13
310218,0.25
310236,0.14
310238,0.03
310241,0.12
310245,0.29
310252,0.13
310259,0.05
310260,0.21
310261,0.13
310262,0.08
310274,0.08
310294,0.28
310296,0.2
310298,0.04
310306,0.08
310307,0.17
310316,0.13
310329,0.11
310338,0.19
310342,0.17
310343,0.17
310360,0.1
310362,0.42
310378,0.2
310379,0.09
310383,0.2
310385,0.09
310387,0.22
310388,0.17
310400,0.08
310408,0.12
310414,0.19
310423,0.05
310424,0.13
310428,0.1
310432,0.06
310456,0.06
310463,0.18
310475,0.12
310476,0.17
310482,0.16
310485,0.16
310490,0.22
310496,0.02
310505,0.14
310519,0.02
310546,0.1
310547,0.08
310553,0.06
310555,0.11
310556,0.32
310568,0.07
310573,0.06
310574,0.03
310577,0.17
310580,0.18
310581,0.17
310583,0.21
310586,0.21
310591,0.01
310598,0.09
310606,0.21
310628,0.09
310634,0.04
310638,0.12
310646,0.11
310648,0.26
310654,0.03
310659,0.27
310663,0.13
310669,0.19
310670,0.1
310674,0.1
310691,0.2
310693,0.12
310702,0.03
310706,0.08
310709,0.06
310711,0.17
310720,0.27
310739,0.25
310742,0.14
310743,0.05
310752,0.09
310753,0.13
310757,0.19
310763,0.11
310764,0.05
310769,0.0
310771,0.23
310775,0.17
310779,0.2
310781,0.17
310784,0.15
310793,0.17
310794,0.03
310816,0.17
310823,0.15
310837,0.16
310856,0.1
310865,0.15
310866,0.17
310872,0.16
310877,0.33
310879,0.1
310883,0.06
310884,0.3
310908,0.12
310928,0.13
310935,0.05
310954,0.07
310964,0.31
310971,0.16
310972,0.16
310983,0.13
310988,0.05
310994,0.21
311003,0.07
311020,0.12
311024,0.1
311037,0.1
311064,0.08
311070,0.15
311086,0.24
311087,0.18
311108,0.08
311110,0.12
311115,0.05
311116,0.27
311117,0.14
311128,0.11
311136,0.09
311146,0.08
311155,0.13
311157,0.17
311159,0.23
311170,0.19
311184,0.14
311199,0.1
311208,0.17
311209,0.09
311220,0.25
311230,0.22
311233,0.14
311241,0.31
311261,0.01
311262,0.07
311268,0.03
311277,0.14
311296,0.08
311298,0.12
311310,0.27
311313,0.31
311316,0.19
311324,0.18
311327,0.09
311331,0.05
311335,0.12
311343,0.14
311346,0.18
311357,0.13
311358,0.09
311365,0.02
311370,0.06
311376,0.06
311380,0.18
311393,0.2
311399,0.1
311404,0.11
311409,0.1
311425,0.11
311436,0.18
311455,0.07
311459,0.14
311475,0.16
311499,0.22
311509,0.14
311518,0.12
311535,0.12
311536,0.07
311540,0.2
311542,0.21
311552,0.31
311562,0.24
311580,0.01
311583,0.16
311588,0.24
311595,0.16
311601,0.13
311605,0.1
311609,0.14
311612,0.17
311621,0.16
311623,0.02
311625,0.18
311636,0.1
311637,0.15
311646,0.13
311648,0.04
311654,0.11
311663,0.16
311676,0.11
311679,0.08
311683,0.25
311685,0.17
311691,0.04
311695,0.08
311700,0.08
311710,0.19
311714,0.13
311716,0.14
311725,0.07
311727,0.15
311728,0.05
311737,0.34
311738,0.06
311743,0.12
311746,0.07
311747,0.12
311761,0.24
311765,0.13
311773,0.15
311776,0.13
311786,0.23
311801,0.12
311820,0.06
311822,0.37
311829,0.11
311835,0.09
311846,0.08
311851,0.19
311854,0.04
311872,0.18
311875,0.06
311888,0.05
311916,0.06
311928,0.13
311931,0.14
311933,0.2
311934,0.03
311948,0.05
311949,0.22
311950,0.18
311952,0.08
311954,0.15
311962,0.05
311965,0.12
311968,0.06
311976,0.08
311977,0.14
311983,0.12
311989,0.09
311996,0.18
311999,0.07
312007,0.23
312022,0.05
312023,0.11
312034,0.11
312042,0.19
312049,0.11
312077,0.08
312088,0.08
312091,0.15
312114,0.06
312115,0.08
312117,0.27
312119,0.18
312126,0.48
312127,0.12
312134,0.1
312164,0.11
312176,0.08
312178,0.09
312184,0.13
312185,0.18
312186,0.08
312191,0.05
312197,0.12
312213,0.27
312223,0.09
312224,0.2
312225,0.14
312226,0.12
312231,0.0
312239,0.22
312251,0.04
312271,0.11
312278,0.04
312281,0.16
312289,0.14
312291,0.15
312301,0.18
312302,0.03
312316,0.11
312324,0.15
312338,0.0
312361,0.06
312363,0.11
312368,0.07
312382,0.01
312384,0.17
312390,0.09
312395,0.1
312396,0.1
312400,0.12
312406,0.16
312412,0.02
312414,0.22
312417,0.12
312425,0.16
312428,0.1
312431,0.19
312437,0.13
312442,0.12
312451,0.2
312460,0.09
312464,0.11
312466,0.16
312470,0.22
312473,0.26
312490,0.2
312493,0.22
312503,0.1
312509,0.12
312520,0.11
312528,0.16
312543,0.09
312544,0.03
312553,0.11
312558,0.18
312565,0.12
312568,0.12
312579,0.18
312581,0.18
312582,0.1
312596,0.11
312597,0.08
312598,0.05
312617,0.13
312627,0.11
312635,0.11
312637,0.2
312639,0.0
312640,0.21
312642,0.31
312651,0.12
312663,0.07
312668,0.14
312685,0.12
312691,0.13
312693,0.12
312710,0.12
312711,0.08
312712,0.06
312720,0.1
312746,0.21
312763,0.15
312770,0.1
312791,0.26
312795,0.17
312796,0.09
312797,0.12
312804,0.09
312812,0.09
312813,0.19
312825,0.07
312827,0.19
312841,0.04
312842,0.24
312845,0.08
312856,0.09
312866,0.07
312870,0.27
312879,0.05
312895,0.14
312901,0.13
312909,0.11
312910,0.06
312916,0.11
312926,0.12
312942,0.24
312946,0.14
312950,0.16
312952,0.25
312963,0.13
312968,0.27
312976,0.02
312980,0.07
312984,0.07
312987,0.18
312994,0.09
312996,0.1
312997,0.16
313019,0.06
313020,0.08
313028,0.11
313041,0.21
313045,0.11
313048,0.22
313052,0.04
313062,0.19
313063,0.14
313066,0.22
313071,0.08
313085,0.08
313099,0.23
313109,0.19
313131,0.1
313139,0.07
313141,0.1
313142,0.16
313145,0.23
313153,0.17
313157,0.05
313161,0.09
313165,0.07
313179,0.2
313208,0.18
313228,0.2
313236,0.13
313243,0.1
313245,0.22
313249,0.05
313275,0.08
313276,0.14
313280,0.1
313284,0.28
313285,0.03
313292,0.08
313297,0.11
313304,0.14
313322,0.14
313323,0.16
313325,0.01
313326,0.08
313334,0.07
313336,0.08
313337,0.23
313339,0.12
313340,0.18
313341,0.23
313343,0.2
313346,0.34
313348,0.37
313359,0.07
313365,0.03
313375,0.29
313381,0.19
313382,0.09
313389,0.11
313390,0.09
313391,0.19
313410,0.11
313416,0.07
313417,0.03
313426,0.12
313429,0.06
313469,0.02
313479,0.06
313485,0.3
313494,0.03
313496,0.22
313501,0.18
313506,0.08
313521,0.08
313524,0.19
313538,0.19
313550,0.1
313557,0.22
313573,0.21
313583,0.05
313592,0.11
313602,0.07
313604,0.28
313606,0.22
313617,0.14
313622,0.03
313625,0.2
313638,0.14
313639,0.1
313645,0.17
313655,0.08
313656,0.33
313663,0.06
313669,0.17
313670,0.1
313676,0.1
313689,0.3
313699,0.09
313711,0.06
313720,0.14
313731,0.31
313736,0.3
313741,0.16
313744,0.12
313749,0.28
313750,0.06
313753,0.17
313763,0.09
313765,0.23
313776,0.05
313778,0.18
313781,0.05
313786,0.33
313787,0.2
313795,0.16
313809,0.13
313810,0.12
313811,0.22
313818,0.29
313825,0.06
313830,0.04
313831,0.02
313834,0.14
313837,0.34
313841,0.06
313859,0.08
313882,0.01
313887,0.34
313900,0.05
313902,0.11
313906,0.06
313930,0.22
313932,0.12
313943,0.15
313944,0.22
313957,0.1
313970,0.21
313980,0.11
313982,0.1
313999,0.34
314000,0.13
314003,0.2
314004,0.04
314005,0.39
314007,0.12
314010,0.24
314011,0.06
314016,0.26
314023,0.09
314024,0.09
314031,0.15
314038,0.21
314041,0.06
314061,0.13
314073,0.04
314091,0.15
314097,0.13
314099,0.05
314107,0.11
314124,0.18
314127,0.18
314131,0.08
314132,0.17
314137,0.3
314139,0.09
314143,0.13
314149,0.11
314153,0.15
314154,0.2
314160,0.05
314167,0.1
314171,0.12
314182,0.17
314190,0.11
314194,0.02
314198,0.12
314211,0.06
314220,0.2
314245,0.12
314247,0.01
314256,0.1
314259,0.09
314267,0.16
314271,0.07
314278,0.18
314282,0.09
314283,0.16
314294,0.19
314298,0.07
314299,0.12
314306,0.07
314307,0.15
314308,0.02
314309,0.16
314317,0.07
314323,0.12
314332,0.07
314334,0.05
314335,0.11
314337,0.12
314343,0.14
314344,0.09
314346,0.16
314351,0.08
314354,0.13
314355,0.07
314359,0.05
314364,0.09
314366,0.13
314367,0.22
314374,0.05
314376,0.12
314387,0.08
314405,0.17
314412,0.1
314418,0.25
314429,0.12
314438,0.26
314442,0.01
314477,0.1
314480,0.15
314486,0.1
314487,0.16
314488,0.14
314490,0.17
314523,0.12
314528,0.28
314535,0.06
314542,0.18
314560,0.2
314585,0.25
314594,0.1
314596,0.04
314601,0.23
314603,0.12
314612,0.11
314615,0.36
314619,0.14
314621,0.18
314627,0.17
314629,0.08
314635,0.35
314639,0.09
314646,0.07
314650,0.21
314661,0.15
314690,0.12
314699,0.04
314705,0.24
314709,0.1
314710,0.09
314711,0.13
314714,0.16
314719,0.08
314722,0.07
314723,0.14
314729,0.05
314732,0.22
314734,0.21
314746,0.04
314761,0.33
314769,0.1
314773,0.18
314774,0.12
314776,0.17
314780,0.09
314785,0.2
314789,0.32
314796,0.17
314810,0.08
314812,0.1
314817,0.04
314822,0.17
314840,0.18
314843,0.11
314853,0.03
314856,0.19
314862,0.05
314864,0.05
314878,0.17
314894,0.07
314906,0.42
314912,0.05
314914,0.05
314933,0.31
314941,0.06
314949,0.08
314950,0.07
314952,0.07
314961,0.23
314970,0.25
314972,0.2
314975,0.2
314985,0.12
314986,0.06
314991,0.22
314995,0.2
314997,0.05
315003,0.06
315035,0.11
315038,0.21
315040,0.06
315046,0.05
315053,0.07
315054,0.13
315060,0.16
315061,0.09
315067,0.43
315076,0.17
315079,0.12
315083,0.07
315084,0.13
315092,0.17
315095,0.17
315112,0.19
315122,0.2
315123,0.16
315125,0.15
315136,0.24
315143,0.26
315145,0.1
315153,0.16
315164,0.21
315169,0.07
315178,0.13
315179,0.13
315189,0.01
315192,0.19
315194,0.23
315198,0.08
315210,0.18
315211,0.07
315221,0.34
315222,0.04
315228,0.2
315231,0.19
315233,0.12
315235,0.16
315240,0.16
315244,0.2
315257,0.18
315261,0.22
315271,0.22
315278,0.13
315282,0.16
315287,0.22
315288,0.19
315291,0.16
315306,0.04
315309,0.13
315312,0.11
315330,0.15
315335,0.15
315337,0.09
315343,0.14
315344,0.21
315366,0.03
315389,0.18
315403,0.09
315414,0.25
315425,0.11
315430,0.14
315432,0.21
315436,0.05
315437,0.11
315445,0.14
315451,0.06
315460,0.02
315462,0.12
315476,0.17
315480,0.09
315489,0.2
315494,0.11
315499,0.04
315503,0.1
315507,0.1
315540,0.17
315541,0.11
315546,0.23
315553,0.29
315569,0.27
315571,0.04
315574,0.12
315580,0.01
315587,0.01
315609,0.06
315610,0.08
315617,0.13
315623,0.09
315629,0.05
315635,0.26
315637,0.11
315641,0.11
315644,0.14
315654,0.15
315662,0.03
315663,0.22
315673,0.15
315677,0.11
315679,0.17
315680,0.19
315681,0.06
315682,0.26
315684,0.12
315693,0.15
315701,0.09
315705,0.17
315706,0.02
315711,0.12
315714,0.15
315725,0.09
315738,0.14
315740,0.14
315749,0.34
315753,0.21
315757,0.15
315778,0.1
315781,0.06
315793,0.03
315813,0.11
315822,0.11
315827,0.14
315831,0.02
315843,0.21
315857,0.21
315864,0.27
315869,0.07
315870,0.04
315878,0.17
315891,0.1
315894,0.12
315895,0.17
315903,0.1
315917,0.08
315920,0.13
315937,0.08
315938,0.13
315947,0.21
315970,0.33
315971,0.05
315974,0.06
315984,0.23
315985,0.19
315988,0.12
315993,0.17
315995,0.23
315997,0.08
316000,0.05
316009,0.07
316011,0.17
316014,0.14
316021,0.15
316022,0.15
316023,0.21
316060,0.17
316063,0.12
316065,0.27
316066,0.13
316077,0.16
316083,0.19
316093,0.25
316100,0.09
316110,0.11
316118,0.05
316135,0.07
316139,0.18
316154,0.23
316156,0.01
316171,0.1
316173,0.14
316186,0.26
316188,0.13
316190,0.15
316195,0.2
316205,0.07
316214,0.1
316216,0.13
316220,0.15
316222,0.08
316224,0.09
316226,0.09
316230,0.04
316248,0.2
316258,0.24
316269,0.17
316270,0.15
316279,0.13
316286,0.15
316295,0.11
316297,0.14
316305,0.04
316312,0.07
316313,0.15
316314,0.14
316320,0.08
316321,0.08
316328,0.25
316329,0.13
316334,0.1
316364,0.12
316372,0.01
316382,0.04
316407,0.15
316411,0.4
316433,0.16
316435,0.15
316441,0.05
316456,0.11
316457,0.11
316462,0.18
316465,0.1
316466,0.17
316468,0.1
316469,0.14
316479,0.16
316481,0.17
316484,0.04
316502,0.16
316517,0.12
316525,0.19
316531,0.13
316546,0.09
316549,0.06
316557,0.08
316561,0.2
316564,0.1
316565,0.2
316594,0.31
316595,0.23
316600,0.1
316625,0.04
316645,0.15
316647,0.14
316659,0.21
316683,0.21
316694,0.15
316697,0.05
316701,0.12
316702,0.12
316703,0.04
316718,0.22
316723,0.16
316748,0.24
316756,0.17
316758,0.11
316763,0.12
316764,0.13
316768,0.11
316769,0.05
316772,0.04
316777,0.23
316781,0.07
316785,0.19
316786,0.09
316815,0.26
316816,0.11
316828,0.1
316831,0.09
316837,0.11
316843,0.16
316849,0.12
316854,0.12
316862,0.15
316867,0.15
316902,0.08
316903,0.15
316906,0.09
316914,0.06
316915,0.12
316923,0.05
316928,0.13
316930,0.04
316932,0.33
316940,0.13
316947,0.09
316948,0.22
316977,0.14
316983,0.12
316987,0.15
317003,0.16
317005,0.03
317035,0.07
317036,0.03
317043,0.09
317048,0.05
317056,0.02
317065,0.06
317079,0.13
317080,0.03
317083,0.08
317087,0.15
317103,0.16
317117,0.22
317119,0.13
317125,0.09
317126,0.24
317134,0.17
317138,0.08
317142,0.09
317150,0.02
317184,0.19
317190,0.19
317196,0.05
317197,0.07
317206,0.03
317210,0.09
317221,0.05
317226,0.2
317227,0.24
317236,0.13
317237,0.23
317241,0.06
317249,0.04
317256,0.07
317282,0.13
317294,0.09
317298,0.07
317300,0.11
317307,0.09
317311,0.01
317318,0.06
317322,0.18
317323,0.22
317332,0.13
317338,0.15
317346,0.11
317347,0.03
317349,0.1
317354,0.23
317369,0.21
317386,0.04
317389,0.01
317410,0.25
317411,0.16
317422,0.03
317434,0.04
317446,0.01
317449,0.18
317455,0.16
317469,0.2
317475,0.03
317476,0.08
317487,0.17
317488,0.05
317499,0.19
317500,0.01
317506,0.08
317515,0.06
317518,0.12
317520,0.25
317546,0.12
317549,0.21
317554,0.05
317565,0.04
317579,0.08
317591,0.08
317592,0.31
317593,0.15
317594,0.04
317601,0.15
317603,0.29
317606,0.22
317608,0.12
317611,0.0
317618,0.11
317628,0.1
317629,0.15
317642,0.1
317644,0.09
317648,0.09
317650,0.08
317665,0.18
317675,0.07
317695,0.18
317696,0.14
317704,0.16
317713,0.1
317730,0.16
317735,0.21
317736,0.15
317738,0.14
317747,0.24
317764,0.09
317765,0.21
317772,0.23
317774,0.07
317786,0.06
317788,0.14
317806,0.11
317809,0.19
317811,0.1
317814,0.13
317815,0.22
317830,0.17
317835,0.16
317843,0.23
317856,0.16
317863,0.22
317876,0.31
317889,0.12
317902,0.17
317910,0.11
317914,0.08
317933,0.13
317936,0.2
317940,0.13
317944,0.14
317952,0.05
317955,0.1
317958,0.06
317965,0.16
317966,0.15
317978,0.06
318000,0.08
318007,0.07
318008,0.12
318012,0.08
318016,0.15
318019,0.18
318020,0.13
318021,0.05
318025,0.11
318036,0.06
318044,0.12
318055,0.14
318056,0.23
318057,0.2
318065,0.15
318075,0.17
318081,0.13
318094,0.04
318096,0.17
318104,0.19
318105,0.12
318109,0.16
318113,0.02
318121,0.16
318122,0.19
318126,0.02
318127,0.07
318131,0.19
318135,0.17
318155,0.07
318156,0.04
318161,0.15
318164,0.12
318169,0.2
318173,0.16
318176,0.22
318177,0.14
318181,0.02
318187,0.1
318193,0.12
318203,0.17
318206,0.14
318214,0.22
318220,0.12
318232,0.08
318250,0.17
318251,0.12
318252,0.16
318254,0.03
318260,0.07
318261,0.01
318263,0.07
318264,0.2
318266,0.05
318267,0.11
318268,0.1
318270,0.1
318274,0.17
318282,0.02
318286,0.13
318292,0.09
318297,0.07
318320,0.1
318337,0.19
318343,0.15
318347,0.1
318351,0.23
318357,0.39
318360,0.08
318384,0.13
318385,0.04
318387,0.13
318390,0.16
318391,0.03
318393,0.15
318406,0.01
318408,0.34
318410,0.29
318424,0.07
318428,0.15
318432,0.12
318433,0.15
318445,0.18
318452,0.48
318467,0.23
318473,0.14
318480,0.21
318486,0.22
318496,0.09
318505,0.26
318511,0.2
318517,0.11
318522,0.07
318527,0.11
318530,0.13
318531,0.04
318533,0.1
318535,0.09
318536,0.1
318548,0.12
318551,0.17
318557,0.18
318576,0.13
318581,0.25
318607,0.14
318609,0.18
318615,0.35
318634,0.14
318640,0.23
318651,0.18
318657,0.08
318669,0.13
318674,0.11
318675,0.12
318686,0.12
318694,0.11
318760,0.14
318762,0.04
318763,0.11
318765,0.13
318766,0.18
318769,0.26
318775,0.16
318782,0.17
318786,0.29
318792,0.06
318801,0.19
318802,0.04
318803,0.1
318805,0.19
318813,0.16
318817,0.18
318821,0.08
318827,0.16
318834,0.23
318835,0.08
318851,0.07
318857,0.06
318862,0.07
318874,0.21
318878,0.12
318897,0.09
318909,0.31
318924,0.1
318927,0.05
318942,0.2
318946,0.1
318957,0.17
318959,0.07
318975,0.12
318982,0.14
318987,0.1
318993,0.08
318995,0.05
318996,0.17
318997,0.15
318999,0.1
319012,0.25
319014,0.09
319018,0.12
319020,0.21
319048,0.15
319052,0.24
319067,0.07
319083,0.17
319088,0.04
319089,0.15
319090,0.35
319096,0.13
319099,0.12
319108,0.16
319116,0.13
319117,0.16
319119,0.05
319126,0.27
319133,0.24
319135,0.15
319137,0.04
319143,0.2
319168,0.21
319170,0.14
319174,0.11
319181,0.13
319192,0.09
319193,0.15
319198,0.1
319211,0.08
319219,0.02
319220,0.09
319226,0.07
319240,0.1
319248,0.1
319257,0.05
319261,0.22
319264,0.09
319268,0.07
319289,0.22
319292,0.1
319295,0.13
319302,0.17
319308,0.21
319310,0.21
319313,0.06
319322,0.06
319329,0.03
319331,0.1
319334,0.07
319346,0.04
319352,0.33
319358,0.24
319363,0.08
319365,0.12
319370,0.01
319371,0.2
319372,0.1
319385,0.08
319387,0.07
319393,0.03
319396,0.17
319406,0.02
319439,0.12
319440,0.12
319441,0.48
319462,0.03
319471,0.16
319475,0.14
319476,0.1
319486,0.1
319487,0.14
319489,0.16
319491,0.14
319494,0.05
319496,0.32
319512,0.0
319519,0.16
319522,0.06
319530,0.19
319540,0.01
319547,0.14
319549,0.18
319559,0.09
319561,0.03
319566,0.13
319569,0.19
319574,0.14
319579,0.11
319580,0.16
319582,0.05
319583,0.12
319585,0.22
319598,0.08
319600,0.18
319602,0.02
319603,0.02
319604,0.03
319608,0.07
319622,0.18
319623,0.21
319625,0.17
319628,0.21
319637,0.16
319639,0.13
319658,0.11
319669,0.08
319677,0.17
319683,0.16
319688,0.13
319697,0.08
319700,0.03
319727,0.24
319747,0.23
319751,0.11
319758,0.16
319759,0.19
319765,0.18
319768,0.12
319774,0.14
319776,0.02
319777,0.09
319785,0.12
319789,0.17
319792,0.04
319799,0.02
319814,0.11
319815,0.09
319822,0.14
319829,0.12
319836,0.25
319837,0.1
319839,0.13
319843,0.07
319860,0.21
319876,0.11
319877,0.06
319887,0.16
319889,0.15
319892,0.14
319893,0.16
319897,0.15
319898,0.11
319911,0.05
319917,0.06
319923,0.12
319927,0.11
319929,0.15
319931,0.3
319948,0.19
319949,0.04
319992,0.18
319999,0.06
320001,0.12
320003,0.05
320004,0.15
320011,0.21
320012,0.16
320021,0.17
320026,0.13
320034,0.09
320041,0.31
320042,0.18
320046,0.08
320056,0.15
320062,0.11
320093,0.18
320094,0.1
320101,0.28
320114,0.21
320126,0.02
320128,0.1
320137,0.13
320149,0.09
320165,0.03
320172,0.07
320173,0.21
320175,0.21
320179,0.13
320181,0.1
320191,0.05
320192,0.08
320195,0.02
320199,0.18
320202,0.12
320203,0.33
320205,0.1
320224,0.31
320227,0.11
320228,0.07
320248,0.25
320252,0.18
320254,0.22
320259,0.08
320267,0.31
320276,0.11
320287,0.21
320291,0.09
320295,0.2
320297,0.15
320305,0.27
320321,0.41
320331,0.21
320336,0.17
320341,0.08
320344,0.17
320356,0.04
320362,0.12
320369,0.03
320379,0.04
320387,0.13
320397,0.04
320412,0.15
320421,0.16
320428,0.24
320429,0.21
320430,0.29
320434,0.05
320453,0.12
320462,0.14
320469,0.07
320475,0.12
320478,0.24
320484,0.03
320494,0.09
320499,0.02
320541,0.21
320550,0.09
320561,0.08
320562,0.08
320564,0.2
320566,0.27
320568,0.12
320593,0.0
320609,0.08
320614,0.16
320621,0.09
320639,0.29
320640,0.18
320656,0.14
320657,0.04
320670,0.07
320672,0.06
320691,0.21
320693,0.07
320698,0.01
320699,0.11
320704,0.02
320709,0.08
320711,0.07
320724,0.13
320737,0.06
320744,0.11
320747,0.13
320750,0.3
320752,0.04
320760,0.17
320765,0.14
320767,0.05
320778,0.28
320784,0.06
320789,0.15
320793,0.15
320795,0.2
320805,0.16
320806,0.18
320823,0.16
320828,0.15
320833,0.14
320843,0.13
320846,0.12
320851,0.16
320852,0.16
320869,0.07
320873,0.21
320890,0.09
320905,0.26
320912,0.17
320914,0.08
320915,0.09
320920,0.11
320924,0.04
320925,0.06
320936,0.16
320937,0.08
320940,0.12
320943,0.13
320954,0.02
320959,0.15
320960,0.08
320966,0.1
320968,0.06
320975,0.05
320978,0.06
320979,0.11
320981,0.13
320987,0.05
320989,0.13
321009,0.34
321021,0.14
321035,0.22
321038,0.1
321039,0.26
321051,0.08
321058,0.11
321066,0.35
321075,0.17
321092,0.11
321098,0.13
321107,0.2
321116,0.19
321118,0.19
321124,0.05
321131,0.06
321134,0.17
321140,0.09
321143,0.09
321145,0.05
321150,0.11
321151,0.05
321153,0.13
321154,0.11
321156,0.11
321160,0.04
321176,0.2
321183,0.12
321187,0.09
321196,0.09
321197,0.15
321204,0.17
321208,0.1
321209,0.04
321223,0.15
321226,0.09
321227,0.16
321236,0.22
321249,0.18
321250,0.06
321253,0.16
321256,0.19
321276,0.25
321298,0.08
321303,0.05
321309,0.07
321313,0.36
321322,0.29
321345,0.07
321350,0.13
321355,0.04
321358,0.17
321370,0.22
321377,0.22
321385,0.22
321398,0.14
321401,0.11
321415,0.08
321416,0.37
321419,0.13
321427,0.14
321433,0.15
321439,0.15
321455,0.16
321463,0.15
321465,0.16
321480,0.09
321486,0.07
321498,0.16
321502,0.18
321510,0.1
321524,0.06
321526,0.26
321528,0.27
321533,0.19
321536,0.15
321548,0.12
321557,0.16
321564,0.2
321567,0.03
321602,0.18
321625,0.21
321627,0.1
321640,0.06
321645,0.09
321648,0.15
321649,0.15
321652,0.13
321659,0.14
321667,0.08
321676,0.09
321696,0.15
321697,0.21
321702,0.06
321704,0.06
321706,0.02
321710,0.09
321722,0.12
321760,0.09
321770,0.13
321779,0.11
321784,0.13
321786,0.24
321792,0.14
321795,0.19
321801,0.16
321804,0.02
321806,0.1
321807,0.22
321808,0.29
321809,0.12
321825,0.09
321828,0.09
321843,0.17
321848,0.14
321854,0.1
321869,0.23
321870,0.17
321887,0.12
321896,0.1
321898,0.16
321908,0.13
321910,0.23
321915,0.1
321919,0.18
321922,0.11
321928,0.13
321929,0.11
321932,0.04
321934,0.2
321936,0.33
321956,0.15
321957,0.21
321965,0.11
321970,0.04
321974,0.03
321980,0.13
321985,0.21
321992,0.06
321999,0.12
322005,0.1
322018,0.06
322020,0.11
322021,0.29
322023,0.1
322024,0.18
322039,0.01
322054,0.1
322061,0.06
322082,0.09
322088,0.19
322093,0.09
322105,0.17
322111,0.11
322113,0.21
322117,0.14
322120,0.17
322123,0.06
322132,0.13
322136,0.18
322141,0.19
322147,0.12
322169,0.2
322170,0.29
322172,0.13
322196,0.05
322198,0.19
322217,0.18
322226,0.14
322227,0.05
322229,0.04
322242,0.1
322244,0.12
322249,0.02
322250,0.27
322253,0.07
322254,0.11
322267,0.06
322269,0.15
322274,0.38
322285,0.36
322309,0.13
322320,0.11
322327,0.05
322331,0.15
322332,0.02
322334,0.25
322339,0.22
322348,0.08
322350,0.26
322354,0.18
322356,0.14
322367,0.17
322369,0.12
322372,0.12
322374,0.21
322383,0.24
322388,0.19
322393,0.09
322395,0.27
322407,0.05
322413,0.07
322416,0.08
322419,0.08
322424,0.17
322432,0.22
322442,0.12
322447,0.03
322448,0.14
322460,0.07
322461,0.3
322468,0.05
322472,0.29
322473,0.17
322488,0.05
322490,0.12
322491,0.12
322497,0.06
322503,0.2
322521,0.23
322525,0.23
322533,0.11
322549,0.15
322561,0.1
322566,0.08
322570,0.35
322574,0.11
322578,0.15
322579,0.18
322586,0.03
322596,0.08
322598,0.07
322603,0.15
322614,0.14
322626,0.02
322630,0.08
322639,0.25
322640,0.07
322642,0.13
322651,0.09
322652,0.17
322656,0.14
322662,0.14
322664,0.09
322681,0.21
322684,0.02
322685,0.2
322711,0.16
322717,0.05
322719,0.11
322730,0.12
322740,0.07
322743,0.1
322749,0.07
322757,0.09
322759,0.29
322760,0.08
322770,0.05
322786,0.1
322797,0.15
322800,0.33
322815,0.14
322831,0.04
322835,0.16
322841,0.1
322845,0.19
322846,0.11
322851,0.06
322852,0.09
322877,0.05
322880,0.06
322893,0.19
322911,0.04
322928,0.17
322934,0.22
322938,0.23
322950,0.14
322959,0.16
322961,0.22
322965,0.2
322966,0.07
322968,0.08
322977,0.1
322979,0.08
322986,0.19
322990,0.17
322998,0.17
323005,0.11
323008,0.1
323014,0.08
323015,0.01
323025,0.09
323030,0.05
323033,0.1
323036,0.22
323043,0.08
323049,0.17
323051,0.3
323053,0.16
323056,0.33
323059,0.2
323076,0.16
323088,0.1
323108,0.3
323112,0.1
323127,0.15
323135,0.1
323137,0.07
323141,0.03
323142,0.11
323147,0.21
323150,0.25
323153,0.18
323156,0.21
323161,0.04
323171,0.05
323173,0.09
323176,0.09
323184,0.13
323189,0.12
323193,0.13
323209,0.15
323218,0.2
323224,0.22
323235,0.11
323236,0.12
323242,0.12
323252,0.09
323253,0.29
323254,0.07
323271,0.07
323276,0.1
323278,0.14
323281,0.1
323285,0.14
323289,0.12
323292,0.16
323297,0.16
323312,0.11
323318,0.1
323319,0.16
323324,0.2
323325,0.18
323328,0.08
323334,0.08
323338,0.07
323340,0.03
323343,0.18
323354,0.07
323373,0.08
323376,0.1
323381,0.18
323382,0.15
323383,0.23
323387,0.12
323394,0.07
323398,0.17
323405,0.1
323407,0.19
323428,0.31
323436,0.31
323451,0.24
323455,0.08
323463,0.1
323466,0.18
323475,0.15
323477,0.17
323481,0.07
323485,0.19
323488,0.13
323493,0.14
323494,0.08
323505,0.04
323506,0.06
323509,0.01
323518,0.18
323530,0.1
323539,0.11
323549,0.07
323557,0.12
323568,0.2
323569,0.15
323571,0.09
323573,0.22
323585,0.11
323588,0.15
323599,0.3
323615,0.03
323617,0.03
323620,0.24
323636,0.15
323665,0.12
323670,0.08
323675,0.1
323688,0.13
323693,0.03
323694,0.08
323696,0.05
323710,0.17
323716,0.24
323718,0.16
323719,0.1
323720,0.2
323722,0.04
323729,0.18
323738,0.13
323740,0.08
323787,0.04
323795,0.09
323801,0.01
323810,0.17
323822,0.1
323825,0.08
323833,0.15
323860,0.07
323871,0.14
323879,0.12
323888,0.1
323891,0.24
323894,0.14
323909,0.1
323911,0.08
323920,0.28
323923,0.17
323930,0.08
323935,0.15
323937,0.24
323938,0.14
323948,0.21
323956,0.16
323962,0.29
323964,0.03
323966,0.05
323970,0.17
323972,0.11
323977,0.2
323985,0.15
323989,0.13
323994,0.16
324010,0.1
324020,0.12
324033,0.07
324052,0.23
324055,0.05
324075,0.07
324087,0.3
324088,0.08
324091,0.08
324104,0.19
324109,0.13
324114,0.07
324118,0.11
324125,0.17
324130,0.25
324146,0.19
324149,0.05
324156,0.03
324170,0.13
324171,0.11
324172,0.09
324178,0.23
324180,0.13
324220,0.18
324222,0.06
324227,0.27
324229,0.12
324230,0.08
324235,0.09
324243,0.09
324247,0.25
324264,0.2
324269,0.1
324270,0.12
324271,0.19
324291,0.26
324293,0.16
324296,0.21
324298,0.24
324302,0.26
324305,0.12
324310,0.08
324325,0.12
324339,0.04
324345,0.12
324347,0.13
324356,0.08
324383,0.09
324387,0.12
324393,0.09
324400,0.15
324401,0.22
324412,0.14
324414,0.14
324415,0.18
324416,0.15
324420,0.28
324437,0.05
324445,0.32
324464,0.18
324472,0.07
324496,0.03
324499,0.04
324512,0.07
324544,0.3
324545,0.06
324552,0.13
324553,0.01
324558,0.26
324559,0.07
324572,0.1
324582,0.16
324595,0.28
324596,0.31
324598,0.09
324614,0.12
324620,0.24
324621,0.01
324624,0.19
324651,0.19
324655,0.32
324669,0.07
324674,0.27
324677,0.08
324681,0.19
324689,0.07
324708,0.0
324714,0.23
324716,0.23
324719,0.07
324731,0.17
324733,0.23
324741,0.27
324745,0.2
324747,0.18
324748,0.06
324764,0.14
324772,0.05
324788,0.2
324795,0.06
324801,0.04
324811,0.09
324816,0.3
324821,0.07
324825,0.13
324840,0.22
324841,0.12
324854,0.12
324866,0.11
324884,0.13
324894,0.13
324895,0.14
324913,0.09
324914,0.1
324944,0.16
324949,0.16
324978,0.04
324983,0.16
324987,0.2
324995,0.09
325000,0.04
325001,0.28
325005,0.16
325017,0.12
325019,0.03
325020,0.14
325021,0.24
325041,0.2
325063,0.2
325066,0.09
325070,0.14
325102,0.12
325117,0.08
325121,0.18
325136,0.09
325153,0.04
325157,0.07
325158,0.12
325163,0.16
325180,0.09
325181,0.15
325185,0.26
325194,0.14
325196,0.22
325206,0.21
325212,0.09
325217,0.23
325218,0.19
325223,0.13
325238,0.3
325254,0.14
325258,0.09
325268,0.09
325269,0.24
325275,0.06
325277,0.14
325282,0.06
325284,0.02
325289,0.23
325291,0.14
325300,0.18
325303,0.11
325306,0.11
325313,0.12
325316,0.05
325318,0.09
325332,0.14
325344,0.12
325354,0.13
325360,0.07
325364,0.05
325375,0.13
325377,0.03
325380,0.07
325390,0.13
325392,0.04
325395,0.21
325411,0.05
325412,0.13
325420,0.21
325424,0.1
325433,0.2
325438,0.07
325439,0.05
325443,0.23
325454,0.18
325464,0.08
325473,0.03
325476,0.02
325495,0.12
325525,0.04
325529,0.1
325552,0.04
325553,0.17
325564,0.2
325565,0.19
325580,0.15
325590,0.21
325591,0.05
325596,0.02
325601,0.05
325602,0.12
325623,0.08
325625,0.05
325641,0.34
325645,0.08
325657,0.12
325680,0.14
325691,0.12
325701,0.14
325710,0.14
325712,0.15
325714,0.17
325716,0.09
325724,0.25
325744,0.1
325751,0.26
325757,0.04
325765,0.19
325767,0.37
325770,0.18
325778,0.05
325784,0.15
325791,0.14
325809,0.3
325814,0.23
325817,0.17
325820,0.33
325822,0.12
325830,0.14
325832,0.27
325840,0.07
325849,0.1
325852,0.16
325859,0.21
325864,0.18
325865,0.11
325879,0.13
325890,0.11
325899,0.09
325908,0.04
325916,0.09
325918,0.1
325919,0.03
325922,0.1
325925,0.16
325934,0.06
325939,0.02
325942,0.08
325948,0.23
325954,0.05
325962,0.1
325966,0.11
325969,0.05
325971,0.08
325972,0.1
325976,0.11
325981,0.03
325992,0.17
326013,0.15
326017,0.12
326019,0.11
326027,0.16
326028,0.04
326033,0.14
326041,0.16
326043,0.17
326049,0.14
326054,0.08
326057,0.16
326074,0.11
326078,0.18
326083,0.16
326084,0.05
326085,0.14
326087,0.1
326088,0.23
326102,0.27
326117,0.03
326145,0.13
326150,0.24
326160,0.17
326166,0.09
326170,0.14
326180,0.09
326182,0.24
326186,0.14
326188,0.19
326190,0.31
326196,0.16
326199,0.17
326201,0.13
326204,0.11
326209,0.1
326211,0.09
326218,0.13
326239,0.06
326259,0.12
326260,0.13
326284,0.09
326289,0.1
326290,0.11
326295,0.07
326299,0.26
326305,0.09
326309,0.17
326323,0.09
326364,0.06
326369,0.1
326385,0.12
326410,0.11
326411,0.14
326418,0.08
326428,0.08
326435,0.13
326437,0.07
326438,0.04
326451,0.09
326464,0.29
326471,0.07
326472,0.33
326475,0.11
326477,0.08
326480,0.07
326486,0.1
326502,0.08
326506,0.28
326513,0.08
326516,0.09
326528,0.05
326530,0.11
326531,0.2
326532,0.07
326538,0.03
326551,0.13
326559,0.1
326576,0.15
326577,0.21
326602,0.18
326606,0.08
326618,0.14
326620,0.1
326624,0.14
326639,0.17
326647,0.22
326652,0.24
326661,0.13
326667,0.08
326670,0.15
326672,0.09
326693,0.16
326704,0.06
326723,0.12
326734,0.13
326738,0.22
326746,0.07
326753,0.1
326754,0.04
326763,0.11
326779,0.03
326785,0.33
326786,0.09
326787,0.12
326789,0.04
326799,0.07
326802,0.1
326804,0.12
326823,0.04
326827,0.09
326833,0.17
326838,0.1
326842,0.19
326856,0.22
326867,0.16
326870,0.13
326871,0.06
326875,0.12
326879,0.13
326884,0.13
326900,0.25
326904,0.1
326905,0.09
326917,0.1
326919,0.02
326921,0.28
326929,0.11
326942,0.19
326944,0.09
326953,0.22
326968,0.11
326985,0.14
326987,0.09
326988,0.04
326994,0.04
327005,0.15
327010,0.12
327017,0.07
327026,0.17
327030,0.11
327031,0.12
327045,0.11
327054,0.03
327078,0.03
327080,0.1
327087,0.3
327137,0.1
327147,0.19
327150,0.18
327153,0.04
327160,0.12
327164,0.06
327169,0.28
327187,0.28
327188,0.14
327189,0.18
327194,0.04
327196,0.22
327202,0.18
327207,0.02
327215,0.04
327216,0.08
327220,0.25
327222,0.08
327230,0.2
327231,0.39
327238,0.18
327247,0.06
327262,0.07
327265,0.07
327267,0.02
327273,0.04
327276,0.1
327280,0.18
327287,0.12
327301,0.21
327307,0.2
327309,0.22
327316,0.22
327327,0.16
327334,0.17
327335,0.12
327338,0.05
327341,0.1
327350,0.15
327355,0.09
327370,0.15
327386,0.14
327391,0.26
327393,0.2
327408,0.13
327415,0.24
327431,0.14
327445,0.13
327449,0.14
327457,0.16
327488,0.08
327489,0.05
327523,0.11
327537,0.15
327550,0.26
327556,0.05
327562,0.13
327567,0.08
327587,0.17
327594,0.12
327602,0.03
327604,0.09
327609,0.12
327618,0.15
327620,0.16
327626,0.22
327628,0.04
327629,0.15
327631,0.18
327633,0.12
327638,0.15
327665,0.2
327689,0.13
327697,0.09
327702,0.13
327704,0.15
327723,0.16
327726,0.07
327732,0.13
327739,0.17
327750,0.12
327751,0.04
327765,0.15
327766,0.1
327771,0.11
327772,0.25
327774,0.26
327784,0.08
327789,0.11
327794,0.02
327799,0.11
327803,0.14
327817,0.04
327819,0.05
327823,0.17
327828,0.47
327834,0.15
327835,0.04
327866,0.2
327871,0.05
327886,0.08
327900,0.17
327901,0.2
327904,0.14
327906,0.12
327908,0.07
327909,0.07
327914,0.13
327917,0.19
327928,0.11
327947,0.17
327949,0.05
327952,0.13
327954,0.14
327962,0.15
327964,0.31
327985,0.08
327996,0.09
327997,0.13
328013,0.01
328017,0.2
328027,0.03
328029,0.25
328042,0.22
328043,0.16
328064,0.21
328072,0.0
328074,0.24
328080,0.09
328086,0.13
328122,0.14
328126,0.1
328127,0.24
328142,0.15
328144,0.07
328150,0.2
328154,0.12
328160,0.03
328171,0.12
328179,0.12
328192,0.04
328195,0.12
328196,0.04
328201,0.09
328203,0.14
328217,0.12
328218,0.09
328228,0.18
328231,0.11
328246,0.2
328252,0.15
328255,0.07
328264,0.07
328281,0.09
328282,0.04
328291,0.13
328303,0.05
328305,0.23
328313,0.1
328336,0.19
328340,0.06
328343,0.14
328368,0.33
328372,0.16
328381,0.17
328383,0.28
328385,0.08
328393,0.01
328395,0.06
328409,0.18
328424,0.07
328427,0.12
328456,0.12
328463,0.26
328489,0.1
328491,0.13
328509,0.09
328516,0.12
328524,0.04
328535,0.18
328536,0.06
328539,0.08
328542,0.39
328545,0.39
328549,0.23
328554,0.03
328558,0.25
328571,0.13
328576,0.08
328578,0.08
328588,0.25
328601,0.1
328604,0.08
328624,0.09
328629,0.06
328632,0.08
328634,0.2
328636,0.1
328637,0.15
328647,0.08
328668,0.04
328669,0.1
328678,0.03
328684,0.09
328694,0.2
328705,0.23
328712,0.04
328720,0.03
328729,0.28
328730,0.17
328733,0.06
328758,0.21
328761,0.14
328764,0.1
328777,0.13
328783,0.07
328813,0.22
328819,0.1
328826,0.08
328829,0.26
328834,0.18
328845,0.06
328856,0.07
328865,0.25
328868,0.21
328878,0.33
328896,0.07
328899,0.13
328909,0.05
328914,0.11
328926,0.14
328934,0.2
328935,0.09
328949,0.15
328954,0.17
328957,0.13
328968,0.24
328974,0.08
328984,0.12
328991,0.19
328997,0.14
329000,0.18
329005,0.08
329007,0.1
329018,0.14
329034,0.06
329051,0.3
329052,0.08
329055,0.12
329062,0.29
329064,0.19
329070,0.37
329075,0.05
329078,0.1
329081,0.03
329086,0.21
329101,0.12
329105,0.12
329113,0.23
329119,0.21
329133,0.1
329135,0.13
329138,0.13
329143,0.11
329157,0.13
329165,0.16
329170,0.05
329176,0.25
329177,0.14
329179,0.05
329196,0.13
329209,0.07
329219,0.21
329241,0.14
329245,0.15
329248,0.14
329249,0.11
329251,0.18
329252,0.14
329256,0.1
329261,0.07
329264,0.29
329297,0.27
329310,0.1
329320,0.1
329328,0.06
329340,0.24
329347,0.08
329351,0.14
329356,0.08
329360,0.26
329364,0.18
329365,0.04
329381,0.1
329383,0.1
329385,0.03
329388,0.1
329390,0.12
329393,0.14
329403,0.18
329409,0.1
329418,0.3
329428,0.08
329433,0.1
329439,0.1
329459,0.22
329463,0.26
329475,0.12
329479,0.08
329494,0.19
329500,0.23
329503,0.11
329512,0.03
329514,0.17
329521,0.15
329526,0.24
329531,0.13
329534,0.2
329545,0.07
329553,0.07
329569,0.13
329571,0.25
329580,0.11
329585,0.2
329588,0.24
329603,0.18
329605,0.06
329611,0.18
329613,0.13
329615,0.08
329618,0.16
329623,0.13
329626,0.07
329678,0.09
329690,0.05
329693,0.23
329698,0.16
329700,0.07
329706,0.14
329709,0.15
329713,0.27
329716,0.14
329717,0.12
329719,0.19
329720,0.11
329737,0.1
329741,0.06
329742,0.12
329749,0.26
329765,0.07
329771,0.05
329775,0.15
329779,0.2
329781,0.12
329788,0.18
329798,0.05
329799,0.15
329810,0.21
329811,0.06
329812,0.0
329819,0.16
329822,0.18
329826,0.03
329843,0.08
329846,0.11
329856,0.15
329871,0.08
329882,0.13
329885,0.09
329893,0.14
329898,0.12
329903,0.17
329916,0.12
329918,0.07
329934,0.05
329942,0.07
329949,0.07
329958,0.24
329965,0.22
329969,0.09
329972,0.11
329981,0.25
329988,0.13
329989,0.09
330004,0.3
330006,0.35
330014,0.22
330025,0.3
330040,0.09
330047,0.15
330070,0.18
330074,0.05
330075,0.14
330085,0.14
330095,0.08
330106,0.1
330119,0.16
330122,0.09
330129,0.02
330145,0.23
330148,0.15
330154,0.12
330156,0.04
330162,0.1
330164,0.07
330187,0.14
330188,0.29
330189,0.12
330192,0.16
330193,0.21
330200,0.21
330205,0.12
330207,0.2
330220,0.11
330228,0.34
330243,0.1
330245,0.14
330270,0.04
330272,0.07
330279,0.12
330288,0.27
330289,0.07
330299,0.17
330308,0.06
330314,0.14
330317,0.15
330322,0.08
330332,0.16
330356,0.22
330358,0.14
330360,0.09
330363,0.02
330364,0.23
330368,0.09
330376,0.06
330378,0.17
330381,0.17
330386,0.14
330387,0.06
330395,0.24
330396,0.12
330406,0.17
330423,0.05
330430,0.12
330467,0.1
330469,0.02
330473,0.11
330479,0.14
330486,0.2
330523,0.18
330524,0.2
330540,0.11
330564,0.11
330565,0.12
330567,0.16
330568,0.07
330602,0.14
330616,0.16
330617,0.11
330625,0.14
330635,0.07
330636,0.23
330639,0.15
330661,0.16
330666,0.01
330670,0.1
330682,0.12
330690,0.15
330708,0.17
330726,0.03
330730,0.07
330765,0.1
330776,0.02
330789,0.1
330791,0.12
330803,0.07
330805,0.07
330807,0.07
330821,0.09
330822,0.09
330836,0.04
330837,0.16
330839,0.13
330840,0.01
330861,0.12
330878,0.15
330881,0.03
330888,0.07
330890,0.21
330903,0.26
330904,0.11
330905,0.13
330907,0.25
330915,0.17
330921,0.22
330922,0.03
330925,0.02
330942,0.22
330945,0.11
330957,0.24
330965,0.11
330973,0.18
330979,0.02
330981,0.12
331005,0.11
331018,0.05
331026,0.13
331032,0.04
331033,0.16
331036,0.09
331037,0.11
331048,0.14
331054,0.2
331058,0.05
331063,0.09
331077,0.13
331079,0.1
331081,0.25
331082,0.1
331090,0.06
331110,0.13
331127,0.19
331141,0.18
331153,0.15
331165,0.1
331171,0.15
331179,0.14
331191,0.2
331193,0.16
331197,0.01
331204,0.08
331207,0.16
331212,0.04
331220,0.21
331242,0.12
331244,0.21
331273,0.13
331281,0.07
331289,0.04
331293,0.03
331294,0.02
331299,0.13
331300,0.04
331302,0.03
331322,0.14
331334,0.05
331347,0.12
331353,0.17
331361,0.1
331370,0.07
331379,0.07
331382,0.22
331388,0.31
331390,0.14
331400,0.24
331411,0.1
331431,0.05
331451,0.15
331455,0.18
331456,0.09
331461,0.13
331468,0.09
331480,0.22
331491,0.08
331505,0.19
331508,0.06
331517,0.13
331519,0.18
331526,0.11
331530,0.12
331533,0.15
331554,0.12
331579,0.12
331590,0.02
331599,0.05
331604,0.2
331605,0.14
331611,0.08
331616,0.26
331620,0.2
331623,0.22
331641,0.14
331645,0.14
331657,0.09
331662,0.04
331678,0.1
331684,0.22
331686,0.29
331691,0.05
331697,0.21
331707,0.21
331709,0.06
331716,0.1
331719,0.06
331729,0.13
331735,0.03
331743,0.08
331761,0.22
331772,0.09
331777,0.13
331794,0.19
331813,0.27
331818,0.2
331834,0.23
331848,0.07
331849,0.17
331868,0.12
331875,0.13
331879,0.08
331886,0.12
331888,0.04
331891,0.09
331903,0.2
331905,0.17
331913,0.14
331914,0.24
331937,0.06
331938,0.08
331939,0.15
331944,0.0
331948,0.15
331968,0.03
331976,0.32
331977,0.3
332007,0.15
332014,0.06
332017,0.03
332027,0.17
332033,0.23
332041,0.05
332042,0.19
332047,0.12
332050,0.15
332056,0.12
332071,0.03
332075,0.19
332076,0.06
332077,0.11
332083,0.15
332093,0.21
332111,0.18
332119,0.2
332121,0.14
332135,0.12
332144,0.1
332147,0.01
332155,0.07
332156,0.07
332164,0.06
332166,0.01
332170,0.2
332180,0.23
332181,0.13
332184,0.11
332192,0.08
332204,0.04
332225,0.01
332234,0.12
332243,0.16
332253,0.15
332261,0.11
332266,0.04
332270,0.15
332285,0.27
332290,0.08
332296,0.04
332298,0.19
332302,0.11
332303,0.01
332317,0.13
332318,0.18
332327,0.17
332337,0.15
332351,0.15
332373,0.04
332377,0.13
332384,0.26
332398,0.06
332404,0.19
332405,0.1
332454,0.07
332456,0.2
332464,0.16
332468,0.11
332476,0.17
332482,0.03
332483,0.09
332508,0.13
332519,0.23
332529,0.16
332537,0.26
332545,0.24
332551,0.13
332552,0.11
332570,0.1
332574,0.1
332579,0.16
332607,0.22
332618,0.18
332626,0.19
332628,0.15
332645,0.11
332652,0.27
332666,0.15
332694,0.06
332697,0.2
332698,0.02
332700,0.23
332708,0.19
332714,0.07
332722,0.07
332724,0.04
332730,0.08
332741,0.12
332746,0.05
332754,0.11
332756,0.23
332759,0.07
332764,0.45
332786,0.07
332790,0.03
332816,0.17
332821,0.07
332827,0.07
332829,0.18
332831,0.24
332833,0.24
332834,0.21
332837,0.1
332846,0.01
332860,0.13
332861,0.02
332865,0.04
332882,0.02
332897,0.13
332901,0.07
332904,0.12
332910,0.33
332911,0.05
332912,0.24
332939,0.09
332940,0.01
332952,0.08
332956,0.02
332957,0.18
332958,0.06
332961,0.17
332967,0.11
332974,0.19
332993,0.09
333007,0.03
333012,0.26
333020,0.15
333021,0.13
333035,0.08
333040,0.27
333061,0.05
333073,0.09
333078,0.07
333085,0.02
333086,0.15
333096,0.29
333100,0.06
333112,0.15
333114,0.01
333120,0.3
333142,0.09
333152,0.03
333159,0.19
333178,0.04
333179,0.08
333187,0.09
333191,0.14
333192,0.11
333199,0.09
333211,0.14
333224,0.17
333237,0.13
333238,0.1
333262,0.17
333268,0.05
333275,0.16
333289,0.26
333292,0.31
333303,0.2
333305,0.18
333312,0.03
333316,0.06
333335,0.1
333354,0.06
333356,0.1
333358,0.07
333376,0.09
333378,0.04
333380,0.09
333381,0.23
333388,0.1
333392,0.08
333406,0.31
333410,0.02
333411,0.11
333412,0.23
333428,0.13
333432,0.05
333435,0.06
333442,0.18
333452,0.13
333455,0.22
333456,0.16
333459,0.17
333464,0.24
333466,0.25
333469,0.2
333475,0.04
333476,0.07
333477,0.24
333487,0.02
333490,0.02
333497,0.27
333499,0.05
333500,0.12
333501,0.05
333503,0.09
333513,0.19
333518,0.12
333544,0.09
333546,0.15
333563,0.2
333566,0.16
333568,0.1
333570,0.1
333573,0.08
333574,0.1
333584,0.08
333589,0.04
333594,0.09
333596,0.0
333597,0.2
333615,0.14
333621,0.12
333622,0.18
333629,0.05
333651,0.04
333653,0.15
333664,0.03
333680,0.09
333687,0.17
333688,0.2
333689,0.34
333693,0.19
333695,0.09
333706,0.08
333709,0.17
333713,0.16
333734,0.08
333745,0.25
333752,0.16
333764,0.08
333780,0.14
333789,0.18
333791,0.01
333795,0.16
333799,0.22
333801,0.2
333802,0.31
333803,0.15
333810,0.03
333837,0.03
333842,0.23
333843,0.02
333845,0.04
333852,0.23
333859,0.03
333885,0.25
333896,0.16
333904,0.22
333908,0.07
333913,0.05
333927,0.07
333930,0.04
333935,0.07
333952,0.26
333953,0.17
333966,0.11
333968,0.14
333988,0.19
334013,0.04
334027,0.16
334030,0.13
334032,0.21
334033,0.12
334042,0.04
334045,0.2
334053,0.07
334055,0.07
334058,0.15
334063,0.25
334070,0.06
334074,0.1
334080,0.3
334086,0.09
334092,0.08
334099,0.24
334101,0.09
334103,0.14
334104,0.15
334109,0.31
334125,0.11
334130,0.23
334138,0.22
334161,0.04
334164,0.17
334169,0.1
334171,0.2
334185,0.2
334186,0.1
334209,0.19
334211,0.2
334230,0.06
334231,0.16
334237,0.18
334241,0.27
334244,0.24
334247,0.14
334250,0.11
334252,0.21
334273,0.08
334282,0.03
334285,0.11
334286,0.1
334292,0.13
334296,0.02
334299,0.09
334300,0.1
334305,0.1
334307,0.25
334311,0.06
334315,0.14
334343,0.2
334344,0.06
334345,0.19
334350,0.17
334353,0.1
334365,0.16
334372,0.13
334374,0.07
334375,0.09
334382,0.17
334387,0.13
334391,0.2
334397,0.01
334407,0.14
334415,0.11
334417,0.03
334419,0.16
334431,0.07
334435,0.26
334446,0.37
334447,0.13
334457,0.12
334459,0.27
334471,0.06
334474,0.12
334481,0.09
334483,0.16
334486,0.16
334490,0.27
334492,0.2
334494,0.12
334512,0.11
334522,0.09
334527,0.08
334534,0.13
334537,0.09
334539,0.2
334552,0.05
334555,0.29
334565,0.16
334580,0.08
334585,0.17
334589,0.11
334594,0.16
334600,0.06
334603,0.16
334613,0.15
334621,0.08
334628,0.12
334631,0.2
334634,0.07
334635,0.15
334659,0.1
334660,0.12
334664,0.17
334671,0.14
334693,0.07
334695,0.14
334703,0.19
334718,0.25
334728,0.32
334732,0.09
334733,0.26
334735,0.1
334748,0.14
334756,0.22
334764,0.1
334766,0.2
334787,0.08
334803,0.14
334806,0.22
334817,0.15
334825,0.08
334831,0.17
334836,0.15
334845,0.09
334857,0.08
334868,0.09
334871,0.19
334873,0.11
334881,0.12
334886,0.06
334898,0.21
334899,0.17
334901,0.13
334916,0.15
334923,0.18
334933,0.12
334938,0.26
334955,0.09
334963,0.28
334974,0.09
334986,0.11
334994,0.11
334995,0.24
335001,0.08
335005,0.18
335009,0.03
335014,0.09
335015,0.14
335017,0.24
335025,0.22
335027,0.13
335055,0.15
335058,0.18
335072,0.11
335073,0.01
335081,0.09
335091,0.01
335096,0.08
335097,0.1
335099,0.09
335113,0.18
335136,0.11
335140,0.12
335141,0.11
335143,0.25
335155,0.12
335170,0.17
335176,0.04
335181,0.15
335183,0.14
335192,0.14
335196,0.26
335198,0.07
335203,0.04
335204,0.28
335218,0.14
335222,0.04
335223,0.27
335229,0.19
335231,0.21
335236,0.25
335253,0.13
335257,0.03
335262,0.15
335263,0.18
335273,0.15
335276,0.11
335278,0.1
335295,0.14
335301,0.07
335303,0.1
335305,0.22
335310,0.16
335313,0.13
335314,0.1
335319,0.12
335321,0.16
335331,0.17
335332,0.09
335333,0.17
335337,0.16
335342,0.2
335347,0.15
335351,0.21
335356,0.11
335366,0.15
335369,0.01
335377,0.14
335388,0.21
335395,0.08
335397,0.04
335411,0.03
335419,0.06
335425,0.1
335427,0.2
335443,0.04
335446,0.12
335448,0.1
335451,0.13
335458,0.15
335459,0.11
335460,0.19
335463,0.07
335471,0.04
335477,0.1
335478,0.13
335484,0.11
335490,0.22
335495,0.18
335506,0.19
335507,0.21
335518,0.11
335533,0.07
335537,0.21
335538,0.09
335549,0.1
335553,0.23
335561,0.19
335564,0.03
335573,0.03
335577,0.13
335579,0.01
335585,0.21
335590,0.03
335594,0.06
335598,0.07
335601,0.19
335608,0.1
335616,0.19
335640,0.13
335645,0.15
335653,0.1
335683,0.15
335692,0.12
335713,0.05
335726,0.08
335727,0.32
335728,0.14
335732,0.17
335736,0.19
335747,0.03
335754,0.11
335755,0.01
335761,0.21
335775,0.11
335778,0.32
335779,0.07
335787,0.13
335805,0.09
335807,0.17
335808,0.04
335815,0.19
335818,0.02
335835,0.17
335849,0.13
335850,0.16
335851,0.19
335852,0.05
335856,0.09
335857,0.09
335863,0.16
335871,0.13
335879,0.16
335885,0.1
335887,0.12
335893,0.22
335906,0.07
335912,0.04
335921,0.18
335944,0.26
335952,0.21
335955,0.14
335956,0.09
335957,0.22
335958,0.16
335962,0.01
335963,0.09
335964,0.13
335971,0.11
335973,0.18
335975,0.18
335981,0.13
335983,0.18
336016,0.03
336038,0.12
336039,0.11
336041,0.19
336061,0.08
336063,0.17
336067,0.06
336071,0.14
336089,0.16
336095,0.09
336096,0.15
336101,0.05
336117,0.09
336118,0.09
336120,0.34
336137,0.09
336155,0.01
336156,0.26
336159,0.07
336178,0.24
336183,0.15
336194,0.12
336195,0.16
336199,0.12
336209,0.07
336213,0.15
336214,0.08
336215,0.12
336220,0.05
336253,0.11
336260,0.32
336263,0.04
336265,0.04
336273,0.08
336277,0.1
336280,0.06
336295,0.35
336308,0.09
336309,0.06
336316,0.05
336319,0.06
336321,0.11
336322,0.19
336323,0.11
336340,0.21
336344,0.13
336352,0.14
336361,0.19
336367,0.08
336382,0.08
336383,0.21
336393,0.06
336407,0.15
336413,0.08
336418,0.14
336426,0.13
336427,0.09
336436,0.11
336443,0.15
336445,0.13
336447,0.08
336451,0.09
336464,0.02
336484,0.07
336491,0.13
336492,0.04
336493,0.07
336494,0.16
336499,0.06
336524,0.14
336527,0.22
336534,0.23
336544,0.15
336553,0.17
336558,0.07
336565,0.08
336569,0.29
336580,0.06
336586,0.03
336592,0.15
336604,0.14
336610,0.16
336623,0.28
336634,0.08
336635,0.11
336641,0.07
336660,0.13
336673,0.03
336686,0.09
336693,0.2
336701,0.1
336704,0.09
336711,0.08
336715,0.19
336717,0.02
336722,0.17
336724,0.1
336741,0.25
336745,0.1
336757,0.3
336764,0.17
336767,0.23
336783,0.07
336786,0.13
336791,0.11
336792,0.25
336813,0.09
336822,0.24
336823,0.23
336832,0.08
336843,0.2
336858,0.11
336870,0.1
336876,0.09
336885,0.12
336887,0.09
336891,0.15
336903,0.11
336916,0.15
336917,0.09
336922,0.0
336925,0.04
336931,0.26
336938,0.09
336950,0.3
336955,0.11
336956,0.09
336959,0.17
336966,0.31
336971,0.07
336978,0.1
336983,0.1
336986,0.03
336996,0.14
337003,0.42
337007,0.18
337029,0.19
337034,0.04
337039,0.12
337057,0.11
337058,0.01
337062,0.16
337080,0.09
337087,0.0
337105,0.1
337108,0.09
337120,0.07
337125,0.18
337142,0.14
337159,0.16
337160,0.05
337168,0.16
337170,0.15
337171,0.16
337178,0.19
337188,0.09
337191,0.13
337200,0.04
337207,0.06
337210,0.03
337218,0.1
337221,0.01
337237,0.11
337241,0.2
337244,0.18
337273,0.12
337294,0.06
337295,0.03
337298,0.08
337310,0.14
337326,0.1
337338,0.26
337343,0.19
337360,0.14
337369,0.25
337375,0.22
337386,0.24
337388,0.27
337405,0.06
337408,0.13
337412,0.06
337416,0.07
337418,0.19
337442,0.23
337449,0.16
337457,0.15
337460,0.06
337474,0.14
337499,0.16
337506,0.12
337512,0.19
337527,0.13
337528,0.03
337530,0.14
337539,0.14
337546,0.04
337551,0.11
337569,0.03
337576,0.06
337582,0.12
337590,0.24
337599,0.09
337600,0.24
337601,0.35
337608,0.14
337614,0.28
337619,0.18
337625,0.2
337629,0.25
337635,0.1
337642,0.09
337663,0.28
337665,0.19
337668,0.07
337700,0.16
337746,0.1
337761,0.02
337779,0.12
337788,0.09
337790,0.09
337793,0.11
337802,0.15
337807,0.14
337821,0.23
337840,0.06
337846,0.27
337848,0.33
337864,0.1
337866,0.08
337868,0.02
337878,0.06
337890,0.19
337896,0.15
337901,0.13
337905,0.19
337914,0.1
337953,0.16
337969,0.06
337984,0.17
337995,0.14
338009,0.17
338018,0.1
338022,0.12
338028,0.14
338029,0.07
338044,0.06
338050,0.21
338052,0.07
338073,0.3
338076,0.13
338084,0.17
338086,0.05
338094,0.02
338097,0.23
338099,0.21
338126,0.07
338127,0.2
338137,0.15
338146,0.04
338161,0.08
338164,0.2
338174,0.06
338179,0.37
338181,0.15
338188,0.08
338189,0.14
338193,0.05
338199,0.13
338202,0.18
338204,0.13
338210,0.11
338229,0.13
338240,0.16
338250,0.09
338253,0.21
338254,0.12
338268,0.13
338290,0.08
338293,0.14
338297,0.15
338301,0.1
338306,0.09
338314,0.13
338318,0.11
338325,0.14
338340,0.25
338341,0.12
338351,0.16
338352,0.34
338368,0.04
338381,0.14
338404,0.03
338409,0.15
338417,0.05
338418,0.05
338426,0.1
338431,0.16
338435,0.04
338463,0.2
338465,0.12
338467,0.04
338479,0.31
338495,0.07
338510,0.11
338526,0.1
338528,0.17
338530,0.15
338539,0.11
338543,0.1
338554,0.12
338557,0.11
338581,0.19
338589,0.11
338595,0.17
338597,0.12
338604,0.06
338607,0.1
338613,0.08
338615,0.2
338628,0.23
338636,0.18
338642,0.09
338669,0.14
338671,0.09
338675,0.11
338676,0.21
338690,0.08
338696,0.24
338702,0.25
338703,0.19
338709,0.11
338719,0.08
338725,0.18
338727,0.14
338732,0.08
338749,0.1
338773,0.05
338774,0.08
338784,0.23
338789,0.14
338792,0.19
338804,0.19
338808,0.1
338822,0.07
338824,0.09
338833,0.12
338836,0.21
338840,0.13
338842,0.1
338843,0.13
338847,0.13
338849,0.27
338857,0.06
338860,0.28
338872,0.07
338874,0.09
338878,0.22
338895,0.21
338896,0.1
338904,0.18
338920,0.13
338931,0.11
338938,0.05
338955,0.13
338962,0.13
338969,0.17
338976,0.04
338994,0.12
339011,0.18
339014,0.1
339017,0.07
339018,0.42
339030,0.22
339038,0.04
339060,0.09
339079,0.18
339082,0.05
339099,0.03
339103,0.19
339105,0.06
339107,0.11
339121,0.24
339148,0.08
339152,0.08
339154,0.1
339170,0.24
339186,0.03
339187,0.2
339193,0.03
339196,0.22
339199,0.04
339203,0.25
339216,0.08
339228,0.09
339232,0.14
339237,0.24
339240,0.15
339242,0.16
339245,0.08
339252,0.13
339256,0.1
339258,0.12
339260,0.16
339263,0.15
339268,0.04
339269,0.21
339286,0.17
339304,0.05
339307,0.08
339317,0.16
339330,0.2
339346,0.2
339380,0.09
339381,0.12
339382,0.23
339391,0.04
339396,0.06
339406,0.21
339407,0.09
339409,0.23
339410,0.04
339425,0.07
339427,0.12
339433,0.14
339443,0.07
339449,0.13
339452,0.11
339453,0.07
339455,0.11
339457,0.12
339477,0.23
339483,0.02
339487,0.05
339490,0.03
339518,0.14
339523,0.15
339529,0.01
339541,0.14
339544,0.18
339546,0.25
339559,0.12
339563,0.1
339573,0.21
339591,0.15
339593,0.16
339599,0.09
339604,0.24
339615,0.05
339621,0.11
339625,0.24
339642,0.09
339647,0.29
339650,0.12
339656,0.07
339659,0.17
339681,0.16
339683,0.16
339684,0.15
339689,0.15
339694,0.02
339699,0.26
339718,0.32
339727,0.13
339735,0.1
339736,0.11
339745,0.09
339755,0.13
339758,0.08
339770,0.09
339772,0.12
339778,0.2
339786,0.11
339787,0.33
339788,0.16
339799,0.14
339814,0.13
339837,0.06
339842,0.2
339845,0.04
339852,0.15
339857,0.26
339864,0.21
339872,0.09
339873,0.06
339874,0.11
339875,0.1
339879,0.15
339884,0.18
339888,0.19
339891,0.22
339905,0.14
339920,0.15
339934,0.17
339938,0.16
339948,0.07
339949,0.2
339953,0.14
339954,0.07
339957,0.14
339958,0.33
339971,0.25
339975,0.09
339978,0.16
339984,0.06
339993,0.12
340009,0.05
340012,0.12
340019,0.03
340031,0.08
340041,0.23
340045,0.2
340046,0.2
340067,0.07
340079,0.15
340081,0.26
340082,0.09
340090,0.07
340091,0.1
340099,0.02
340104,0.17
340109,0.1
340123,0.28
340146,0.1
340162,0.05
340167,0.14
340181,0.05
340194,0.09
340195,0.06
340198,0.25
340202,0.22
340203,0.38
340219,0.05
340221,0.02
340224,0.13
340239,0.06
340248,0.22
340262,0.16
340264,0.2
340277,0.44
340285,0.01
340292,0.21
340356,0.23
340365,0.1
340375,0.14
340377,0.11
340378,0.21
340385,0.12
340387,0.08
340388,0.17
340405,0.04
340407,0.04
340408,0.12
340416,0.05
340420,0.11
340421,0.37
340425,0.08
340430,0.04
340448,0.15
340451,0.2
340456,0.12
340457,0.15
340459,0.12
340460,0.15
340463,0.14
340464,0.05
340486,0.09
340503,0.18
340504,0.04
340505,0.03
340507,0.14
340509,0.27
340511,0.16
340513,0.12
340516,0.32
340529,0.05
340535,0.08
340542,0.25
340545,0.21
340546,0.29
340556,0.24
340567,0.11
340576,0.13
340577,0.14
340586,0.1
340587,0.21
340594,0.17
340610,0.38
340611,0.19
340614,0.25
340625,0.09
340630,0.23
340640,0.11
340667,0.13
340674,0.02
340679,0.18
340683,0.14
340686,0.23
340698,0.12
340708,0.02
340717,0.14
340718,0.06
340720,0.04
340726,0.14
340746,0.11
340747,0.15
340768,0.03
340769,0.17
340772,0.22
340774,0.2
340778,0.12
340806,0.13
340816,0.1
340823,0.15
340826,0.12
340838,0.22
340840,0.24
340842,0.1
340844,0.27
340845,0.14
340853,0.05
340855,0.27
340857,0.1
340858,0.15
340864,0.21
340899,0.12
340901,0.1
340909,0.15
340921,0.07
340925,0.22
340953,0.06
340954,0.11
340961,0.08
340963,0.1
340975,0.2
340977,0.13
340996,0.11
341009,0.12
341013,0.1
341020,0.1
341024,0.13
341031,0.24
341038,0.17
341042,0.17
341050,0.08
341063,0.24
341066,0.07
341067,0.01
341070,0.35
341075,0.13
341089,0.02
341091,0.13
341122,0.16
341132,0.06
341135,0.15
341150,0.24
341168,0.13
341172,0.16
341182,0.07
341183,0.07
341187,0.11
341192,0.16
341194,0.07
341201,0.04
341226,0.09
341228,0.18
341231,0.12
341235,0.07
341237,0.1
341251,0.24
341278,0.15
341284,0.12
341285,0.14
341294,0.19
341296,0.12
341297,0.07
341298,0.05
341302,0.07
341304,0.07
341307,0.19
341314,0.15
341324,0.05
341332,0.32
341342,0.25
341347,0.16
341356,0.11
341358,0.14
341365,0.15
341368,0.2
341372,0.1
341374,0.16
341380,0.09
341381,0.16
341390,0.12
341398,0.11
341401,0.2
341406,0.14
341413,0.17
341419,0.05
341421,0.15
341427,0.07
341429,0.08
341434,0.13
341437,0.18
341444,0.15
341447,0.08
341452,0.14
341458,0.3
341475,0.13
341478,0.11
341495,0.04
341503,0.12
341520,0.08
341525,0.19
341544,0.04
341545,0.08
341548,0.09
341551,0.14
341552,0.03
341562,0.08
341574,0.14
341577,0.1
341585,0.21
341616,0.1
341630,0.07
341631,0.05
341640,0.21
341651,0.14
341653,0.16
341655,0.33
341659,0.03
341696,0.17
341705,0.21
341717,0.12
341720,0.18
341728,0.04
341729,0.15
341737,0.03
341758,0.04
341765,0.13
341780,0.13
341785,0.27
341787,0.1
341790,0.19
341796,0.12
341805,0.12
341811,0.08
341823,0.07
341828,0.29
341841,0.13
341865,0.12
341873,0.18
341891,0.12
341899,0.01
341906,0.04
341917,0.09
341926,0.1
341931,0.13
341934,0.11
341939,0.14
341943,0.33
341962,0.03
341967,0.13
341971,0.21
341990,0.12
341997,0.12
342001,0.06
342010,0.03
342042,0.18
342052,0.2
342084,0.15
342089,0.06
342091,0.09
342099,0.11
342109,0.05
342111,0.12
342119,0.14
342120,0.17
342125,0.08
342127,0.33
342128,0.12
342135,0.07
342136,0.12
342138,0.03
342148,0.08
342153,0.05
342154,0.15
342157,0.08
342163,0.07
342168,0.1
342173,0.28
342182,0.17
342185,0.03
342194,0.15
342198,0.1
342210,0.11
342214,0.07
342220,0.12
342222,0.07
342223,0.13
342230,0.14
342239,0.03
342247,0.07
342248,0.24
342252,0.06
342257,0.25
342271,0.3
342272,0.1
342290,0.14
342295,0.12
342297,0.04
342298,0.06
342301,0.12
342305,0.08
342308,0.12
342314,0.1
342322,0.15
342340,0.18
342350,0.11
342353,0.09
342358,0.14
342377,0.16
342378,0.11
342382,0.32
342390,0.09
342396,0.08
342439,0.11
342442,0.13
342447,0.09
342449,0.17
342450,0.17
342451,0.24
342454,0.16
342455,0.24
342467,0.08
342476,0.36
342481,0.18
342498,0.11
342503,0.08
342510,0.05
342513,0.05
342523,0.1
342527,0.3
342555,0.15
342566,0.19
342584,0.12
342593,0.11
342600,0.11
342611,0.12
342614,0.17
342637,0.2
342639,0.13
342656,0.23
342669,0.11
342684,0.27
342686,0.27
342690,0.28
342693,0.1
342701,0.34
342702,0.22
342703,0.04
342706,0.08
342711,0.08
342730,0.11
342744,0.19
342753,0.23
342769,0.14
342779,0.15
342788,0.12
342792,0.02
342794,0.13
342795,0.05
342799,0.08
342802,0.35
342803,0.17
342812,0.14
342820,0.19
342824,0.1
342835,0.16
342836,0.06
342851,0.18
342860,0.05
342862,0.25
342870,0.2
342873,0.11
342894,0.02
342916,0.08
342950,0.19
342970,0.15
342971,0.13
342980,0.05
342981,0.12
343004,0.24
343044,0.03
343045,0.28
343072,0.04
343078,0.07
343080,0.2
343085,0.09
343126,0.21
343137,0.18
343139,0.06
343144,0.05
343155,0.1
343163,0.09
343165,0.09
343190,0.19
343205,0.02
343221,0.11
343226,0.08
343233,0.06
343236,0.14
343241,0.06
343245,0.16
343256,0.14
343260,0.13
343276,0.09
343298,0.17
343299,0.1
343310,0.17
343312,0.15
343317,0.1
343319,0.04
343324,0.11
343345,0.07
343348,0.09
343354,0.18
343363,0.05
343365,0.21
343376,0.07
343380,0.31
343401,0.12
343412,0.17
343414,0.08
343415,0.1
343418,0.06
343419,0.17
343421,0.05
343423,0.01
343432,0.11
343436,0.14
343440,0.2
343458,0.14
343470,0.1
343471,0.07
343480,0.16
343484,0.13
343492,0.19
343500,0.13
343503,0.12
343522,0.19
343525,0.02
343562,0.25
343577,0.23
343580,0.14
343591,0.0
343594,0.04
343602,0.14
343611,0.1
343615,0.12
343639,0.18
343643,0.12
343645,0.04
343647,0.08
343669,0.0
343683,0.12
343702,0.43
343703,0.11
343704,0.04
343710,0.1
343724,0.23
343730,0.14
343742,0.16
343743,0.06
343745,0.08
343775,0.15
343783,0.14
343794,0.2
343795,0.05
343816,0.03
343820,0.13
343823,0.16
343836,0.07
343845,0.16
343888,0.19
343893,0.07
343898,0.11
343914,0.05
343918,0.17
343920,0.09
343928,0.07
343931,0.15
343968,0.07
343990,0.1
343991,0.09
343996,0.12
344002,0.16
344004,0.18
344008,0.07
344011,0.18
344013,0.14
344014,0.12
344015,0.17
344016,0.17
344019,0.11
344026,0.03
344027,0.09
344029,0.09
344039,0.23
344041,0.27
344042,0.05
344047,0.07
344053,0.21
344055,0.18
344060,0.07
344064,0.06
344067,0.11
344080,0.04
344083,0.11
344088,0.03
344090,0.1
344093,0.05
344099,0.07
344113,0.13
344114,0.07
344119,0.09
344121,0.07
344135,0.03
344138,0.12
344159,0.1
344172,0.05
344176,0.14
344192,0.06
344202,0.08
344219,0.11
344225,0.06
344229,0.35
344240,0.11
344241,0.14
344249,0.02
344252,0.29
344256,0.16
344260,0.1
344264,0.14
344267,0.1
344275,0.2
344283,0.18
344292,0.05
344296,0.22
344297,0.03
344299,0.14
344303,0.05
344313,0.05
344315,0.14
344317,0.09
344323,0.12
344328,0.26
344339,0.1
344343,0.13
344345,0.09
344356,0.23
344358,0.03
344359,0.16
344366,0.18
344370,0.09
344382,0.06
344383,0.14
344386,0.29
344388,0.19
344393,0.05
344395,0.2
344401,0.17
344402,0.27
344404,0.18
344422,0.05
344427,0.11
344433,0.09
344444,0.1
344454,0.06
344460,0.11
344480,0.05
344483,0.05
344488,0.11
344496,0.21
344504,0.27
344516,0.25
344524,0.19
344540,0.26
344542,0.21
344550,0.04
344558,0.13
344561,0.05
344568,0.23
344571,0.15
344621,0.02
344633,0.23
344635,0.15
344660,0.14
344662,0.15
344681,0.04
344683,0.22
344685,0.15
344716,0.34
344726,0.18
344749,0.07
344750,0.26
344752,0.16
344760,0.06
344762,0.21
344768,0.05
344770,0.22
344772,0.2
344778,0.05
344783,0.16
344793,0.14
344814,0.15
344815,0.08
344818,0.04
344819,0.05
344826,0.26
344828,0.26
344835,0.12
344864,0.1
344869,0.17
344875,0.29
344883,0.11
344885,0.06
344887,0.13
344889,0.24
344892,0.31
344895,0.18
344913,0.12
344934,0.05
344939,0.38
344947,0.18
344964,0.2
344969,0.1
344973,0.2
344977,0.13
344978,0.16
344991,0.14
345010,0.16
345011,0.08
345012,0.21
345020,0.04
345021,0.1
345042,0.05
345046,0.09
345070,0.15
345078,0.19
345085,0.13
345087,0.25
345093,0.14
345094,0.29
345097,0.15
345107,0.1
345109,0.26
345117,0.08
345118,0.11
345126,0.21
345142,0.04
345143,0.1
345149,0.11
345150,0.12
345154,0.33
345174,0.1
345184,0.16
345193,0.16
345196,0.1
345202,0.14
345207,0.17
345209,0.2
345211,0.1
345212,0.09
345213,0.26
345218,0.12
345228,0.04
345234,0.03
345251,0.15
345252,0.04
345260,0.11
345269,0.08
345275,0.17
345300,0.17
345305,0.02
345306,0.1
345310,0.09
345315,0.37
345324,0.15
345329,0.14
345359,0.2
345360,0.27
345364,0.07
345385,0.2
345387,0.08
345390,0.12
345402,0.25
345404,0.1
345405,0.02
345416,0.1
345425,0.27
345432,0.13
345437,0.43
345442,0.09
345450,0.14
345458,0.08
345467,0.18
345468,0.3
345470,0.19
345478,0.11
345479,0.11
345482,0.18
345489,0.09
345492,0.12
345499,0.07
345502,0.1
345515,0.13
345538,0.05
345542,0.21
345548,0.1
345550,0.03
345552,0.11
345557,0.1
345560,0.05
345563,0.06
345564,0.22
345580,0.05
345582,0.03
345583,0.0
345604,0.24
345622,0.13
345630,0.05
345634,0.09
345643,0.06
345646,0.11
345685,0.12
345687,0.03
345694,0.12
345717,0.14
345718,0.2
345726,0.1
345733,0.11
345738,0.1
345754,0.11
345761,0.11
345771,0.09
345778,0.08
345780,0.25
345788,0.13
345796,0.22
345800,0.22
345808,0.22
345812,0.13
345821,0.23
345822,0.11
345843,0.31
345853,0.16
345854,0.18
345857,0.1
345858,0.16
345867,0.05
345884,0.14
345892,0.14
345893,0.1
345896,0.13
345902,0.1
345906,0.13
345913,0.03
345916,0.18
345922,0.19
345923,0.28
345924,0.06
345935,0.08
345941,0.15
345948,0.21
345953,0.09
345958,0.07
345962,0.15
345966,0.19
345973,0.07
345976,0.12
345989,0.01
345999,0.06
346003,0.03
346014,0.16
346027,0.09
346036,0.22
346048,0.03
346052,0.16
346057,0.16
346058,0.16
346064,0.28
346076,0.25
346079,0.12
346081,0.1
346091,0.03
346099,0.17
346104,0.04
346111,0.04
346117,0.3
346118,0.11
346126,0.11
346135,0.09
346141,0.17
346150,0.23
346153,0.11
346155,0.13
346164,0.09
346166,0.22
346173,0.18
346179,0.08
346184,0.03
346188,0.11
346201,0.21
346207,0.22
346213,0.18
346219,0.0
346245,0.07
346271,0.15
346273,0.11
346290,0.15
346300,0.23
346314,0.02
346328,0.08
346329,0.14
346338,0.07
346340,0.02
346341,0.19
346347,0.06
346358,0.23
346362,0.12
346373,0.16
346377,0.07
346379,0.34
346384,0.18
346387,0.13
346392,0.09
346396,0.05
346402,0.21
346405,0.12
346407,0.12
346409,0.13
346414,0.13
346423,0.15
346424,0.16
346428,0.06
346443,0.13
346444,0.08
346446,0.19
346449,0.11
346456,0.09
346476,0.03
346477,0.14
346480,0.05
346492,0.13
346526,0.06
346536,0.16
346539,0.14
346543,0.1
346544,0.13
346546,0.1
346591,0.26
346598,0.16
346599,0.11
346618,0.06
346620,0.09
346623,0.05
346631,0.05
346639,0.08
346657,0.06
346661,0.29
346671,0.1
346672,0.03
346694,0.07
346712,0.1
346714,0.16
346723,0.09
346727,0.33
346729,0.1
346747,0.03
346765,0.13
346775,0.09
346784,0.19
346797,0.07
346799,0.14
346802,0.1
346807,0.15
346822,0.05
346828,0.11
346836,0.19
346838,0.02
346841,0.11
346843,0.11
346848,0.21
346850,0.04
346851,0.11
346855,0.15
346856,0.08
346860,0.18
346870,0.1
346881,0.2
346884,0.17
346887,0.07
346890,0.11
346904,0.16
346912,0.28
346914,0.17
346923,0.07
346924,0.07
346926,0.14
346934,0.14
346936,0.02
346951,0.05
346952,0.09
346970,0.04
346982,0.15
346993,0.12
347013,0.11
347018,0.02
347021,0.07
347031,0.15
347033,0.36
347039,0.12
347045,0.18
347046,0.15
347058,0.07
347071,0.2
347078,0.23
347079,0.16
347097,0.06
347101,0.11
347120,0.13
347121,0.12
347133,0.09
347161,0.18
347163,0.13
347173,0.03
347175,0.11
347181,0.0
347193,0.2
347196,0.37
347204,0.07
347205,0.22
347217,0.13
347229,0.1
347255,0.01
347261,0.12
347266,0.14
347283,0.22
347286,0.19
347302,0.08
347304,0.03
347321,0.11
347323,0.15
347331,0.07
347340,0.07
347350,0.12
347374,0.27
347379,0.17
347404,0.09
347415,0.09
347438,0.34
347439,0.11
347443,0.16
347450,0.34
347456,0.12
347458,0.25
347463,0.02
347471,0.11
347476,0.11
347482,0.14
347483,0.12
347492,0.17
347498,0.1
347499,0.05
347501,0.01
347521,0.17
347527,0.09
347531,0.02
347540,0.08
347556,0.08
347575,0.03
347579,0.06
347581,0.13
347583,0.15
347611,0.09
347614,0.13
347621,0.13
347629,0.29
347639,0.16
347642,0.14
347650,0.12
347665,0.0
347674,0.06
347678,0.16
347689,0.13
347690,0.07
347708,0.24
347712,0.27
347722,0.23
347728,0.03
347734,0.22
347736,0.28
347747,0.13
347748,0.13
347753,0.24
347755,0.33
347756,0.15
347757,0.13
347763,0.19
347770,0.16
347771,0.2
347784,0.08
347792,0.03
347793,0.17
347801,0.13
347808,0.21
347821,0.12
347824,0.18
347829,0.22
347841,0.21
347845,0.2
347846,0.28
347853,0.26
347854,0.04
347858,0.13
347859,0.01
347864,0.01
347869,0.11
347876,0.07
347880,0.15
347884,0.12
347888,0.08
347893,0.01
347900,0.18
347902,0.11
347910,0.05
347912,0.01
347915,0.11
347916,0.04
347919,0.11
347923,0.13
347952,0.29
348002,0.31
348003,0.11
348008,0.16
348014,0.13
348027,0.23
348031,0.09
348051,0.25
348060,0.15
348064,0.03
348066,0.08
348069,0.11
348077,0.21
348081,0.06
348087,0.16
348088,0.1
348094,0.23
348100,0.04
348119,0.03
348122,0.14
348141,0.26
348145,0.01
348154,0.04
348158,0.08
348163,0.29
348176,0.37
348177,0.09
348181,0.22
348190,0.23
348195,0.15
348197,0.15
348200,0.02
348209,0.13
348216,0.02
348217,0.2
348223,0.21
348228,0.11
348230,0.11
348249,0.13
348251,0.17
348261,0.24
348264,0.08
348271,0.11
348273,0.19
348280,0.23
348283,0.2
348285,0.15
348306,0.18
348312,0.16
348327,0.1
348328,0.26
348344,0.21
348358,0.24
348361,0.06
348362,0.19
348364,0.09
348370,0.0
348380,0.11
348400,0.2
348420,0.21
348428,0.12
348430,0.01
348445,0.06
348460,0.2
348462,0.02
348465,0.16
348481,0.19
348482,0.03
348485,0.16
348491,0.2
348492,0.22
348522,0.35
348531,0.13
348536,0.05
348546,0.14
348547,0.09
348548,0.07
348551,0.11
348554,0.34
348564,0.07
348571,0.19
348577,0.23
348593,0.19
348595,0.23
348606,0.02
348621,0.21
348630,0.16
348633,0.24
348644,0.2
348646,0.05
348680,0.13
348692,0.16
348698,0.25
348703,0.19
348712,0.11
348726,0.15
348727,0.08
348731,0.01
348733,0.13
348747,0.16
348753,0.06
348756,0.07
348760,0.19
348771,0.11
348785,0.08
348789,0.28
348793,0.03
348797,0.13
348799,0.05
348811,0.1
348812,0.05
348818,0.07
348822,0.08
348833,0.04
348849,0.21
348875,0.06
348878,0.07
348879,0.21
348884,0.31
348887,0.13
348890,0.21
348901,0.06
348911,0.12
348936,0.03
348941,0.13
348949,0.08
348950,0.01
348952,0.07
348954,0.09
348971,0.11
348979,0.22
348985,0.25
348989,0.23
348999,0.17
349006,0.2
349013,0.21
349015,0.12
349024,0.07
349033,0.09
349047,0.01
349060,0.12
349065,0.11
349071,0.34
349081,0.16
349088,0.24
349093,0.12
349101,0.09
349107,0.19
349113,0.08
349123,0.07
349125,0.03
349129,0.11
349131,0.08
349132,0.12
349163,0.1
349168,0.16
349172,0.09
349187,0.04
349192,0.3
349193,0.14
349203,0.07
349227,0.14
349234,0.31
349248,0.09
349249,0.09
349254,0.06
349259,0.26
349265,0.23
349276,0.12
349281,0.08
349283,0.21
349288,0.14
349297,0.1
349299,0.17
349304,0.04
349306,0.06
349310,0.16
349314,0.05
349320,0.13
349326,0.09
349329,0.01
349337,0.12
349357,0.1
349363,0.09
349374,0.11
349375,0.29
349394,0.06
349399,0.11
349404,0.03
349419,0.14
349422,0.25
349425,0.23
349432,0.04
349433,0.23
349436,0.03
349437,0.02
349439,0.16
349484,0.09
349488,0.14
349490,0.06
349538,0.25
349541,0.12
349543,0.13
349552,0.15
349560,0.07
349565,0.22
349570,0.3
349586,0.1
349589,0.12
349592,0.16
349596,0.24
349598,0.21
349601,0.2
349608,0.21
349615,0.22
349645,0.13
349654,0.21
349671,0.04
349679,0.03
349693,0.2
349706,0.21
349707,0.09
349708,0.21
349719,0.12
349727,0.25
349730,0.2
349735,0.15
349744,0.2
349745,0.09
349760,0.14
349765,0.07
349778,0.22
349787,0.1
349802,0.18
349812,0.3
349815,0.07
349847,0.15
349854,0.09
349855,0.17
349872,0.02
349873,0.12
349874,0.04
349886,0.12
349887,0.16
349911,0.14
349916,0.03
349920,0.27
349921,0.04
349929,0.14
349931,0.13
349935,0.08
349939,0.06
349960,0.1
349967,0.09
349969,0.21
349971,0.17
349977,0.12
349979,0.07
349981,0.09
349982,0.26
349992,0.01
349994,0.07
350005,0.1
350006,0.0
350009,0.06
350017,0.01
350021,0.14
350023,0.12
350032,0.18
350033,0.15
350036,0.11
350037,0.23
350048,0.31
350052,0.16
350063,0.08
350077,0.07
350078,0.18
350086,0.21
350087,0.08
350107,0.08
350110,0.08
350114,0.16
350119,0.16
350139,0.08
350154,0.1
350174,0.23
350177,0.19
350190,0.31
350193,0.16
350203,0.08
350206,0.2
350210,0.14
350225,0.11
350242,0.06
350264,0.16
350273,0.04
350277,0.05
350283,0.12
350286,0.14
350288,0.15
350290,0.07
350293,0.04
350310,0.31
350327,0.29
350330,0.13
350334,0.2
350340,0.07
350342,0.13
350344,0.07
350370,0.14
350372,0.32
350376,0.14
350387,0.1
350389,0.13
350395,0.25
350397,0.17
350433,0.08
350436,0.18
350442,0.05
350445,0.11
350446,0.23
350457,0.22
350480,0.17
350481,0.06
350484,0.15
350494,0.16
350511,0.07
350529,0.08
350531,0.08
350535,0.09
350539,0.02
350543,0.14
350544,0.15
350550,0.13
350558,0.14
350569,0.14
350571,0.22
350577,0.1
350582,0.1
350585,0.16
350596,0.03
350598,0.1
350599,0.22
350602,0.06
350612,0.11
350621,0.2
350626,0.1
350628,0.06
350638,0.23
350646,0.17
350652,0.05
350665,0.11
350671,0.05
350677,0.21
350694,0.11
350697,0.14
350699,0.19
350703,0.08
350705,0.29
350708,0.03
350724,0.22
350731,0.06
350740,0.09
350745,0.15
350749,0.07
350754,0.2
350757,0.14
350764,0.05
350766,0.16
350779,0.13
350794,0.35
350805,0.15
350810,0.25
350817,0.09
350825,0.12
350829,0.08
350832,0.06
350841,0.08
350855,0.17
350862,0.03
350867,0.13
350871,0.04
350874,0.16
350891,0.11
350895,0.16
350898,0.17
350899,0.06
350902,0.11
350913,0.14
350916,0.12
350933,0.11
350944,0.1
350954,0.15
350959,0.16
350965,0.12
350969,0.13
350984,0.02
350997,0.03
350999,0.14
351002,0.18
351008,0.1
351014,0.2
351025,0.19
351026,0.04
351046,0.2
351048,0.14
351070,0.07
351073,0.11
351079,0.1
351085,0.18
351091,0.11
351094,0.17
351115,0.07
351117,0.17
351126,0.07
351142,0.04
351151,0.02
351171,0.12
351178,0.18
351186,0.09
351194,0.32
351201,0.06
351223,0.14
351225,0.34
351226,0.11
351227,0.12
351240,0.16
351243,0.11
351244,0.1
351245,0.1
351248,0.11
351252,0.1
351259,0.13
351265,0.15
351291,0.21
351292,0.11
351294,0.19
351298,0.04
351303,0.28
351311,0.09
351326,0.08
351331,0.15
351338,0.06
351339,0.04
351364,0.18
351380,0.11
351383,0.14
351385,0.07
351386,0.13
351389,0.2
351392,0.12
351393,0.1
351407,0.23
351419,0.03
351422,0.13
351423,0.15
351430,0.19
351446,0.06
351454,0.06
351458,0.04
351461,0.16
351489,0.18
351495,0.07
351520,0.18
351526,0.3
351535,0.01
351541,0.09
351567,0.07
351580,0.16
351581,0.39
351584,0.03
351587,0.13
351589,0.03
351593,0.18
351616,0.13
351619,0.11
351625,0.16
351626,0.08
351635,0.18
351641,0.02
351655,0.09
351658,0.21
351669,0.27
351670,0.16
351671,0.08
351680,0.03
351687,0.04
351699,0.09
351722,0.12
351725,0.21
351740,0.2
351747,0.05
351758,0.14
351771,0.12
351780,0.13
351786,0.17
351789,0.04
351796,0.25
351801,0.1
351814,0.15
351817,0.17
351819,0.24
351825,0.07
351830,0.21
351831,0.08
351834,0.18
351836,0.1
351837,0.13
351838,0.14
351839,0.23
351846,0.41
351863,0.14
351864,0.13
351880,0.17
351887,0.15
351891,0.05
351892,0.23
351898,0.17
351907,0.13
351916,0.06
351936,0.06
351937,0.11
351945,0.23
351957,0.11
351958,0.06
351962,0.07
351967,0.11
351970,0.1
351973,0.13
351978,0.05
351984,0.09
351989,0.2
351992,0.11
352015,0.17
352036,0.06
352043,0.07
352049,0.13
352053,0.1
352056,0.08
352058,0.08
352064,0.03
352065,0.04
352075,0.04
352092,0.05
352096,0.06
352097,0.08
352102,0.05
352103,0.11
352117,0.04
352119,0.1
352139,0.22
352145,0.03
352158,0.05
352198,0.26
352199,0.09
352200,0.11
352205,0.12
352241,0.15
352244,0.22
352258,0.21
352260,0.13
352266,0.15
352273,0.04
352283,0.11
352303,0.22
352304,0.11
352351,0.13
352353,0.08
352379,0.11
352389,0.29
352390,0.13
352391,0.09
352403,0.04
352407,0.02
352409,0.3
352421,0.06
352425,0.02
352447,0.18
352450,0.18
352451,0.17
352457,0.02
352468,0.28
352482,0.02
352495,0.02
352501,0.19
352506,0.26
352508,0.15
352522,0.23
352528,0.2
352539,0.18
352540,0.02
352551,0.21
352560,0.06
352561,0.21
352565,0.12
352566,0.15
352584,0.14
352592,0.16
352626,0.17
352650,0.12
352655,0.07
352668,0.33
352670,0.08
352685,0.23
352690,0.11
352692,0.13
352694,0.15
352700,0.09
352701,0.16
352708,0.12
352711,0.17
352734,0.11
352738,0.18
352742,0.13
352745,0.29
352746,0.03
352751,0.17
352762,0.15
352767,0.05
352768,0.18
352785,0.17
352788,0.13
352795,0.15
352814,0.15
352825,0.15
352827,0.15
352828,0.16
352830,0.17
352850,0.12
352890,0.07
352901,0.03
352907,0.11
352909,0.09
352913,0.03
352925,0.15
352927,0.16
352928,0.26
352938,0.18
352942,0.14
352943,0.35
352952,0.04
352958,0.16
352962,0.12
352967,0.12
352972,0.21
352988,0.15
352991,0.1
353002,0.06
353008,0.18
353011,0.14
353014,0.15
353018,0.12
353023,0.05
353029,0.08
353031,0.15
353035,0.21
353037,0.12
353042,0.1
353054,0.07
353078,0.1
353122,0.14
353123,0.05
353140,0.02
353145,0.13
353167,0.19
353177,0.12
353179,0.3
353185,0.03
353194,0.23
353195,0.14
353208,0.27
353210,0.09
353214,0.25
353215,0.22
353240,0.15
353241,0.22
353247,0.1
353259,0.12
353262,0.23
353264,0.12
353278,0.21
353279,0.12
353280,0.14
353287,0.29
353288,0.08
353290,0.16
353299,0.02
353314,0.17
353328,0.14
353340,0.1
353350,0.01
353352,0.03
353364,0.04
353371,0.1
353373,0.09
353374,0.11
353389,0.13
353395,0.22
353419,0.55
353427,0.18
353441,0.18
353454,0.09
353469,0.21
353475,0.27
353481,0.05
353483,0.18
353484,0.15
353488,0.1
353496,0.04
353504,0.12
353505,0.12
353509,0.18
353527,0.08
353574,0.08
353585,0.16
353595,0.15
353598,0.04
353602,0.16
353610,0.18
353618,0.08
353625,0.06
353626,0.22
353631,0.08
353635,0.02
353654,0.17
353682,0.16
353688,0.19
353695,0.19
353711,0.12
353724,0.15
353729,0.08
353732,0.05
353749,0.17
353750,0.11
353752,0.06
353761,0.11
353782,0.07
353784,0.03
353801,0.0
353809,0.11
353812,0.15
353814,0.01
353821,0.15
353832,0.1
353845,0.12
353860,0.15
353863,0.16
353867,0.15
353876,0.16
353905,0.12
353923,0.18
353934,0.06
353943,0.02
353945,0.17
353973,0.15
353995,0.02
354001,0.11
354003,0.23
354011,0.02
354020,0.18
354024,0.16
354027,0.01
354031,0.12
354036,0.16
354037,0.09
354039,0.1
354044,0.16
354058,0.02
354071,0.13
354080,0.13
354084,0.07
354085,0.03
354089,0.0
354099,0.11
354100,0.07
354104,0.09
354106,0.15
354107,0.18
354111,0.12
354114,0.3
354115,0.17
354122,0.17
354130,0.11
354139,0.15
354140,0.11
354145,0.17
354149,0.13
354167,0.1
354173,0.49
354176,0.1
354178,0.1
354182,0.06
354184,0.02
354186,0.22
354192,0.08
354209,0.06
354214,0.1
354218,0.24
354230,0.33
354251,0.11
354257,0.18
354264,0.19
354265,0.06
354267,0.17
354272,0.11
354273,0.22
354285,0.24
354298,0.17
354309,0.13
354312,0.19
354320,0.13
354322,0.12
354327,0.12
354333,0.15
354335,0.19
354344,0.18
354355,0.13
354358,0.12
354365,0.04
354368,0.11
354377,0.07
354386,0.09
354390,0.11
354394,0.05
354398,0.07
354402,0.12
354403,0.09
354406,0.28
354414,0.15
354421,0.14
354430,0.09
354445,0.15
354470,0.12
354479,0.04
354481,0.03
354483,0.21
354497,0.15
354511,0.05
354533,0.08
354549,0.27
354561,0.23
354570,0.11
354571,0.11
354577,0.06
354586,0.12
354598,0.17
354601,0.2
354602,0.14
354603,0.22
354606,0.12
354612,0.11
354613,0.13
354616,0.26
354624,0.1
354625,0.43
354636,0.06
354639,0.17
354640,0.06
354644,0.3
354650,0.05
354666,0.2
354673,0.18
354674,0.1
354677,0.09
354684,0.11
354694,0.22
354698,0.09
354708,0.12
354709,0.17
354720,0.02
354738,0.12
354740,0.13
354757,0.09
354768,0.07
354775,0.3
354776,0.14
354792,0.09
354803,0.17
354809,0.11
354817,0.1
354818,0.06
354830,0.06
354832,0.14
354838,0.12
354839,0.11
354851,0.1
354861,0.17
354865,0.11
354890,0.22
354893,0.22
354898,0.09
354900,0.05
354910,0.32
354913,0.11
354937,0.02
354942,0.04
354953,0.05
354956,0.08
354958,0.02
354960,0.15
354984,0.16
354993,0.15
355017,0.17
355025,0.16
355026,0.14
355041,0.18
355043,0.16
355048,0.12
355057,0.08
355071,0.22
355075,0.25
355081,0.15
355083,0.17
355090,0.06
355105,0.12
355107,0.03
355108,0.21
355109,0.13
355114,0.16
355117,0.2
355127,0.11
355148,0.11
355174,0.22
355180,0.12
355181,0.11
355184,0.2
355201,0.07
355207,0.03
355209,0.02
355217,0.16
355218,0.03
355237,0.28
355239,0.11
355241,0.15
355243,0.28
355250,0.19
355275,0.05
355282,0.13
355284,0.07
355287,0.14
355293,0.22
355296,0.17
355305,0.24
355312,0.08
355320,0.15
355327,0.08
355328,0.08
355333,0.13
355335,0.1
355336,0.16
355337,0.26
355338,0.16
355341,0.06
355355,0.13
355358,0.17
355360,0.24
355372,0.14
355382,0.15
355385,0.21
355393,0.26
355404,0.07
355408,0.17
355417,0.06
355418,0.11
355431,0.15
355434,0.15
355445,0.26
355502,0.07
355503,0.27
355511,0.15
355517,0.22
355519,0.2
355524,0.17
355536,0.1
355549,0.03
355550,0.19
355560,0.09
355569,0.11
355571,0.06
355572,0.08
355575,0.03
355578,0.24
355584,0.04
355588,0.1
355592,0.2
355604,0.04
355638,0.2
355646,0.15
355649,0.17
355656,0.0
355657,0.14
355666,0.16
355681,0.11
355697,0.04
355700,0.11
355701,0.09
355703,0.13
355704,0.18
355708,0.03
355736,0.2
355743,0.19
355769,0.04
355773,0.13
355781,0.12
355785,0.25
355786,0.26
355798,0.07
355817,0.24
355819,0.13
355826,0.17
355842,0.2
355846,0.15
355855,0.19
355870,0.07
355873,0.14
355874,0.37
355876,0.17
355877,0.15
355880,0.1
355920,0.04
355922,0.14
355930,0.02
355935,0.1
355942,0.27
355963,0.18
355971,0.12
355973,0.09
355980,0.1
355981,0.14
355984,0.14
355987,0.28
355996,0.19
355997,0.12
356013,0.08
356016,0.14
356025,0.14
356027,0.1
356035,0.01
356036,0.17
356038,0.14
356041,0.03
356057,0.08
356063,0.12
356077,0.12
356080,0.18
356086,0.02
356102,0.07
356106,0.09
356118,0.14
356140,0.03
356150,0.34
356153,0.1
356159,0.05
356163,0.2
356164,0.06
356168,0.17
356169,0.03
356170,0.14
356199,0.1
356211,0.04
356220,0.15
356246,0.09
356249,0.11
356255,0.2
356258,0.19
356262,0.14
356273,0.16
356279,0.2
356281,0.12
356308,0.27
356324,0.19
356327,0.15
356328,0.04
356331,0.16
356336,0.11
356345,0.22
356382,0.08
356395,0.15
356399,0.21
356400,0.16
356413,0.17
356414,0.1
356418,0.12
356427,0.06
356433,0.11
356439,0.06
356444,0.14
356475,0.01
356480,0.22
356482,0.25
356497,0.09
356512,0.15
356517,0.32
356536,0.17
356539,0.06
356551,0.11
356556,0.16
356558,0.24
356559,0.01
356563,0.07
356578,0.16
356583,0.22
356584,0.29
356592,0.07
356594,0.04
356596,0.03
356597,0.1
356598,0.25
356602,0.12
356609,0.08
356624,0.15
356626,0.12
356627,0.1
356641,0.15
356648,0.19
356649,0.06
356650,0.06
356651,0.16
356659,0.03
356676,0.2
356687,0.32
356689,0.13
356698,0.1
356726,0.15
356732,0.1
356741,0.49
356742,0.12
356746,0.02
356750,0.16
356754,0.19
356760,0.06
356762,0.13
356763,0.05
356777,0.16
356784,0.05
356795,0.19
356801,0.05
356802,0.12
356808,0.01
356813,0.25
356816,0.24
356818,0.27
356825,0.19
356828,0.08
356836,0.03
356854,0.1
356857,0.06
356865,0.11
356873,0.05
356879,0.08
356880,0.05
356885,0.19
356889,0.02
356903,0.13
356905,0.12
356913,0.16
356916,0.07
356939,0.23
356944,0.19
356952,0.14
356958,0.16
356963,0.12
356967,0.11
356970,0.19
356977,0.06
356980,0.11
356981,0.05
356983,0.17
356998,0.3
357005,0.04
357022,0.19
357032,0.13
357033,0.21
357035,0.08
357047,0.15
357054,0.15
357057,0.19
357069,0.09
357096,0.16
357102,0.26
357118,0.04
357124,0.13
357137,0.15
357138,0.29
357149,0.1
357151,0.04
357157,0.17
357158,0.14
357162,0.07
357163,0.12
357171,0.05
357175,0.12
357192,0.08
357200,0.24
357204,0.18
357206,0.1
357215,0.1
357221,0.1
357228,0.06
357247,0.1
357249,0.05
357268,0.09
357270,0.15
357279,0.05
357287,0.06
357293,0.05
357306,0.11
357308,0.21
357321,0.15
357326,0.38
357340,0.06
357342,0.15
357352,0.07
357361,0.14
357368,0.08
357370,0.09
357377,0.07
357382,0.02
357383,0.08
357384,0.06
357398,0.15
357415,0.04
357420,0.2
357439,0.13
357440,0.05
357458,0.01
357464,0.15
357467,0.01
357469,0.21
357472,0.2
357489,0.25
357504,0.12
357522,0.15
357527,0.08
357547,0.17
357550,0.08
357558,0.02
357559,0.08
357562,0.16
357572,0.11
357583,0.25
357585,0.23
357598,0.14
357607,0.05
357613,0.07
357627,0.12
357630,0.05
357631,0.25
357680,0.08
357694,0.16
357698,0.21
357699,0.11
357707,0.07
357732,0.09
357748,0.17
357755,0.11
357767,0.2
357786,0.18
357791,0.07
357799,0.08
357824,0.1
357830,0.09
357832,0.24
357840,0.16
357863,0.22
357865,0.05
357868,0.13
357869,0.07
357878,0.09
357886,0.11
357891,0.03
357897,0.14
357915,0.27
357927,0.13
357947,0.1
357958,0.05
357959,0.03
357976,0.19
357992,0.21
357995,0.05
357996,0.25
358020,0.22
358022,0.18
358023,0.17
358029,0.02
358040,0.18
358059,0.06
358071,0.13
358076,0.02
358095,0.1
358096,0.13
358104,0.01
358110,0.11
358122,0.18
358137,0.14
358147,0.08
358149,0.09
358155,0.2
358161,0.15
358163,0.22
358172,0.05
358178,0.14
358183,0.18
358186,0.17
358189,0.05
358198,0.07
358211,0.13
358219,0.17
358220,0.14
358225,0.15
358231,0.09
358233,0.1
358247,0.23
358258,0.12
358264,0.25
358271,0.19
358273,0.15
358275,0.06
358278,0.18
358287,0.11
358309,0.14
358327,0.15
358342,0.02
358348,0.14
358352,0.12
358373,0.14
358384,0.05
358394,0.05
358405,0.22
358409,0.05
358412,0.16
358424,0.22
358427,0.11
358434,0.25
358444,0.18
358448,0.16
358449,0.09
358458,0.1
358472,0.22
358483,0.11
358490,0.14
358503,0.02
358504,0.09
358505,0.08
358512,0.22
358513,0.17
358528,0.09
358532,0.16
358536,0.12
358538,0.04
358559,0.09
358590,0.2
358601,0.23
358627,0.04
358631,0.2
358632,0.18
358640,0.11
358649,0.17
358650,0.15
358653,0.13
358676,0.16
358679,0.14
358695,0.15
358703,0.16
358705,0.12
358710,0.12
358730,0.08
358731,0.09
358735,0.11
358744,0.2
358748,0.13
358750,0.09
358752,0.01
358764,0.22
358777,0.11
358786,0.2
358789,0.15
358805,0.18
358809,0.11
358810,0.15
358824,0.04
358829,0.15
358838,0.14
358840,0.18
358841,0.13
358854,0.13
358873,0.46
358879,0.1
358884,0.16
358885,0.1
358886,0.18
358892,0.12
358895,0.16
358906,0.14
358910,0.1
358911,0.1
358924,0.25
358929,0.09
358937,0.22
358949,0.23
358955,0.12
358956,0.18
358959,0.11
358960,0.17
358969,0.1
358983,0.04
358990,0.09
358992,0.06
358994,0.07
359004,0.04
359015,0.06
359023,0.18
359030,0.09
359032,0.25
359038,0.12
359044,0.18
359049,0.18
359050,0.05
359064,0.05
359095,0.04
359100,0.27
359105,0.09
359116,0.32
359134,0.05
359136,0.19
359143,0.04
359147,0.04
359175,0.13
359182,0.14
359188,0.03
359196,0.02
359198,0.09
359202,0.06
359212,0.12
359229,0.18
359232,0.08
359247,0.11
359258,0.17
359260,0.15
359261,0.22
359262,0.27
359268,0.1
359285,0.11
359293,0.1
359294,0.08
359297,0.17
359299,0.16
359311,0.11
359319,0.08
359320,0.05
359322,0.14
359353,0.08
359355,0.12
359360,0.12
359367,0.23
359369,0.05
359372,0.15
359377,0.15
359381,0.13
359382,0.19
359387,0.2
359389,0.05
359392,0.19
359437,0.29
359438,0.11
359440,0.14
359442,0.11
359455,0.1
359474,0.19
359475,0.17
359480,0.3
359485,0.21
359493,0.02
359497,0.14
359505,0.03
359506,0.19
359516,0.09
359518,0.02
359523,0.18
359547,0.2
359548,0.11
359556,0.13
359577,0.08
359580,0.36
359588,0.14
359590,0.11
359592,0.13
359599,0.17
359609,0.09
359611,0.17
359619,0.1
359623,0.16
359654,0.09
359666,0.22
359669,0.11
359672,0.03
359673,0.41
359677,0.1
359685,0.1
359690,0.13
359697,0.15
359702,0.1
359707,0.16
359711,0.18
359719,0.18
359722,0.14
359726,0.24
359730,0.22
359731,0.15
359741,0.38
359743,0.24
359748,0.13
359753,0.03
359758,0.38
359773,0.14
359780,0.11
359785,0.09
359800,0.11
359806,0.19
359809,0.12
359822,0.15
359828,0.14
359847,0.08
359855,0.13
359858,0.09
359864,0.1
359884,0.11
359886,0.17
359898,0.3
359908,0.18
359921,0.21
359945,0.07
359958,0.01
359964,0.23
359980,0.11
359992,0.15
359994,0.09
360001,0.1
360004,0.17
360009,0.24
360020,0.12
360049,0.34
360058,0.13
360063,0.08
360064,0.19
360074,0.05
360095,0.06
360098,0.14
360099,0.12
360100,0.03
360103,0.08
360106,0.01
360107,0.13
360124,0.2
360126,0.04
360138,0.1
360140,0.18
360141,0.15
360149,0.18
360152,0.2
360165,0.05
360171,0.12
360176,0.26
360183,0.13
360186,0.11
360189,0.22
360191,0.19
360199,0.35
360204,0.06
360205,0.12
360217,0.17
360225,0.13
360231,0.11
360238,0.02
360248,0.36
360249,0.2
360254,0.17
360256,0.17
360257,0.12
360258,0.14
360277,0.18
360279,0.2
360280,0.21
360281,0.13
360283,0.1
360290,0.1
360312,0.14
360316,0.07
360320,0.13
360324,0.23
360333,0.13
360339,0.07
360347,0.12
360359,0.35
360360,0.24
360367,0.27
360372,0.05
360382,0.12
360386,0.09
360400,0.1
360411,0.18
360412,0.19
360415,0.2
360419,0.12
360421,0.06
360427,0.13
360429,0.21
360438,0.07
360439,0.01
360445,0.23
360454,0.2
360458,0.11
360467,0.06
360469,0.08
360471,0.12
360472,0.04
360475,0.16
360478,0.16
360479,0.0
360480,0.06
360484,0.1
360496,0.06
360504,0.05
360517,0.17
360518,0.18
360526,0.07
360530,0.2
360535,0.22
360538,0.11
360539,0.12
360545,0.13
360569,0.08
360579,0.13
360580,0.03
360611,0.13
360612,0.02
360626,0.03
360628,0.12
360631,0.09
360633,0.08
360640,0.05
360643,0.21
360645,0.04
360663,0.08
360666,0.16
360678,0.07
360683,0.24
360707,0.16
360715,0.14
360723,0.19
360727,0.18
360733,0.29
360746,0.07
360759,0.07
360767,0.1
360769,0.1
360770,0.05
360779,0.1
360791,0.12
360792,0.12
360801,0.24
360812,0.17
360814,0.04
360828,0.03
360830,0.29
360837,0.05
360838,0.15
360844,0.11
360860,0.0
360864,0.1
360871,0.04
360872,0.15
360877,0.18
360880,0.04
360881,0.09
360882,0.06
360884,0.01
360885,0.13
360889,0.23
360893,0.12
360898,0.16
360933,0.28
360941,0.13
360942,0.14
360943,0.04
360960,0.09
360973,0.18
360979,0.13
360987,0.13
360988,0.04
360999,0.14
361001,0.12
361005,0.13
361007,0.2
361024,0.08
361028,0.17
361051,0.11
361072,0.08
361086,0.13
361093,0.27
361098,0.04
361124,0.05
361130,0.12
361132,0.2
361133,0.05
361135,0.1
361148,0.2
361150,0.07
361152,0.08
361154,0.12
361158,0.07
361171,0.17
361175,0.12
361177,0.08
361195,0.11
361200,0.06
361203,0.22
361205,0.17
361214,0.11
361217,0.14
361226,0.04
361232,0.13
361236,0.08
361249,0.11
361251,0.23
361252,0.12
361284,0.19
361289,0.17
361297,0.12
361304,0.13
361311,0.15
361334,0.14
361339,0.1
361340,0.09
361348,0.11
361352,0.09
361354,0.15
361355,0.08
361370,0.08
361390,0.14
361392,0.1
361397,0.2
361402,0.13
361405,0.11
361406,0.03
361426,0.04
361431,0.11
361440,0.02
361451,0.19
361469,0.23
361473,0.17
361497,0.13
361511,0.06
361515,0.02
361525,0.12
361540,0.19
361557,0.11
361560,0.19
361565,0.11
361569,0.1
361570,0.08
361578,0.08
361580,0.22
361585,0.07
361589,0.1
361591,0.05
361599,0.17
361603,0.11
361605,0.18
361606,0.26
361615,0.15
361622,0.07
361627,0.05
361632,0.1
361636,0.07
361637,0.11
361638,0.18
361639,0.08
361651,0.13
361662,0.3
361684,0.17
361693,0.22
361697,0.15
361710,0.08
361713,0.12
361729,0.16
361785,0.06
361796,0.29
361805,0.18
361811,0.13
361812,0.17
361819,0.22
361828,0.07
361833,0.15
361836,0.15
361839,0.13
361855,0.08
361866,0.2
361870,0.11
361873,0.15
361885,0.19
361896,0.15
361913,0.15
361919,0.08
361932,0.17
361933,0.09
361935,0.2
361939,0.08
361946,0.12
361947,0.1
361949,0.18
361951,0.11
361962,0.13
361972,0.16
361975,0.11
361989,0.04
362004,0.08
362012,0.07
362014,0.14
362016,0.24
362028,0.05
362033,0.08
362034,0.11
362038,0.06
362052,0.13
362061,0.09
362063,0.11
362070,0.11
362072,0.16
362075,0.13
362079,0.12
362086,0.15
362091,0.28
362094,0.18
362101,0.02
362112,0.05
362115,0.31
362117,0.05
362121,0.32
362128,0.1
362130,0.08
362135,0.07
362142,0.12
362146,0.12
362149,0.2
362157,0.1
362165,0.08
362166,0.09
362167,0.11
362173,0.08
362187,0.14
362197,0.14
362206,0.27
362207,0.17
362210,0.13
362216,0.18
362219,0.18
362221,0.18
362224,0.07
362228,0.11
362236,0.05
362242,0.16
362251,0.2
362252,0.08
362257,0.19
362284,0.1
362286,0.15
362298,0.14
362300,0.19
362306,0.11
362308,0.17
362315,0.07
362318,0.2
362322,0.12
362332,0.14
362338,0.18
362341,0.31
362347,0.2
362348,0.15
362361,0.27
362365,0.13
362369,0.21
362373,0.09
362376,0.19
362384,0.16
362386,0.11
362387,0.06
362389,0.06
362393,0.12
362412,0.06
362420,0.08
362426,0.12
362432,0.1
362445,0.31
362450,0.09
362452,0.12
362465,0.07
362468,0.16
362474,0.04
362484,0.09
362487,0.22
362512,0.25
362530,0.08
362531,0.14
362552,0.08
362555,0.12
362556,0.16
362563,0.15
362572,0.09
362579,0.12
362580,0.19
362597,0.16
362635,0.02
362637,0.13
362641,0.18
362652,0.21
362657,0.14
362660,0.02
362661,0.05
362671,0.01
362675,0.11
362680,0.06
362682,0.04
362685,0.12
362697,0.07
362700,0.27
362702,0.14
362705,0.15
362707,0.14
362710,0.15
362711,0.22
362718,0.09
362723,0.05
362730,0.11
362742,0.13
362781,0.07
362789,0.22
362790,0.09
362795,0.11
362799,0.15
362800,0.09
362803,0.08
362808,0.09
362814,0.05
362820,0.07
362826,0.12
362831,0.14
362833,0.07
362839,0.2
362852,0.23
362872,0.11
362882,0.21
362885,0.12
362889,0.08
362890,0.1
362891,0.16
362900,0.08
362907,0.06
362908,0.07
362953,0.1
362967,0.14
362982,0.13
363015,0.12
363027,0.07
363035,0.04
363039,0.22
363045,0.14
363048,0.16
363057,0.29
363059,0.15
363063,0.06
363080,0.11
363082,0.17
363090,0.2
363094,0.19
363106,0.15
363114,0.33
363118,0.34
363121,0.09
363128,0.14
363136,0.07
363141,0.05
363142,0.07
363147,0.11
363151,0.16
363153,0.15
363158,0.09
363171,0.14
363174,0.12
363180,0.02
363187,0.11
363191,0.15
363192,0.11
363196,0.11
363199,0.12
363209,0.19
363210,0.26
363212,0.21
363227,0.19
363231,0.14
363232,0.02
363243,0.14
363253,0.08
363285,0.05
363299,0.14
363310,0.13
363311,0.12
363316,0.18
363322,0.38
363329,0.03
363331,0.17
363334,0.1
363339,0.01
363340,0.32
363341,0.11
363343,0.2
363347,0.06
363350,0.04
363377,0.2
363379,0.08
363382,0.06
363386,0.14
363387,0.06
363388,0.08
363391,0.05
363394,0.06
363397,0.09
363405,0.05
363422,0.05
363427,0.12
363455,0.1
363467,0.09
363493,0.16
363508,0.14
363514,0.25
363525,0.32
363530,0.18
363531,0.12
363538,0.18
363539,0.07
363542,0.23
363543,0.13
363551,0.31
363568,0.15
363576,0.12
363580,0.09
363582,0.07
363598,0.1
363601,0.08
363611,0.13
363612,0.06
363618,0.1
363623,0.14
363624,0.17
363642,0.09
363645,0.29
363651,0.33
363657,0.1
363663,0.18
363667,0.01
363687,0.16
363704,0.07
363705,0.15
363717,0.1
363725,0.13
363728,0.05
363733,0.11
363744,0.14
363745,0.01
363756,0.1
363759,0.1
363760,0.11
363762,0.07
363768,0.16
363777,0.18
363782,0.05
363785,0.13
363797,0.1
363815,0.07
363822,0.09
363834,0.14
363842,0.24
363845,0.39
363846,0.12
363849,0.05
363850,0.1
363853,0.11
363859,0.05
363860,0.1
363877,0.11
363881,0.11
363893,0.03
363902,0.25
363903,0.13
363916,0.17
363924,0.17
363940,0.24
363944,0.15
363955,0.22
363960,0.02
363984,0.15
363990,0.09
364009,0.1
364014,0.21
364035,0.07
364043,0.05
364065,0.1
364067,0.12
364068,0.07
364072,0.22
364079,0.19
364094,0.15
364096,0.02
364105,0.17
364109,0.03
364122,0.11
364141,0.07
364146,0.13
364147,0.07
364151,0.17
364152,0.02
364156,0.1
364160,0.18
364171,0.13
364183,0.09
364199,0.13
364206,0.1
364220,0.2
364222,0.1
364224,0.15
364232,0.19
364248,0.08
364251,0.15
364274,0.12
364286,0.09
364289,0.15
364290,0.06
364291,0.14
364292,0.06
364308,0.17
364310,0.21
364311,0.09
364312,0.28
364314,0.2
364337,0.21
364339,0.08
364357,0.29
364359,0.11
364371,0.19
364374,0.15
364378,0.09
364382,0.16
364397,0.02
364401,0.15
364403,0.06
364411,0.12
364413,0.2
364414,0.09
364415,0.18
364418,0.1
364428,0.03
364430,0.05
364436,0.18
364451,0.1
364457,0.15
364461,0.27
364471,0.19
364472,0.09
364481,0.33
364482,0.07
364484,0.35
364492,0.23
364494,0.04
364507,0.09
364508,0.11
364537,0.07
364538,0.16
364539,0.28
364547,0.19
364561,0.13
364586,0.07
364603,0.05
364622,0.13
364660,0.07
364662,0.11
364669,0.22
364698,0.13
364699,0.05
364700,0.1
364702,0.13
364710,0.26
364714,0.05
364731,0.16
364738,0.1
364739,0.04
364743,0.22
364762,0.1
364767,0.13
364775,0.01
364781,0.21
364783,0.1
364796,0.02
364810,0.24
364815,0.26
364823,0.06
364826,0.05
364837,0.14
364839,0.25
364844,0.07
364851,0.26
364853,0.12
364854,0.11
364858,0.05
364872,0.19
364875,0.11
364877,0.2
364878,0.1
364884,0.16
364907,0.17
364911,0.05
364916,0.15
364920,0.06
364927,0.08
364944,0.15
364948,0.21
364950,0.21
364953,0.01
364955,0.14
364959,0.03
364966,0.18
364971,0.04
364979,0.19
364980,0.2
364982,0.28
364984,0.13
364993,0.09
365001,0.06
365030,0.05
365035,0.21
365044,0.03
365046,0.06
365050,0.06
365051,0.18
365054,0.21
365055,0.03
365064,0.2
365069,0.19
365092,0.04
365102,0.15
365109,0.18
365110,0.07
365117,0.09
365120,0.14
365128,0.14
365131,0.18
365136,0.06
365151,0.13
365153,0.19
365154,0.06
365160,0.06
365166,0.1
365171,0.07
365181,0.22
365194,0.22
365210,0.15
365221,0.13
365234,0.16
365252,0.14
365254,0.14
365264,0.08
365276,0.2
365282,0.12
365284,0.08
365290,0.09
365317,0.16
365329,0.17
365353,0.07
365356,0.17
365358,0.19
365374,0.18
365392,0.16
365396,0.11
365408,0.11
365412,0.02
365429,0.09
365431,0.19
365435,0.05
365439,0.11
365473,0.13
365476,0.12
365486,0.11
365497,0.05
365518,0.12
365519,0.1
365520,0.27
365523,0.14
365531,0.07
365532,0.15
365534,0.16
365544,0.17
365552,0.18
365564,0.12
365569,0.07
365570,0.17
365575,0.28
365576,0.09
365585,0.28
365595,0.04
365612,0.12
365613,0.24
365624,0.11
365631,0.14
365634,0.14
365643,0.1
365644,0.17
365663,0.13
365666,0.18
365672,0.07
365676,0.2
365680,0.1
365696,0.15
365699,0.14
365706,0.05
365707,0.07
365711,0.02
365716,0.11
365717,0.11
365718,0.1
365757,0.18
365770,0.04
365776,0.16
365781,0.17
365784,0.17
365787,0.08
365805,0.19
365820,0.07
365831,0.16
365836,0.21
365837,0.18
365859,0.38
365861,0.01
365863,0.23
365872,0.02
365877,0.07
365882,0.15
365893,0.17
365894,0.08
365900,0.05
365910,0.04
365913,0.14
365916,0.25
365923,0.12
365946,0.28
365948,0.13
365951,0.02
365965,0.18
365966,0.16
365975,0.09
365979,0.39
365989,0.18
365991,0.37
365992,0.11
366001,0.16
366010,0.16
366013,0.21
366028,0.09
366036,0.16
366038,0.07
366044,0.02
366048,0.17
366060,0.1
366067,0.21
366071,0.2
366078,0.15
366081,0.04
366082,0.13
366093,0.13
366099,0.12
366103,0.05
366105,0.17
366111,0.22
366112,0.16
366125,0.08
366144,0.15
366147,0.2
366149,0.32
366166,0.09
366168,0.25
366173,0.06
366178,0.11
366180,0.16
366209,0.09
366213,0.16
366214,0.17
366215,0.15
366220,0.05
366226,0.09
366230,0.34
366236,0.21
366245,0.16
366282,0.17
366286,0.05
366295,0.17
366296,0.09
366297,0.17
366300,0.04
366303,0.04
366307,0.26
366314,0.19
366320,0.18
366321,0.08
366327,0.05
366330,0.18
366332,0.19
366334,0.04
366341,0.14
366363,0.15
366367,0.12
366369,0.22
366382,0.08
366394,0.19
366396,0.06
366398,0.31
366406,0.26
366414,0.05
366417,0.13
366419,0.1
366422,0.1
366436,0.12
366442,0.26
366451,0.18
366455,0.09
366458,0.11
366460,0.08
366466,0.19
366473,0.13
366502,0.2
366505,0.23
366526,0.11
366530,0.36
366532,0.03
366539,0.05
366541,0.22
366542,0.15
366553,0.07
366571,0.07
366582,0.06
366583,0.18
366589,0.25
366595,0.19
366606,0.11
366611,0.16
366613,0.11
366615,0.18
366616,0.21
366624,0.15
366632,0.08
366649,0.19
366650,0.08
366657,0.14
366664,0.11
366666,0.13
366674,0.23
366676,0.15
366677,0.16
366688,0.13
366689,0.23
366693,0.08
366696,0.12
366698,0.09
366700,0.1
366703,0.28
366709,0.14
366711,0.08
366725,0.17
366741,0.0
366742,0.08
366747,0.06
366750,0.07
366754,0.13
366762,0.09
366774,0.09
366781,0.07
366784,0.09
366789,0.1
366790,0.21
366797,0.14
366806,0.08
366820,0.05
366845,0.21
366858,0.12
366860,0.08
366874,0.06
366876,0.14
366879,0.13
366884,0.1
366886,0.14
366905,0.16
366908,0.16
366909,0.23
366917,0.07
366921,0.18
366927,0.1
366936,0.11
366952,0.23
366962,0.22
366964,0.22
366965,0.16
366981,0.11
366988,0.11
366992,0.13
366998,0.25
366999,0.08
367017,0.03
367023,0.24
367024,0.12
367025,0.25
367037,0.04
367040,0.18
367043,0.1
367052,0.2
367056,0.06
367064,0.15
367075,0.08
367089,0.19
367098,0.08
367119,0.1
367124,0.17
367134,0.28
367136,0.18
367138,0.1
367153,0.07
367158,0.09
367169,0.1
367179,0.12
367180,0.03
367212,0.09
367216,0.35
367217,0.07
367220,0.11
367224,0.2
367241,0.18
367245,0.15
367256,0.23
367266,0.04
367283,0.1
367290,0.04
367295,0.01
367310,0.09
367315,0.28
367322,0.25
367332,0.02
367338,0.22
367347,0.2
367381,0.14
367383,0.1
367386,0.09
367392,0.03
367399,0.22
367411,0.17
367414,0.05
367436,0.06
367439,0.12
367440,0.18
367465,0.23
367466,0.25
367478,0.22
367479,0.08
367481,0.11
367505,0.11
367515,0.09
367516,0.06
367526,0.15
367527,0.08
367533,0.24
367535,0.12
367545,0.18
367546,0.06
367547,0.07
367555,0.14
367557,0.01
367558,0.14
367573,0.05
367580,0.29
367581,0.08
367582,0.15
367588,0.08
367601,0.03
367617,0.23
367624,0.18
367626,0.15
367632,0.05
367651,0.1
367663,0.03
367674,0.06
367677,0.28
367678,0.04
367691,0.06
367698,0.14
367710,0.24
367712,0.15
367727,0.23
367739,0.25
367740,0.06
367746,0.07
367759,0.11
367770,0.26
367780,0.06
367783,0.22
367787,0.12
367791,0.3
367797,0.07
367799,0.11
367811,0.01
367817,0.04
367827,0.09
367829,0.17
367830,0.21
367837,0.21
367843,0.14
367847,0.07
367849,0.21
367854,0.08
367855,0.08
367862,0.05
367863,0.12
367868,0.11
367873,0.22
367879,0.08
367889,0.18
367890,0.24
367892,0.07
367893,0.04
367895,0.17
367896,0.12
367898,0.09
367903,0.06
367906,0.13
367919,0.15
367927,0.07
367931,0.18
367935,0.09
367945,0.06
367947,0.24
367952,0.11
367958,0.12
367971,0.09
367975,0.27
367983,0.27
367994,0.14
367998,0.04
367999,0.13
368005,0.11
368029,0.23
368034,0.09
368036,0.15
368041,0.04
368064,0.04
368066,0.14
368079,0.07
368082,0.2
368090,0.11
368092,0.14
368097,0.16
368107,0.15
368127,0.15
368129,0.22
368134,0.22
368150,0.18
368166,0.24
368172,0.05
368179,0.07
368185,0.23
368193,0.13
368207,0.1
368251,0.1
368253,0.13
368256,0.19
368257,0.13
368263,0.09
368271,0.24
368273,0.09
368279,0.08
368281,0.31
368282,0.22
368288,0.17
368303,0.03
368315,0.14
368323,0.01
368324,0.04
368326,0.04
368334,0.1
368337,0.08
368351,0.14
368353,0.3
368358,0.18
368389,0.16
368392,0.22
368393,0.13
368415,0.17
368424,0.13
368436,0.1
368448,0.05
368456,0.03
368457,0.06
368465,0.13
368484,0.17
368485,0.19
368487,0.19
368489,0.08
368493,0.07
368509,0.1
368513,0.18
368523,0.23
368530,0.09
368539,0.2
368543,0.24
368544,0.08
368557,0.17
368561,0.07
368577,0.22
368579,0.07
368580,0.19
368583,0.18
368589,0.03
368594,0.15
368598,0.07
368621,0.1
368622,0.2
368627,0.1
368628,0.11
368633,0.25
368638,0.18
368645,0.17
368646,0.34
368652,0.16
368659,0.22
368672,0.11
368679,0.08
368683,0.24
368697,0.06
368702,0.26
368707,0.13
368715,0.34
368740,0.1
368754,0.13
368765,0.16
368770,0.19
368777,0.24
368780,0.27
368782,0.23
368784,0.31
368790,0.18
368792,0.15
368793,0.11
368811,0.0
368816,0.11
368819,0.16
368843,0.04
368853,0.1
368857,0.22
368858,0.25
368887,0.09
368898,0.22
368909,0.15
368919,0.1
368930,0.1
368944,0.18
368949,0.13
368953,0.19
368956,0.15
368959,0.17
368968,0.09
368971,0.06
368974,0.06
368975,0.11
368983,0.05
368991,0.12
368994,0.09
369001,0.23
369004,0.16
369016,0.0
369030,0.03
369047,0.02
369055,0.21
369067,0.16
369068,0.15
369096,0.1
369103,0.08
369105,0.17
369107,0.23
369109,0.14
369130,0.08
369133,0.01
369144,0.07
369150,0.16
369152,0.09
369156,0.14
369180,0.17
369183,0.12
369184,0.34
369186,0.22
369187,0.02
369200,0.06
369201,0.15
369220,0.17
369223,0.0
369233,0.06
369240,0.15
369254,0.04
369264,0.2
369266,0.13
369272,0.12
369283,0.09
369295,0.08
369300,0.05
369302,0.12
369305,0.09
369322,0.07
369334,0.17
369350,0.11
369355,0.16
369361,0.13
369367,0.11
369371,0.13
369373,0.06
369375,0.12
369385,0.17
369394,0.13
369398,0.06
369408,0.04
369413,0.24
369419,0.14
369424,0.25
369439,0.07
369466,0.2
369482,0.06
369494,0.04
369504,0.03
369512,0.24
369528,0.09
369531,0.16
369540,0.1
369547,0.1
369565,0.05
369569,0.11
369581,0.06
369583,0.19
369593,0.11
369601,0.21
369608,0.06
369612,0.27
369615,0.13
369621,0.11
369636,0.09
369648,0.15
369649,0.4
369651,0.05
369659,0.05
369666,0.01
369684,0.19
369686,0.21
369698,0.18
369701,0.18
369712,0.04
369717,0.08
369722,0.14
369732,0.36
369740,0.28
369751,0.12
369755,0.08
369757,0.21
369761,0.19
369767,0.11
369782,0.05
369788,0.09
369790,0.12
369791,0.0
369792,0.12
369803,0.09
369812,0.01
369813,0.23
369827,0.04
369835,0.1
369838,0.06
369839,0.07
369843,0.05
369846,0.16
369860,0.02
369870,0.18
369871,0.31
369872,0.06
369884,0.13
369893,0.12
369901,0.08
369904,0.17
369908,0.19
369910,0.13
369911,0.09
369919,0.06
369920,0.12
369921,0.06
369931,0.32
369935,0.08
369936,0.08
369948,0.14
369953,0.11
369955,0.12
369961,0.14
369964,0.1
369967,0.08
369971,0.23
369983,0.18
369993,0.23
369995,0.19
370012,0.14
370022,0.11
370023,0.16
370027,0.03
370030,0.06
370033,0.25
370037,0.18
370051,0.11
370055,0.12
370077,0.07
370088,0.15
370091,0.08
370114,0.09
370117,0.27
370120,0.32
370122,0.08
370128,0.15
370135,0.09
370144,0.17
370146,0.28
370148,0.0
370150,0.06
370155,0.08
370164,0.04
370179,0.06
370188,0.12
370190,0.03
370199,0.09
370203,0.21
370213,0.14
370216,0.11
370219,0.02
370220,0.31
370224,0.14
370230,0.14
370254,0.16
370255,0.16
370265,0.29
370273,0.05
370288,0.12
370295,0.17
370297,0.1
370319,0.18
370323,0.05
370329,0.18
370330,0.11
370333,0.25
370346,0.18
370354,0.23
370355,0.12
370358,0.22
370362,0.03
370373,0.07
370376,0.02
370379,0.06
370380,0.12
370386,0.02
370392,0.14
370411,0.07
370416,0.11
370432,0.2
370439,0.1
370440,0.07
370445,0.1
370446,0.11
370455,0.17
370473,0.1
370474,0.05
370475,0.08
370482,0.31
370489,0.04
370512,0.01
370518,0.15
370522,0.06
370533,0.07
370538,0.12
370551,0.1
370552,0.1
370556,0.12
370566,0.21
370568,0.16
370573,0.12
370575,0.08
370578,0.1
370582,0.1
370596,0.2
370597,0.13
370599,0.13
370602,0.08
370609,0.17
370632,0.13
370634,0.21
370646,0.07
370666,0.33
370670,0.1
370672,0.02
370675,0.14
370676,0.29
370682,0.09
370685,0.14
370697,0.17
370699,0.07
370701,0.1
370711,0.31
370719,0.19
370728,0.18
370731,0.17
370735,0.15
370749,0.23
370753,0.14
370757,0.15
370763,0.2
370770,0.08
370779,0.12
370794,0.08
370805,0.06
370806,0.14
370808,0.02
370814,0.05
370827,0.24
370833,0.11
370844,0.15
370845,0.09
370850,0.22
370853,0.12
370856,0.09
370858,0.19
370862,0.12
370866,0.28
370874,0.18
370876,0.04
370878,0.27
370881,0.19
370882,0.25
370884,0.18
370887,0.1
370904,0.21
370905,0.16
370913,0.16
370915,0.16
370921,0.12
370922,0.17
370932,0.15
370939,0.17
370953,0.16
370964,0.08
370968,0.17
370969,0.23
370972,0.09
370978,0.06
371000,0.16
371001,0.15
371013,0.04
371053,0.09
371059,0.16
371060,0.14
371065,0.16
371069,0.04
371073,0.15
371084,0.23
371085,0.1
371088,0.12
371099,0.11
371115,0.1
371118,0.26
371127,0.17
371132,0.17
371136,0.13
371139,0.19
371152,0.18
371161,0.08
371162,0.27
371174,0.14
371176,0.14
371182,0.09
371185,0.07
371193,0.14
371197,0.11
371198,0.1
371202,0.04
371207,0.16
371211,0.27
371242,0.04
371243,0.1
371244,0.12
371255,0.17
371258,0.02
371259,0.15
371265,0.06
371274,0.06
371275,0.17
371288,0.1
371291,0.29
371295,0.25
371314,0.1
371322,0.13
371323,0.11
371328,0.22
371332,0.06
371333,0.15
371335,0.05
371342,0.09
371350,0.12
371357,0.18
371365,0.1
371383,0.16
371384,0.05
371385,0.1
371393,0.17
371394,0.12
371397,0.11
371417,0.12
371431,0.18
371433,0.23
371437,0.09
371439,0.3
371445,0.11
371452,0.2
371457,0.17
371469,0.14
371470,0.09
371477,0.15
371500,0.12
371504,0.28
371508,0.05
371514,0.05
371518,0.14
371520,0.24
371521,0.14
371522,0.04
371525,0.11
371530,0.08
371532,0.03
371548,0.15
371561,0.02
371566,0.21
371568,0.14
371571,0.06
371573,0.08
371577,0.15
371587,0.29
371592,0.17
371593,0.2
371595,0.13
371603,0.15
371614,0.11
371616,0.13
371619,0.15
371627,0.36
371641,0.14
371657,0.12
371664,0.1
371693,0.18
371698,0.02
371700,0.08
371707,0.05
371710,0.1
371715,0.22
371722,0.1
371731,0.09
371741,0.11
371744,0.13
371753,0.08
371755,0.0
371760,0.07
371773,0.17
371797,0.08
371807,0.21
371809,0.2
371811,0.08
371815,0.14
371822,0.16
371824,0.26
371828,0.11
371835,0.02
371837,0.09
371840,0.28
371849,0.07
371857,0.03
371860,0.23
371862,0.07
371875,0.05
371896,0.27
371898,0.18
371901,0.27
371903,0.13
371908,0.12
371910,0.24
371944,0.07
371947,0.04
371955,0.11
371963,0.14
371972,0.13
371973,0.14
371978,0.1
371980,0.06
371988,0.09
372020,0.09
372043,0.09
372060,0.11
372070,0.17
372082,0.14
372085,0.16
372090,0.11
372091,0.41
372112,0.05
372115,0.1
372132,0.04
372134,0.36
372136,0.1
372142,0.14
372145,0.18
372146,0.2
372159,0.12
372172,0.08
372179,0.17
372183,0.07
372184,0.03
372192,0.02
372234,0.12
372239,0.25
372244,0.07
372268,0.21
372287,0.07
372289,0.17
372292,0.12
372301,0.1
372315,0.17
372316,0.29
372328,0.16
372337,0.01
372347,0.37
372350,0.24
372381,0.08
372382,0.17
372384,0.08
372393,0.09
372398,0.19
372399,0.18
372400,0.09
372402,0.15
372410,0.17
372415,0.19
372425,0.13
372428,0.09
372430,0.08
372431,0.08
372449,0.09
372452,0.01
372453,0.0
372460,0.08
372463,0.39
372471,0.13
372484,0.25
372486,0.14
372489,0.12
372506,0.15
372513,0.16
372527,0.28
372568,0.24
372596,0.08
372606,0.08
372617,0.11
372618,0.09
372622,0.05
372624,0.14
372633,0.06
372637,0.11
372643,0.04
372644,0.09
372656,0.2
372662,0.03
372664,0.05
372666,0.21
372672,0.15
372674,0.21
372693,0.16
372704,0.11
372719,0.09
372727,0.19
372740,0.17
372745,0.11
372753,0.17
372762,0.05
372764,0.23
372771,0.13
372772,0.14
372789,0.1
372793,0.17
372799,0.11
372806,0.28
372809,0.21
372829,0.23
372848,0.13
372850,0.12
372853,0.11
372854,0.1
372858,0.2
372861,0.13
372863,0.2
372876,0.12
372878,0.08
372893,0.23
372894,0.14
372911,0.19
372912,0.13
372924,0.15
372942,0.08
372946,0.21
372955,0.07
372956,0.21
372957,0.06
372984,0.1
372993,0.16
372995,0.34
372997,0.14
373014,0.24
373018,0.2
373022,0.03
373023,0.07
373029,0.13
373063,0.09
373071,0.21
373075,0.21
373088,0.13
373089,0.08
373098,0.23
373101,0.21
373112,0.06
373114,0.1
373118,0.19
373120,0.33
373121,0.14
373122,0.07
373138,0.21
373145,0.18
373153,0.15
373154,0.23
373155,0.06
373159,0.19
373167,0.08
373190,0.17
373195,0.16
373202,0.06
373205,0.11
373209,0.07
373215,0.14
373222,0.16
373239,0.06
373240,0.19
373247,0.05
373251,0.08
373260,0.04
373284,0.12
373286,0.04
373292,0.12
373297,0.07
373299,0.22
373305,0.22
373307,0.22
373323,0.07
373327,0.17
373328,0.06
373363,0.08
373390,0.1
373396,0.05
373407,0.11
373413,0.17
373437,0.16
373445,0.15
373448,0.07
373458,0.1
373464,0.1
373472,0.26
373474,0.05
373475,0.13
373480,0.13
373484,0.25
373491,0.24
373493,0.15
373504,0.08
373537,0.19
373542,0.17
373545,0.2
373554,0.04
373559,0.28
373560,0.22
373562,0.07
373565,0.14
373573,0.06
373577,0.11
373591,0.15
373592,0.15
373596,0.09
373598,0.09
373600,0.16
373605,0.21
373607,0.08
373616,0.16
373618,0.11
373624,0.09
373630,0.12
373631,0.08
373634,0.1
373646,0.14
373651,0.17
373669,0.18
373682,0.03
373716,0.12
373751,0.27
373756,0.29
373757,0.07
373767,0.03
373778,0.13
373780,0.12
373781,0.21
373796,0.04
373801,0.11
373805,0.13
373811,0.06
373815,0.1
373820,0.16
373833,0.13
373839,0.1
373841,0.1
373871,0.03
373875,0.25
373893,0.08
373894,0.33
373898,0.12
373899,0.25
373908,0.26
373909,0.11
373911,0.06
373918,0.09
373927,0.02
373938,0.18
373943,0.21
373946,0.12
373948,0.24
373953,0.21
373956,0.15
373984,0.05
373985,0.19
373986,0.17
374002,0.05
374014,0.02
374015,0.11
374024,0.04
374029,0.09
374034,0.08
374039,0.02
374042,0.21
374048,0.14
374051,0.16
374054,0.16
374055,0.12
374061,0.14
374075,0.12
374087,0.01
374101,0.15
374103,0.25
374114,0.17
374116,0.28
374119,0.09
374121,0.23
374133,0.13
374134,0.04
374140,0.03
374141,0.07
374145,0.21
374155,0.05
374163,0.26
374169,0.16
374173,0.23
374188,0.22
374199,0.15
374200,0.11
374207,0.18
374225,0.1
374226,0.18
374227,0.22
374249,0.19
374254,0.21
374284,0.02
374293,0.12
374296,0.11
374297,0.14
374298,0.03
374307,0.07
374320,0.14
374322,0.08
374324,0.11
374328,0.23
374334,0.09
374341,0.15
374343,0.13
374346,0.06
374359,0.14
374374,0.15
374381,0.19
374400,0.02
374405,0.14
374409,0.22
374420,0.24
374442,0.23
374443,0.17
374445,0.07
374447,0.28
374452,0.19
374458,0.12
374485,0.06
374487,0.08
374496,0.06
374503,0.1
374518,0.07
374519,0.02
374532,0.09
374534,0.02
374536,0.04
374546,0.15
374559,0.11
374568,0.2
374573,0.02
374582,0.15
374585,0.03
374598,0.07
374606,0.12
374612,0.01
374617,0.09
374619,0.11
374626,0.06
374646,0.14
374653,0.16
374656,0.07
374664,0.1
374666,0.17
374677,0.14
374679,0.14
374682,0.15
374700,0.23
374703,0.1
374705,0.22
374720,0.15
374724,0.16
374731,0.03
374732,0.22
374734,0.19
374759,0.11
374770,0.15
374774,0.17
374777,0.13
374788,0.08
374796,0.14
374799,0.14
374813,0.21
374819,0.06
374826,0.24
374827,0.01
374832,0.13
374837,0.08
374844,0.2
374848,0.29
374853,0.14
374854,0.15
374856,0.06
374864,0.22
374868,0.06
374888,0.05
374891,0.18
374892,0.08
374896,0.14
374909,0.15
374911,0.16
374912,0.13
374913,0.23
374916,0.04
374917,0.13
374923,0.17
374933,0.33
374935,0.15
374940,0.04
374941,0.01
374943,0.14
374951,0.2
374967,0.24
374970,0.1
374990,0.17
374993,0.16
374994,0.14
375015,0.1
375017,0.15
375018,0.13
375021,0.19
375023,0.22
375030,0.14
375038,0.15
375040,0.17
375041,0.19
375052,0.08
375061,0.18
375064,0.08
375076,0.14
375086,0.28
375109,0.06
375118,0.2
375133,0.12
375140,0.24
375156,0.24
375168,0.09
375170,0.11
375182,0.15
375187,0.33
375188,0.16
375197,0.07
375201,0.01
375204,0.13
375216,0.18
375225,0.02
375231,0.05
375234,0.11
375241,0.13
375242,0.26
375244,0.09
375246,0.12
375257,0.08
375290,0.11
375292,0.05
375293,0.07
375295,0.14
375296,0.09
375300,0.17
375322,0.09
375332,0.12
375338,0.07
375342,0.08
375365,0.04
375367,0.11
375384,0.09
375418,0.05
375464,0.31
375477,0.03
375485,0.03
375496,0.08
375534,0.08
375544,0.13
375556,0.17
375588,0.15
375589,0.04
375594,0.21
375629,0.22
375649,0.09
375654,0.24
375696,0.21
375758,0.02
375795,0.38
375843,0.22
375844,0.02
375853,0.19
375878,0.14
375879,0.09
375883,0.18
375887,0.25
375929,0.17
375934,0.08
375936,0.27
375937,0.04
375948,0.21
375951,0.14
375953,0.08
375964,0.27
375969,0.07
375970,0.14
375973,0.28
375976,0.15
375997,0.16
376000,0.14
376011,0.06
376019,0.16
376035,0.21
376036,0.15
376041,0.3
376042,0.09
376045,0.1
376047,0.09
376060,0.19
376061,0.18
376067,0.13
376068,0.24
376070,0.2
376074,0.05
376075,0.1
376076,0.13
376078,0.16
376080,0.13
376081,0.05
376082,0.1
376083,0.25
376084,0.13
376086,0.09
376087,0.02
376088,0.13
376089,0.19
376090,0.16
376091,0.07
376092,0.14
376093,0.19
376094,0.2
376095,0.24
376096,0.34
376097,0.09
376098,0.22
376206,0.0
376209,0.17
376225,0.16
376239,0.05
376247,0.17
376248,0.09
376252,0.21
376257,0.14
376273,0.14
376274,0.14
376275,0.14
376279,0.14
376283,0.08
376284,0.07
376288,0.11
376289,0.13
376292,0.08
376298,0.19
376301,0.16
376311,0.08
376312,0.21
376313,0.15
376316,0.02
376317,0.14
376319,0.09
376320,0.22
376321,0.14
376322,0.17
376325,0.19
376326,0.22
376328,0.18
376329,0.05
376330,0.11
376332,0.05
376334,0.19
376335,0.18
376336,0.1
376337,0.17
376338,0.3
376339,0.09
376340,0.12
376341,0.22
376343,0.1
376344,0.11
376345,0.07
376346,0.21
376347,0.19
376348,0.09
376349,0.25
376350,0.1
376351,0.07
376352,0.02
376353,0.08
376354,0.19
376355,0.05
376356,0.13
376357,0.1
376360,0.1
376445,0.3
376447,0.04
376449,0.27
376470,0.02
376483,0.08
376484,0.15
376486,0.23
376487,0.07
376488,0.14
376491,0.17
376492,0.07
376494,0.19
376495,0.31
376496,0.07
376497,0.23
376498,0.11
376502,0.18
376503,0.19
376504,0.23
376506,0.13
376509,0.2
376515,0.09
376517,0.14
376518,0.15
376519,0.28
376520,0.08
376521,0.13
376522,0.1
376523,0.21
376524,0.03
376527,0.15
376530,0.04
376531,0.24
376532,0.2
376533,0.17
376534,0.07
376535,0.17
376537,0.15
376538,0.06
376539,0.04
376546,0.17
376594,0.1
376595,0.15
376614,0.1
376616,0.07
376617,0.16
376618,0.17
376619,0.24
376620,0.06
376627,0.12
376630,0.16
376631,0.14
376632,0.07
376633,0.09
376635,0.14
376636,0.23
376637,0.16
376639,0.3
376640,0.16
376642,0.14
376643,0.01
376644,0.06
376645,0.02
376646,0.08
376648,0.09
376650,0.07
376651,0.12
376652,0.26
376732,0.18
376733,0.13
376734,0.03
376756,0.14
376804,0.14
376856,0.32
376869,0.14
376893,0.04
377045,0.17
377088,0.15
377137,0.15
377138,0.05
377159,0.13
377176,0.17
377201,0.18
377226,0.23
377335,0.05
377358,0.27
377362,0.09
377363,0.09
377389,0.22
377426,0.19
377427,0.15
377429,0.02
377441,0.12
377449,0.21
377450,0.22
377458,0.12
377472,0.15
377541,0.41
377567,0.08
377573,0.07
377605,0.21
377611,0.22
377622,0.09
377631,0.09
377657,0.09
377681,0.16
377711,0.06
377717,0.28
377720,0.19
377721,0.2
377723,0.09
377727,0.06
377729,0.08
377733,0.12
377735,0.13
377736,0.06
377737,0.04
377738,0.1
377750,0.27
377751,0.14
377753,0.2
377754,0.15
377755,0.17
377756,0.19
377757,0.31
377758,0.13
377759,0.21
377760,0.11
377761,0.23
377762,0.14
377763,0.06
377764,0.12
377765,0.25
377766,0.15
377767,0.05
377768,0.09
377771,0.16
377772,0.05
377773,0.16
377774,0.24
377775,0.1
377776,0.07
377778,0.07
377779,0.11
377780,0.02
377781,0.11
377782,0.05
377783,0.07
377784,0.12
377785,0.07
377786,0.12
377862,0.22
377871,0.05
377930,0.15
377970,0.14
377987,0.12
377988,0.2
377990,0.11
377992,0.23
377995,0.13
378005,0.01
378006,0.03
378011,0.06
378018,0.07
378019,0.08
378023,0.2
378025,0.09
378026,0.14
378027,0.03
378031,0.03
378033,0.04
378034,0.19
378035,0.04
378040,0.14
378041,0.1
378042,0.08
378043,0.23
378044,0.11
378045,0.14
378046,0.12
378047,0.01
378048,0.07
378049,0.04
378051,0.16
378052,0.04
378053,0.13
378054,0.12
378055,0.14
378056,0.17
378057,0.07
378059,0.22
378060,0.12
378061,0.21
378062,0.1
378063,0.05
378065,0.13
378066,0.17
378067,0.15
378068,0.04
378069,0.22
378070,0.14
378096,0.12
378098,0.16
378104,0.0
378105,0.12
378106,0.19
378107,0.16
378108,0.07
378109,0.09
378110,0.16
378111,0.13
378112,0.12
378113,0.1
378114,0.07
378115,0.2
378116,0.22
378117,0.11
378119,0.01
378120,0.16
378121,0.2
378122,0.1
378123,0.2
378124,0.12
378136,0.13
378181,0.09
378184,0.14
378190,0.1
378263,0.1
378300,0.12
378304,0.38
378305,0.15
378311,0.18
378313,0.11
378314,0.21
378317,0.15
378320,0.19
378322,0.14
378325,0.21
378327,0.31
378328,0.13
378329,0.1
378330,0.09
378331,0.16
378334,0.08
378335,0.11
378336,0.05
378339,0.11
378340,0.16
378341,0.13
378342,0.04
378343,0.05
378344,0.05
378345,0.14
378346,0.02
378347,0.26
378348,0.07
378349,0.28
378350,0.35
378351,0.18
378352,0.02
378353,0.01
378354,0.18
378355,0.14
378356,0.24
378427,0.15
378434,0.17
378564,0.1
378671,0.16
378689,0.14
378710,0.22
378755,0.07
378887,0.08
378907,0.2
378924,0.13
378944,0.05
378945,0.17
378991,0.14
379009,0.14
379025,0.11
379046,0.1
379047,0.16
379048,0.24
379052,0.17
379065,0.12
379066,0.29
379076,0.04
379080,0.19
379085,0.16
379086,0.11
379087,0.16
379089,0.07
379094,0.02
379095,0.16
379101,0.15
379102,0.08
379103,0.14
379105,0.1
379108,0.09
379111,0.1
379112,0.15
379113,0.28
379114,0.19
379115,0.11
379116,0.08
379117,0.1
379118,0.14
379119,0.48
379120,0.26
379121,0.01
379123,0.1
379124,0.07
379126,0.11
379127,0.05
379128,0.11
379129,0.1
379131,0.24
379132,0.29
379133,0.21
379134,0.23
379178,0.17
379266,0.08
379268,0.15
379291,0.06
379296,0.09
379301,0.15
379313,0.15
379318,0.28
379319,0.22
379329,0.22
379336,0.23
379348,0.07
379356,0.06
379357,0.17
379363,0.36
379385,0.33
379408,0.04
379432,0.13
379437,0.13
379440,0.06
379456,0.16
379457,0.12
379463,0.26
379464,0.08
379467,0.22
379469,0.21
379470,0.08
379472,0.33
379473,0.14
379474,0.16
379475,0.12
379476,0.23
379481,0.29
379482,0.15
379483,0.14
379484,0.04
379485,0.48
379486,0.06
379487,0.04
379488,0.01
379490,0.09
379491,0.11
379492,0.24
379494,0.09
379495,0.11
379496,0.06
379497,0.06
379500,0.12
379501,0.16
379502,0.15
379503,0.02
379504,0.14
379505,0.21
379506,0.13
379507,0.08
379508,0.14
379509,0.31
379510,0.19
379512,0.06
379513,0.07
379514,0.31
379515,0.19
379516,0.07
379517,0.13
379518,0.09
379520,0.27
379627,0.27
379673,0.21
379674,0.16
379720,0.09
379726,0.03
379730,0.09
379746,0.27
379775,0.16
379776,0.09
379778,0.36
379841,0.03
379921,0.07
379951,0.18
380002,0.25
380003,0.2
380005,0.14
380006,0.18
380010,0.02
380012,0.08
380014,0.17
380015,0.25
380017,0.09
380018,0.1
380019,0.04
380020,0.17
380022,0.09
380023,0.14
380025,0.17
380026,0.14
380028,0.09
380030,0.18
380031,0.06
380032,0.1
380033,0.08
380034,0.13
380035,0.13
380037,0.09
380038,0.25
380039,0.32
380040,0.26
380064,0.11
380065,0.18
380121,0.18
380122,0.15
380130,0.21
380219,0.08
380228,0.15
380229,0.05
380366,0.16
380408,0.04
380414,0.06
380487,0.03
380488,0.06
380489,0.08
380494,0.06
380543,0.12
380553,0.1
380600,0.08
380625,0.17
380635,0.21
380643,0.26
380762,0.15
380773,0.17
380781,0.21
380785,0.11
380787,0.04
380788,0.12
380789,0.06
380797,0.19
380800,0.03
380802,0.06
380805,0.17
380806,0.12
380807,0.32
380811,0.12
380812,0.01
380815,0.16
380816,0.12
380817,0.18
380819,0.16
380823,0.1
380824,0.09
380825,0.2
380826,0.11
380827,0.24
380828,0.11
380830,0.14
380831,0.09
380832,0.11
380833,0.03
380834,0.14
380836,0.16
380837,0.07
380838,0.1
380839,0.02
380840,0.26
380841,0.12
380879,0.06
380901,0.04
380928,0.12
380956,0.02
380979,0.21
381037,0.07
381047,0.12
381074,0.08
381104,0.04
381121,0.2
381130,0.22
381133,0.1
381139,0.05
381141,0.14
381142,0.13
381145,0.1
381152,0.12
381153,0.29
381154,0.18
381156,0.02
381160,0.14
381164,0.2
381168,0.12
381171,0.11
381173,0.19
381174,0.17
381176,0.1
381178,0.29
381179,0.08
381182,0.19
381185,0.07
381187,0.05
381189,0.05
381190,0.09
381191,0.19
381192,0.25
381193,0.13
381194,0.06
381195,0.08
381198,0.07
381199,0.09
381200,0.14
381201,0.19
381202,0.21
381203,0.47
381204,0.2
381205,0.03
381259,0.13
381288,0.17
381289,0.13
381335,0.18
381344,0.17
381367,0.11
381376,0.01
381381,0.18
381397,0.04
381406,0.03
381412,0.03
381421,0.23
381424,0.12
381427,0.15
381428,0.31
381429,0.13
381430,0.12
381434,0.21
381435,0.14
381436,0.01
381437,0.14
381438,0.18
381439,0.02
381444,0.04
381446,0.1
381447,0.31
381449,0.37
381450,0.18
381453,0.13
381454,0.09
381455,0.22
381456,0.24
381457,0.11
381458,0.08
381459,0.1
381460,0.11
381461,0.2
381462,0.15
381463,0.1
381464,0.15
381465,0.02
381466,0.08
381467,0.12
381468,0.19
381469,0.34
381470,0.1
381471,0.23
381472,0.01
381473,0.14
381475,0.08
381476,0.05
381477,0.12
381478,0.13
381479,0.28
381480,0.33
381481,0.03
381482,0.05
381483,0.14
381495,0.07
381545,0.09
381580,0.15
381657,0.18
381674,0.19
381691,0.05
381697,0.09
381704,0.14
381711,0.2
381721,0.17
381728,0.18
381729,0.04
381734,0.16
381735,0.1
381736,0.1
381740,0.2
381742,0.33
381743,0.16
381744,0.13
381747,0.09
381748,0.2
381749,0.11
381750,0.17
381751,0.08
381752,0.18
381753,0.2
381754,0.18
381755,0.13
381756,0.12
381757,0.09
381758,0.18
381759,0.17
381760,0.14
381761,0.18
381762,0.02
381763,0.09
381764,0.14
381765,0.26
381766,0.1
381767,0.11
381768,0.16
381769,0.11
381770,0.1
381772,0.05
381774,0.08
381777,0.18
381861,0.1
381974,0.1
381991,0.07
382024,0.17
382051,0.08
382066,0.21
382067,0.09
382068,0.22
382107,0.15
382108,0.2
382111,0.08
382113,0.1
382114,0.12
382120,0.16
382121,0.14
382122,0.17
382124,0.21
382126,0.09
382131,0.03
382132,0.06
382135,0.05
382136,0.09
382137,0.06
382138,0.06
382140,0.31
382141,0.28
382142,0.15
382143,0.18
382144,0.11
382145,0.14
382146,0.19
382147,0.12
382149,0.12
382150,0.09
382152,0.19
382153,0.02
382164,0.36
382180,0.04
382239,0.2
382275,0.19
382297,0.2
382391,0.2
382392,0.21
382396,0.28
382424,0.16
382471,0.21
382493,0.02
382496,0.15
382504,0.18
382505,0.17
382513,0.07
382517,0.2
382521,0.07
382528,0.01
382530,0.15
382544,0.25
382603,0.36
382604,0.12
382642,0.1
382666,0.02
382699,0.06
382737,0.11
382792,0.18
382796,0.06
382807,0.1
382813,0.23
382817,0.29
382818,0.14
382826,0.07
382845,0.11
382846,0.07
382850,0.22
382851,0.21
382856,0.04
382858,0.02
382859,0.14
382862,0.04
382863,0.03
382865,0.24
382866,0.2
382868,0.16
382870,0.14
382871,0.26
382872,0.13
382873,0.18
382874,0.35
382875,0.06
382876,0.23
382877,0.16
382878,0.2
382879,0.21
382880,0.08
382882,0.09
382883,0.11
382884,0.02
382885,0.08
382886,0.09
382887,0.26
382989,0.04
383009,0.03
383039,0.13
383068,0.11
383072,0.06
383093,0.16
383099,0.3
383167,0.06
383168,0.07
383170,0.21
383171,0.32
383174,0.15
383175,0.04
383176,0.1
383178,0.08
383181,0.12
383182,0.19
383184,0.14
383186,0.08
383187,0.08
383189,0.06
383190,0.08
383191,0.1
383192,0.17
383194,0.05
383195,0.14
383196,0.15
383197,0.15
383198,0.01
383199,0.16
383200,0.08
383201,0.13
383202,0.09
383203,0.03
383204,0.22
383205,0.09
383206,0.14
383207,0.04
383208,0.11
383279,0.12
383335,0.11
383384,0.09
383394,0.11
383400,0.21
383401,0.14
383409,0.13
383410,0.04
383412,0.19
383414,0.1
383419,0.14
383422,0.05
383425,0.07
383426,0.08
383427,0.19
383428,0.13
383429,0.05
383430,0.17
383431,0.15
383433,0.4
383434,0.13
383435,0.1
383436,0.14
383437,0.1
383438,0.06
383439,0.07
383440,0.12
383441,0.16
383442,0.05
383443,0.09
383444,0.08
383445,0.07
383446,0.16
383447,0.08
383448,0.14
383449,0.08
383450,0.26
383451,0.11
383452,0.03
383453,0.08
383454,0.07
383533,0.11
383583,0.06
383608,0.1
383622,0.11
383673,0.33
383804,0.13
383806,0.16
383812,0.16
383814,0.16
383816,0.12
383825,0.12
383827,0.17
383833,0.07
383841,0.08
383842,0.15
383849,0.28
383859,0.06
383883,0.12
383891,0.22
383910,0.05
383925,0.05
383943,0.28
383946,0.31
383959,0.07
383960,0.1
383961,0.1
383962,0.07
383979,0.18
383985,0.04
383990,0.08
383999,0.05
384001,0.22
384003,0.09
384008,0.06
384019,0.26
384020,0.11
384065,0.16
384102,0.26
384154,0.05
384155,0.16
384171,0.12
384177,0.15
384183,0.13
384186,0.03
384198,0.24
384199,0.02
384201,0.2
384203,0.23
384204,0.11
384205,0.03
384207,0.19
384208,0.07
384209,0.18
384210,0.05
384211,0.1
384212,0.13
384215,0.2
384216,0.09
384220,0.17
384221,0.13
384226,0.02
384273,0.18
384287,0.04
384288,0.11
384332,0.17
384365,0.06
384380,0.22
384392,0.11
384412,0.03
384424,0.23
384428,0.13
384429,0.2
384430,0.04
384434,0.09
384480,0.13
384502,0.18
384503,0.1
384504,0.27
384505,0.17
384508,0.02
384519,0.05
384520,0.2
384524,0.07
384528,0.07
384532,0.08
384539,0.12
384542,0.09
384543,0.12
384544,0.06
384546,0.15
384547,0.18
384548,0.12
384549,0.05
384552,0.16
384554,0.12
384556,0.12
384557,0.12
384558,0.01
384559,0.08
384560,0.22
384561,0.23
384562,0.2
384563,0.11
384564,0.2
384565,0.18
384656,0.03
384657,0.08
384672,0.2
384679,0.06
384680,0.13
384689,0.15
384692,0.11
384695,0.16
384710,0.18
384712,0.05
384715,0.13
384735,0.08
384749,0.04
384751,0.12
384753,0.06
384757,0.08
384759,0.06
384761,0.03
384762,0.2
384765,0.18
384775,0.13
384782,0.19
384794,0.01
384798,0.08
384805,0.05
384807,0.13
384812,0.07
384821,0.1
384834,0.12
384847,0.16
384856,0.17
384857,0.11
384858,0.06
384859,0.16
384860,0.16
384861,0.29
384862,0.13
384863,0.1
384864,0.1
384865,0.07
384866,0.22
384867,0.15
384868,0.12
384869,0.16
384870,0.14
384871,0.06
384873,0.08
384874,0.1
384876,0.23
384877,0.02
384878,0.09
384880,0.11
384881,0.07
384882,0.18
384883,0.13
384884,0.14
384885,0.1
384886,0.13
384887,0.11
384969,0.01
385023,0.07
385049,0.09
385081,0.09
385091,0.03
385092,0.07
385093,0.12
385094,0.1
385106,0.23
385107,0.28
385110,0.15
385111,0.13
385113,0.05
385114,0.13
385115,0.16
385117,0.13
385119,0.13
385120,0.07
385121,0.26
385122,0.0
385123,0.02
385125,0.23
385126,0.18
385127,0.02
385128,0.19
385129,0.15
385130,0.11
385131,0.05
385132,0.1
385133,0.14
385134,0.21
385135,0.1
385136,0.13
385137,0.29
385138,0.05
385139,0.33
385140,0.33
385141,0.18
385142,0.07
385143,0.1
385144,0.07
385145,0.16
385146,0.14
385147,0.06
385149,0.13
385151,0.0
385152,0.14
385153,0.13
385197,0.05
385230,0.04
385231,0.18
385252,0.19
385299,0.08
385351,0.07
385376,0.21
385405,0.09
385452,0.08
385479,0.1
385510,0.06
385522,0.22
385524,0.13
385544,0.14
385563,0.1
385566,0.14
385571,0.13
385585,0.12
385586,0.11
385611,0.22
385621,0.04
385623,0.13
385628,0.35
385633,0.04
385634,0.05
385643,0.16
385650,0.07
385656,0.02
385666,0.03
385693,0.28
385705,0.13
385706,0.06
385835,0.05
385847,0.11
385867,0.22
385871,0.23
385872,0.04
385879,0.02
385883,0.09
385884,0.1
385885,0.03
385889,0.09
385893,0.16
385894,0.19
385898,0.14
385899,0.13
385902,0.21
385903,0.03
385904,0.13
385905,0.12
385906,0.14
385907,0.21
385908,0.29
385909,0.05
385910,0.03
385973,0.14
386003,0.13
386013,0.03
386023,0.0
386065,0.05
386072,0.23
386077,0.25
386135,0.11
386141,0.02
386178,0.29
386198,0.17
386200,0.28
386203,0.2
386223,0.15
386225,0.03
386245,0.18
386250,0.1
386253,0.03
386254,0.14
386255,0.19
386262,0.25
386263,0.11
386264,0.15
386267,0.16
386268,0.08
386276,0.2
386279,0.24
386281,0.06
386282,0.24
386283,0.08
386284,0.06
386285,0.22
386286,0.16
386287,0.11
386288,0.18
386289,0.28
386290,0.1
386292,0.13
386293,0.24
386294,0.03
386295,0.41
386296,0.31
386297,0.17
386299,0.18
386300,0.16
386301,0.05
386302,0.17
386303,0.17
386304,0.12
386305,0.19
386307,0.14
386308,0.13
386309,0.04
386310,0.16
386311,0.12
386347,0.1
386350,0.23
386352,0.17
386365,0.09
386378,0.07
386380,0.04
386399,0.25
386458,0.11
386523,0.1
386531,0.23
386545,0.19
386546,0.16
386547,0.11
386549,0.07
386550,0.04
386551,0.11
386552,0.14
386633,0.2
386647,0.09
386665,0.05
386767,0.12
386773,0.15
386774,0.17
386775,0.15
386777,0.13
386785,0.11
386791,0.19
386792,0.15
386795,0.12
386798,0.13
386803,0.18
386805,0.13
386806,0.21
386808,0.01
386811,0.04
386813,0.1
386814,0.17
386817,0.02
386819,0.11
386820,0.12
386821,0.13
386822,0.37
386824,0.09
386825,0.19
386826,0.04
386827,0.19
386828,0.25
386830,0.06
386831,0.28
386832,0.11
386833,0.35
386834,0.1
386835,0.05
386836,0.02
386837,0.18
386838,0.11
386839,0.22
386840,0.07
386841,0.19
386843,0.24
386844,0.19
386845,0.08
386847,0.08
386848,0.06
386849,0.11
386860,0.15
386938,0.07
386940,0.09
386989,0.07
387021,0.17
387193,0.22
387194,0.23
387286,0.12
387291,0.01
387292,0.09
387324,0.21
387325,0.02
387329,0.03
387331,0.09
387333,0.03
387337,0.16
387341,0.06
387342,0.13
387349,0.16
387350,0.03
387351,0.2
387352,0.12
387353,0.12
387355,0.17
387356,0.07
387357,0.14
387358,0.09
387360,0.18
387361,0.1
387362,0.19
387363,0.07
387364,0.11
387365,0.15
387366,0.11
387367,0.1
387368,0.02
387369,0.08
387370,0.04
387371,0.12
387372,0.09
387377,0.24
387378,0.18
387424,0.08
387440,0.08
387447,0.07
387489,0.06
387501,0.1
387526,0.29
387542,0.01
387543,0.12
387544,0.17
387565,0.09
387572,0.07
387577,0.13
387578,0.09
387583,0.02
387584,0.03
387588,0.18
387595,0.24
387596,0.15
387597,0.2
387598,0.12
387662,0.17
387687,0.2
387688,0.12
387689,0.03
387718,0.24
387730,0.03
387753,0.03
387807,0.13
387843,0.28
387848,0.15
387882,0.21
387884,0.13
387892,0.07
387896,0.2
387916,0.21
387920,0.15
387927,0.21
387928,0.11
387929,0.21
387932,0.15
387934,0.22
387937,0.04
387942,0.15
387947,0.14
387948,0.07
387952,0.21
387953,0.13
387954,0.18
387955,0.13
387956,0.16
387957,0.18
387958,0.29
387960,0.13
387961,0.05
387962,0.15
387963,0.25
387964,0.3
387965,0.05
387966,0.16
387967,0.12
387968,0.15
387969,0.12
387970,0.15
387971,0.12
387972,0.09
387973,0.05
388053,0.24
388056,0.1
388057,0.12
388078,0.08
388079,0.11
388127,0.14
388155,0.19
388159,0.13
388169,0.06
388170,0.11
388173,0.09
388174,0.09
388176,0.1
388179,0.09
388182,0.13
388183,0.08
388187,0.13
388189,0.05
388191,0.11
388193,0.08
388194,0.09
388195,0.09
388196,0.12
388198,0.1
388199,0.28
388201,0.15
388202,0.14
388203,0.22
388204,0.05
388206,0.02
388208,0.05
388209,0.13
388210,0.16
388211,0.16
388212,0.16
388213,0.03
388214,0.01
388215,0.23
388216,0.1
388217,0.07
388218,0.09
388219,0.03
388220,0.26
388221,0.09
388222,0.11
388223,0.15
388237,0.09
388238,0.1
388242,0.09
388243,0.13
388248,0.21
388249,0.17
388251,0.12
388253,0.2
388255,0.2
388256,0.18
388258,0.07
388259,0.14
388260,0.18
388262,0.26
388263,0.16
388264,0.03
388265,0.27
388266,0.11
388267,0.18
388269,0.47
388270,0.14
388271,0.04
388272,0.03
388273,0.1
388274,0.26
388275,0.22
388276,0.04
388397,0.2
388428,0.22
388429,0.15
388448,0.09
388449,0.19
388460,0.24
388463,0.18
388465,0.2
388505,0.2
388508,0.06
388511,0.08
388525,0.07
388554,0.08
388561,0.25
388566,0.14
388572,0.11
388574,0.04
388585,0.04
388589,0.22
388590,0.12
388594,0.13
388596,0.18
388616,0.17
388621,0.16
388622,0.12
388627,0.05
388633,0.12
388639,0.07
388647,0.17
388655,0.26
388665,0.12
388667,0.09
388668,0.09
388669,0.16
388679,0.13
388683,0.1
388687,0.1
388688,0.15
388700,0.26
388703,0.18
388704,0.21
388705,0.15
388707,0.06
388712,0.11
388729,0.1
388733,0.03
388748,0.05
388754,0.06
388763,0.16
388777,0.2
388790,0.15
388800,0.25
388801,0.01
388812,0.19
388816,0.36
388835,0.15
388837,0.15
388842,0.02
388847,0.17
388848,0.08
388849,0.1
388850,0.19
388859,0.16
388864,0.1
388865,0.26
388870,0.16
388872,0.12
388873,0.15
388879,0.07
388890,0.27
388898,0.05
388899,0.14
388900,0.08
388913,0.36
388919,0.04
388921,0.26
388929,0.05
388945,0.13
388962,0.12
388963,0.05
388985,0.02
388986,0.08
388992,0.21
388993,0.13
389002,0.09
389006,0.02
389009,0.12
389018,0.23
389048,0.14
389051,0.1
389068,0.15
389069,0.05
389070,0.05
389080,0.12
389085,0.01
389090,0.09
389094,0.19
389097,0.21
389098,0.16
389101,0.17
389104,0.09
389131,0.36
389133,0.21
389134,0.01
389143,0.11
389176,0.3
389181,0.05
389192,0.08
389202,0.07
389222,0.1
389225,0.21
389227,0.17
389239,0.0
389245,0.23
389248,0.06
389258,0.22
389266,0.03
389268,0.08
389277,0.17
389280,0.06
389300,0.05
389319,0.16
389330,0.09
389338,0.18
389356,0.05
389363,0.14
389371,0.11
389377,0.34
389398,0.06
389409,0.14
389415,0.05
389418,0.1
389420,0.18
389426,0.24
389433,0.17
389434,0.14
389440,0.13
389441,0.17
389443,0.25
389448,0.17
389464,0.14
389466,0.2
389471,0.22
389473,0.07
389480,0.06
389481,0.12
389483,0.15
389486,0.01
389490,0.08
389500,0.06
389507,0.28
389509,0.05
389515,0.36
389517,0.05
389523,0.04
389527,0.09
389529,0.37
389532,0.16
389539,0.11
389550,0.13
389551,0.06
389552,0.22
389554,0.3
389563,0.23
389566,0.2
389572,0.13
389573,0.15
389585,0.07
389587,0.21
389589,0.06
389592,0.01
389601,0.36
389603,0.06
389604,0.16
389617,0.05
389618,0.09
389619,0.15
389622,0.23
389623,0.1
389627,0.19
389644,0.38
389667,0.04
389678,0.28
389694,0.05
389700,0.23
389707,0.07
389714,0.1
389717,0.13
389732,0.12
389737,0.2
389741,0.04
389755,0.16
389756,0.17
389763,0.2
389772,0.27
389777,0.04
389778,0.11
389796,0.15
389798,0.19
389805,0.16
389807,0.09
389815,0.14
389818,0.12
389823,0.11
389824,0.09
389831,0.03
389856,0.21
389860,0.06
389862,0.14
389872,0.15
389875,0.07
389878,0.15
389879,0.15
389881,0.08
389895,0.12
389897,0.12
389898,0.1
389924,0.18
389929,0.04
389934,0.22
389947,0.14
389962,0.13
389981,0.12
390003,0.1
390006,0.17
390011,0.02
390041,0.02
390044,0.13
390045,0.04
390047,0.05
390048,0.25
390052,0.28
390056,0.13
390061,0.05
390065,0.07
390070,0.15
390073,0.1
390076,0.04
390087,0.08
390092,0.17
390095,0.11
390099,0.24
390107,0.12
390116,0.05
390130,0.07
390133,0.24
390144,0.16
390155,0.1
390159,0.16
390181,0.1
390183,0.04
390214,0.04
390222,0.23
390230,0.09
390235,0.04
390237,0.1
390242,0.37
390256,0.05
390259,0.25
390261,0.16
390268,0.1
390271,0.12
390274,0.11
390276,0.04
390279,0.12
390283,0.2
390285,0.17
390299,0.16
390316,0.09
390321,0.06
390330,0.14
390343,0.11
390346,0.24
390357,0.09
390359,0.19
390361,0.12
390365,0.06
390366,0.21
390372,0.2
390376,0.11
390378,0.3
390388,0.18
390391,0.13
390400,0.2
390407,0.23
390411,0.13
390419,0.09
390423,0.04
390437,0.18
390445,0.1
390449,0.05
390455,0.17
390465,0.2
390491,0.1
390492,0.13
390494,0.08
390495,0.08
390497,0.04
390504,0.2
390508,0.16
390510,0.26
390512,0.14
390524,0.09
390531,0.08
390558,0.1
390561,0.13
390564,0.05
390569,0.19
390574,0.13
390575,0.09
390587,0.23
390620,0.2
390621,0.08
390633,0.19
390634,0.19
390638,0.08
390639,0.15
390642,0.09
390647,0.28
390648,0.07
390663,0.08
390686,0.13
390688,0.16
390690,0.02
390691,0.15
390696,0.22
390703,0.15
390711,0.17
390722,0.06
390736,0.18
390747,0.27
390752,0.13
390760,0.08
390774,0.02
390777,0.11
390781,0.08
390793,0.26
390838,0.11
390847,0.12
390851,0.16
390854,0.03
390858,0.2
390864,0.04
390871,0.25
390905,0.24
390908,0.26
390910,0.19
390917,0.17
390919,0.04
390920,0.11
390922,0.15
390928,0.19
390929,0.15
390953,0.12
390955,0.12
390959,0.1
390962,0.1
390971,0.25
390972,0.13
390990,0.18
390994,0.13
390997,0.23
391015,0.18
391034,0.14
391038,0.09
391043,0.1
391048,0.09
391049,0.05
391056,0.17
391060,0.03
391072,0.14
391073,0.1
391077,0.22
391086,0.04
391092,0.06
391096,0.08
391118,0.1
391123,0.21
391136,0.14
391137,0.07
391145,0.06
391162,0.09
391164,0.14
391168,0.26
391172,0.12
391184,0.19
391188,0.21
391198,0.19
391207,0.13
391208,0.03
391209,0.26
391230,0.11
391232,0.05
391236,0.13
391237,0.23
391245,0.13
391269,0.01
391274,0.1
391275,0.18
391276,0.21
391279,0.12
391285,0.12
391306,0.09
391310,0.13
391321,0.08
391327,0.01
391341,0.3
391350,0.09
391353,0.02
391354,0.11
391357,0.12
391367,0.37
391371,0.17
391384,0.21
391387,0.08
391388,0.13
391392,0.02
391408,0.03
391433,0.11
391439,0.1
391443,0.19
391445,0.09
391449,0.15
391450,0.18
391461,0.19
391469,0.17
391486,0.04
391487,0.14
391500,0.1
391501,0.08
391505,0.13
391516,0.19
391517,0.17
391522,0.1
391539,0.23
391543,0.16
391546,0.1
391552,0.18
391555,0.13
391564,0.06
391565,0.14
391570,0.05
391586,0.14
391587,0.04
391588,0.1
391590,0.06
391613,0.29
391614,0.3
391617,0.06
391623,0.28
391635,0.08
391653,0.12
391661,0.16
391670,0.03
391682,0.13
391713,0.13
391717,0.17
391726,0.33
391738,0.14
391740,0.09
391741,0.1
391742,0.14
391756,0.03
391765,0.3
391766,0.18
391768,0.19
391771,0.01
391784,0.03
391786,0.3
391791,0.03
391798,0.13
391820,0.29
391831,0.14
391842,0.13
391843,0.11
391853,0.09
391858,0.23
391866,0.33
391867,0.06
391870,0.08
391879,0.17
391903,0.21
391915,0.16
391920,0.01
391929,0.12
391935,0.02
391944,0.03
391945,0.3
391947,0.27
391957,0.18
391960,0.1
391966,0.14
391977,0.11
391983,0.14
391990,0.13
391999,0.1
392010,0.06
392011,0.1
392012,0.17
392013,0.11
392015,0.07
392027,0.1
392029,0.16
392031,0.2
392035,0.12
392042,0.1
392049,0.07
392050,0.08
392062,0.04
392068,0.08
392071,0.05
392079,0.15
392087,0.09
392106,0.22
392111,0.11
392123,0.2
392127,0.19
392132,0.28
392149,0.28
392151,0.17
392175,0.27
392186,0.07
392190,0.3
392196,0.14
392202,0.17
392212,0.17
392221,0.15
392224,0.19
392230,0.12
392232,0.2
392234,0.2
392239,0.2
392240,0.34
392241,0.04
392243,0.28
392250,0.03
392253,0.12
392258,0.16
392260,0.06
392270,0.25
392280,0.19
392283,0.07
392293,0.16
392311,0.01
392316,0.05
392317,0.16
392319,0.14
392328,0.07
392363,0.21
392369,0.16
392371,0.1
392372,0.14
392386,0.12
392389,0.21
392390,0.21
392391,0.09
392398,0.14
392399,0.17
392404,0.19
392405,0.04
392408,0.27
392422,0.1
392423,0.06
392424,0.1
392429,0.14
392430,0.21
392431,0.06
392437,0.1
392450,0.17
392458,0.13
392460,0.13
392469,0.29
392474,0.18
392491,0.23
392495,0.08
392513,0.26
392526,0.18
392527,0.24
392534,0.08
392540,0.16
392554,0.1
392571,0.11
392578,0.08
392583,0.05
392588,0.16
392594,0.2
392604,0.08
392610,0.25
392613,0.2
392619,0.14
392622,0.35
392624,0.05
392629,0.31
392634,0.11
392639,0.06
392649,0.16
392671,0.13
392680,0.22
392682,0.04
392684,0.11
392685,0.22
392686,0.15
392699,0.15
392704,0.1
392709,0.15
392714,0.43
392717,0.09
392727,0.11
392730,0.17
392741,0.09
392754,0.04
392762,0.03
392774,0.05
392775,0.04
392793,0.16
392800,0.13
392809,0.14
392812,0.04
392814,0.11
392820,0.23
392825,0.02
392847,0.04
392849,0.25
392861,0.26
392868,0.33
392880,0.26
392882,0.12
392888,0.11
392905,0.08
392909,0.15
392915,0.1
392925,0.21
392931,0.09
392933,0.16
392935,0.25
392939,0.12
392951,0.09
392960,0.05
392962,0.17
392964,0.11
392970,0.13
392980,0.12
392981,0.11
392985,0.12
392990,0.05
392992,0.16
392998,0.15
392999,0.09
393007,0.07
393009,0.09
393012,0.17
393014,0.06
393015,0.12
393035,0.04
393055,0.16
393056,0.17
393075,0.17
393078,0.15
393094,0.16
393111,0.13
393115,0.18
393117,0.26
393118,0.09
393128,0.09
393129,0.1
393136,0.11
393138,0.07
393139,0.39
393156,0.1
393159,0.17
393168,0.09
393172,0.21
393177,0.14
393189,0.16
393194,0.19
393201,0.17
393202,0.03
393209,0.07
393216,0.26
393218,0.16
393224,0.14
393227,0.18
393232,0.16
393256,0.12
393257,0.1
393258,0.33
393267,0.08
393269,0.09
393275,0.17
393278,0.1
393279,0.37
393312,0.11
393318,0.1
393343,0.1
393351,0.15
393356,0.05
393361,0.26
393370,0.21
393381,0.09
393395,0.12
393405,0.12
393416,0.09
393419,0.06
393430,0.07
393443,0.21
393454,0.19
393478,0.03
393489,0.05
393499,0.16
393503,0.1
393505,0.07
393507,0.11
393526,0.14
393537,0.13
393543,0.14
393555,0.11
393562,0.11
393573,0.25
393587,0.13
393591,0.13
393606,0.1
393621,0.18
393624,0.14
393625,0.25
393628,0.16
393633,0.14
393641,0.18
393642,0.14
393650,0.14
393658,0.16
393669,0.04
393671,0.18
393672,0.15
393680,0.06
393683,0.23
393684,0.09
393691,0.17
393696,0.11
393699,0.15
393708,0.1
393709,0.19
393711,0.2
393720,0.23
393738,0.04
393740,0.12
393762,0.09
393774,0.07
393776,0.06
393778,0.17
393793,0.09
393804,0.22
393818,0.16
393821,0.07
393822,0.13
393833,0.2
393839,0.19
393840,0.24
393843,0.08
393852,0.08
393855,0.19
393860,0.17
393864,0.18
393877,0.17
393882,0.2
393884,0.13
393886,0.04
393892,0.11
393894,0.15
393902,0.09
393909,0.19
393910,0.09
393911,0.14
393934,0.17
393936,0.16
393939,0.17
393940,0.05
393943,0.17
393946,0.27
393950,0.02
393953,0.14
393959,0.25
393974,0.11
393980,0.26
393983,0.11
393985,0.14
393992,0.08
393995,0.11
394008,0.18
394010,0.18
394022,0.07
394062,0.07
394063,0.05
394066,0.02
394069,0.09
394071,0.14
394082,0.09
394087,0.09
394095,0.2
394097,0.24
394106,0.22
394113,0.3
394115,0.25
394125,0.09
394131,0.07
394132,0.18
394141,0.22
394145,0.24
394153,0.32
394159,0.2
394180,0.12
394186,0.22
394200,0.17
394203,0.12
394210,0.05
394214,0.18
394218,0.08
394231,0.19
394240,0.24
394248,0.19
394249,0.09
394254,0.1
394264,0.13
394267,0.17
394269,0.26
394275,0.21
394289,0.06
394295,0.06
394305,0.19
394308,0.2
394317,0.11
394323,0.23
394332,0.13
394336,0.18
394345,0.35
394346,0.13
394347,0.13
394351,0.14
394355,0.16
394360,0.0
394372,0.21
394373,0.14
394374,0.13
394382,0.2
394385,0.08
394409,0.19
394415,0.08
394433,0.01
394445,0.14
394448,0.1
394451,0.11
394467,0.11
394471,0.11
394473,0.14
394474,0.14
394476,0.12
394492,0.13
394502,0.13
394506,0.2
394510,0.14
394515,0.08
394535,0.09
394537,0.29
394539,0.14
394541,0.15
394564,0.14
394567,0.18
394568,0.04
394571,0.24
394576,0.02
394579,0.25
394585,0.15
394588,0.04
394606,0.24
394623,0.03
394632,0.24
394635,0.24
394642,0.07
394653,0.13
394689,0.13
394695,0.06
394699,0.2
394706,0.21
394712,0.29
394721,0.31
394722,0.22
394739,0.17
394742,0.15
394761,0.19
394775,0.17
394777,0.2
394783,0.18
394800,0.22
394803,0.13
394804,0.17
394815,0.15
394835,0.14
394843,0.29
394845,0.17
394847,0.12
394848,0.18
394850,0.17
394857,0.07
394873,0.25
394892,0.16
394898,0.26
394904,0.21
394918,0.26
394920,0.13
394926,0.07
394927,0.13
394940,0.06
394942,0.02
394943,0.18
394959,0.28
394977,0.23
394991,0.15
395014,0.2
395027,0.14
395042,0.29
395062,0.24
395063,0.24
395064,0.14
395076,0.01
395085,0.2
395095,0.13
395100,0.11
395105,0.19
395108,0.05
395110,0.03
395114,0.29
395123,0.16
395131,0.22
395144,0.14
395152,0.26
395159,0.18
395166,0.1
395197,0.12
395210,0.1
395212,0.07
395216,0.15
395218,0.12
395224,0.07
395225,0.25
395233,0.21
395237,0.22
395246,0.11
395248,0.18
395262,0.02
395271,0.09
395275,0.01
395286,0.14
395316,0.21
395318,0.23
395328,0.16
395334,0.18
395337,0.2
395338,0.15
395346,0.16
395365,0.15
395373,0.16
395383,0.33
395387,0.15
395391,0.03
395401,0.18
395432,0.05
395443,0.1
395447,0.13
395448,0.09
395450,0.09
395456,0.13
395459,0.22
395462,0.07
395488,0.14
395492,0.04
395495,0.14
395504,0.16
395507,0.21
395508,0.15
395509,0.14
395513,0.15
395515,0.01
395517,0.25
395520,0.21
395524,0.17
395525,0.08
395533,0.08
395538,0.12
395545,0.14
395553,0.09
395576,0.34
395585,0.2
395590,0.15
395593,0.12
395595,0.09
395603,0.1
395604,0.03
395611,0.23
395612,0.12
395617,0.05
395624,0.18
395653,0.19
395665,0.04
395668,0.16
395672,0.08
395677,0.15
395692,0.12
395693,0.2
395694,0.18
395696,0.14
395699,0.05
395703,0.06
395712,0.16
395731,0.22
395732,0.04
395735,0.07
395736,0.1
395744,0.22
395763,0.03
395771,0.12
395774,0.07
395784,0.1
395790,0.15
395792,0.39
395796,0.01
395808,0.16
395810,0.09
395814,0.33
395831,0.2
395836,0.11
395837,0.11
395852,0.08
395854,0.12
395856,0.1
395857,0.09
395860,0.08
395862,0.14
395875,0.04
395880,0.01
395893,0.23
395900,0.06
395908,0.09
395921,0.33
395922,0.04
395926,0.11
395933,0.04
395936,0.15
395940,0.11
395951,0.14
395964,0.17
395969,0.03
395971,0.11
395973,0.02
395975,0.14
395984,0.28
395993,0.18
396012,0.12
396033,0.3
396035,0.02
396036,0.15
396041,0.19
396048,0.19
396049,0.17
396057,0.08
396060,0.07
396063,0.05
396078,0.18
396085,0.19
396087,0.1
396094,0.26
396104,0.13
396110,0.11
396123,0.25
396139,0.11
396160,0.1
396165,0.14
396169,0.17
396182,0.05
396200,0.2
396201,0.16
396202,0.12
396216,0.21
396227,0.16
396236,0.03
396240,0.18
396249,0.07
396252,0.0
396253,0.2
396276,0.17
396297,0.07
396301,0.11
396310,0.17
396327,0.22
396330,0.16
396331,0.08
396334,0.08
396337,0.14
396343,0.09
396346,0.13
396350,0.26
396368,0.1
396375,0.27
396378,0.32
396380,0.24
396393,0.04
396397,0.13
396403,0.06
396404,0.29
396408,0.05
396414,0.14
396418,0.32
396420,0.1
396426,0.09
396428,0.13
396434,0.15
396435,0.22
396437,0.05
396442,0.16
396444,0.15
396449,0.08
396453,0.08
396464,0.11
396474,0.11
396483,0.02
396496,0.19
396501,0.14
396505,0.12
396506,0.12
396512,0.1
396513,0.13
396518,0.11
396530,0.1
396542,0.16
396549,0.07
396553,0.11
396555,0.27
396557,0.08
396562,0.31
396566,0.07
396588,0.25
396589,0.15
396590,0.23
396597,0.05
396602,0.02
396609,0.38
396614,0.21
396617,0.13
396620,0.14
396625,0.31
396638,0.13
396640,0.17
396646,0.14
396648,0.04
396653,0.18
396663,0.1
396668,0.17
396670,0.12
396678,0.08
396681,0.02
396698,0.2
396699,0.21
396710,0.09
396713,0.2
396729,0.07
396732,0.18
396735,0.13
396752,0.15
396754,0.05
396761,0.06
396769,0.11
396777,0.09
396789,0.23
396790,0.07
396792,0.13
396824,0.16
396829,0.19
396830,0.04
396844,0.19
396849,0.13
396855,0.41
396864,0.14
396865,0.11
396866,0.07
396883,0.07
396889,0.23
396893,0.15
396900,0.07
396904,0.13
396912,0.16
396916,0.03
396922,0.01
396926,0.15
396928,0.16
396931,0.17
396944,0.08
396949,0.14
396952,0.26
396979,0.27
396984,0.13
396986,0.03
396992,0.06
396995,0.49
397014,0.17
397025,0.03
397046,0.3
397047,0.06
397051,0.06
397052,0.19
397058,0.1
397071,0.05
397081,0.06
397084,0.01
397086,0.23
397088,0.03
397090,0.12
397093,0.08
397106,0.16
397109,0.35
397110,0.12
397118,0.09
397119,0.1
397120,0.09
397127,0.08
397128,0.13
397129,0.18
397132,0.07
397138,0.11
397139,0.25
397146,0.17
397148,0.2
397149,0.26
397166,0.1
397167,0.2
397168,0.25
397171,0.06
397178,0.12
397185,0.08
397191,0.09
397195,0.15
397197,0.17
397198,0.07
397211,0.14
397213,0.14
397216,0.04
397219,0.21
397226,0.08
397241,0.15
397249,0.18
397261,0.1
397265,0.08
397281,0.14
397304,0.13
397306,0.11
397325,0.17
397327,0.11
397345,0.4
397360,0.03
397378,0.12
397383,0.19
397384,0.14
397399,0.18
397415,0.11
397433,0.09
397444,0.28
397452,0.25
397458,0.05
397460,0.13
397462,0.11
397464,0.12
397466,0.21
397472,0.12
397474,0.03
397476,0.14
397482,0.26
397492,0.19
397494,0.13
397501,0.2
397507,0.22
397512,0.11
397513,0.16
397517,0.09
397533,0.15
397549,0.25
397560,0.22
397562,0.16
397570,0.16
397575,0.19
397584,0.03
397585,0.15
397593,0.09
397609,0.17
397615,0.09
397630,0.28
397631,0.17
397633,0.15
397641,0.1
397664,0.06
397668,0.09
397674,0.05
397679,0.22
397681,0.18
397694,0.03
397695,0.15
397707,0.28
397713,0.1
397714,0.18
397715,0.06
397724,0.04
397726,0.37
397729,0.08
397739,0.03
397741,0.07
397759,0.17
397761,0.07
397767,0.15
397776,0.3
397782,0.23
397785,0.01
397789,0.06
397793,0.28
397794,0.21
397804,0.13
397815,0.04
397816,0.13
397825,0.15
397857,0.31
397861,0.05
397890,0.19
397891,0.39
397900,0.16
397903,0.11
397911,0.03
397925,0.14
397928,0.18
397954,0.04
397955,0.01
397962,0.14
397971,0.17
397975,0.12
397984,0.24
397989,0.01
397993,0.15
398004,0.04
398032,0.22
398038,0.09
398043,0.01
398046,0.06
398051,0.34
398061,0.07
398082,0.06
398086,0.01
398087,0.18
398088,0.18
398093,0.07
398103,0.12
398106,0.09
398109,0.23
398110,0.02
398113,0.16
398116,0.09
398132,0.05
398135,0.19
398138,0.08
398159,0.05
398163,0.22
398165,0.1
398166,0.17
398173,0.05
398179,0.11
398181,0.19
398189,0.03
398196,0.18
398206,0.13
398208,0.2
398220,0.12
398231,0.1
398234,0.16
398239,0.13
398254,0.21
398260,0.11
398261,0.12
398269,0.28
398274,0.13
398279,0.04
398280,0.11
398292,0.27
398293,0.1
398295,0.15
398329,0.08
398337,0.16
398344,0.14
398347,0.16
398348,0.37
398352,0.13
398355,0.18
398360,0.22
398363,0.03
398368,0.17
398373,0.25
398377,0.01
398384,0.06
398389,0.1
398394,0.25
398397,0.06
398400,0.1
398409,0.11
398429,0.11
398432,0.05
398444,0.3
398446,0.28
398456,0.1
398461,0.04
398473,0.14
398480,0.12
398481,0.23
398485,0.2
398488,0.23
398500,0.21
398520,0.22
398524,0.07
398534,0.09
398554,0.05
398572,0.11
398580,0.14
398586,0.04
398592,0.11
398606,0.13
398619,0.04
398621,0.11
398625,0.18
398645,0.07
398652,0.19
398656,0.13
398661,0.19
398667,0.1
398669,0.14
398676,0.07
398690,0.07
398699,0.07
398715,0.1
398718,0.04
398721,0.11
398729,0.06
398737,0.17
398738,0.08
398752,0.18
398757,0.2
398759,0.04
398764,0.14
398771,0.1
398773,0.12
398775,0.1
398779,0.15
398791,0.12
398807,0.18
398811,0.12
398814,0.14
398817,0.16
398829,0.07
398830,0.01
398838,0.08
398839,0.21
398841,0.06
398850,0.02
398852,0.03
398858,0.19
398859,0.28
398862,0.17
398870,0.19
398875,0.17
398902,0.04
398910,0.04
398919,0.18
398929,0.12
398935,0.32
398940,0.09
398953,0.09
398956,0.02
398963,0.09
398966,0.16
398967,0.18
398968,0.04
398974,0.18
398976,0.12
398982,0.18
398993,0.08
399011,0.24
399016,0.09
399017,0.16
399020,0.05
399047,0.28
399053,0.2
399056,0.07
399061,0.09
399066,0.25
399074,0.17
399086,0.05
399088,0.22
399091,0.13
399092,0.14
399093,0.14
399100,0.1
399124,0.1
399131,0.26
399142,0.16
399149,0.12
399158,0.31
399160,0.14
399167,0.09
399169,0.06
399171,0.15
399174,0.17
399178,0.18
399179,0.25
399184,0.23
399185,0.05
399186,0.09
399191,0.03
399192,0.01
399195,0.36
399212,0.17
399221,0.16
399223,0.32
399230,0.18
399246,0.13
399260,0.06
399261,0.19
399266,0.16
399289,0.17
399293,0.12
399299,0.11
399306,0.05
399321,0.01
399328,0.03
399344,0.06
399352,0.11
399358,0.18
399374,0.14
399382,0.3
399385,0.18
399388,0.04
399399,0.02
399410,0.02
399417,0.01
399423,0.12
399427,0.07
399429,0.15
399435,0.07
399439,0.03
399451,0.07
399454,0.19
399458,0.17
399468,0.08
399477,0.14
399483,0.23
399493,0.1
399494,0.17
399499,0.1
399503,0.08
399510,0.14
399511,0.07
399525,0.1
399528,0.05
399533,0.2
399538,0.2
399551,0.1
399568,0.07
399571,0.07
399585,0.06
399589,0.1
399595,0.05
399598,0.05
399605,0.09
399616,0.19
399617,0.05
399622,0.15
399627,0.16
399635,0.18
399639,0.32
399641,0.08
399643,0.18
399659,0.01
399667,0.09
399683,0.06
399702,0.27
399706,0.26
399720,0.12
399727,0.15
399730,0.24
399734,0.04
399751,0.13
399754,0.25
399759,0.13
399768,0.11
399770,0.17
399781,0.12
399786,0.1
399799,0.16
399811,0.07
399813,0.01
399820,0.1
399832,0.13
399851,0.16
399853,0.16
399855,0.15
399860,0.15
399876,0.34
399877,0.19
399881,0.2
399882,0.13
399903,0.13
399906,0.13
399912,0.18
399915,0.19
399921,0.08
399935,0.19
399936,0.08
399938,0.15
399939,0.1
399940,0.08
399949,0.19
399953,0.12
399959,0.34
399968,0.02
399969,0.11
399972,0.1
399974,0.14
399976,0.09
399979,0.13
399988,0.18
399994,0.2
399996,0.21
399997,0.2
400000,0.09
400004,0.07
400011,0.16
400014,0.29
400015,0.09
400017,0.1
400046,0.19
400063,0.16
400065,0.12
400069,0.05
400075,0.06
400088,0.06
400091,0.12
400105,0.02
400108,0.29
400113,0.05
400119,0.09
400123,0.18
400127,0.0
400136,0.13
400137,0.13
400138,0.26
400158,0.21
400172,0.15
400174,0.18
400224,0.04
400229,0.19
400236,0.26
400240,0.04
400249,0.04
400258,0.2
400268,0.12
400272,0.12
400284,0.16
400292,0.03
400295,0.09
400308,0.12
400314,0.06
400315,0.03
400331,0.21
400332,0.13
400339,0.02
400342,0.14
400361,0.14
400363,0.07
400365,0.09
400374,0.15
400379,0.1
400382,0.11
400416,0.22
400422,0.21
400436,0.23
400460,0.1
400462,0.16
400468,0.13
400482,0.13
400489,0.11
400490,0.22
400501,0.03
400519,0.2
400525,0.31
400526,0.16
400529,0.18
400540,0.12
400543,0.14
400545,0.12
400556,0.12
400572,0.05
400584,0.07
400589,0.14
400593,0.24
400597,0.06
400616,0.16
400642,0.21
400643,0.11
400649,0.02
400672,0.13
400685,0.12
400693,0.23
400695,0.2
400701,0.14
400720,0.07
400741,0.16
400745,0.23
400750,0.13
400779,0.27
400784,0.07
400792,0.15
400800,0.21
400811,0.03
400813,0.27
400820,0.07
400830,0.05
400833,0.13
400834,0.1
400841,0.16
400855,0.34
400856,0.15
400860,0.08
400866,0.06
400869,0.28
400870,0.27
400880,0.11
400882,0.13
400915,0.16
400921,0.16
400923,0.23
400925,0.09
400936,0.05
400943,0.16
400962,0.08
400963,0.11
400967,0.13
400970,0.12
400975,0.05
400981,0.2
400983,0.15
400987,0.18
400988,0.08
400994,0.08
400998,0.25
401002,0.21
401003,0.12
401005,0.18
401007,0.13
401022,0.26
401029,0.24
401035,0.06
401036,0.19
401040,0.04
401045,0.12
401053,0.14
401065,0.06
401067,0.14
401069,0.14
401073,0.13
401074,0.18
401078,0.13
401082,0.19
401086,0.12
401092,0.14
401097,0.06
401098,0.13
401099,0.09
401100,0.24
401107,0.1
401119,0.35
401120,0.04
401137,0.11
401142,0.23
401162,0.02
401163,0.19
401172,0.13
401179,0.22
401182,0.08
401184,0.13
401190,0.08
401207,0.08
401210,0.05
401220,0.09
401225,0.1
401230,0.34
401240,0.08
401246,0.11
401256,0.19
401273,0.12
401274,0.15
401287,0.09
401292,0.14
401305,0.28
401310,0.11
401311,0.18
401321,0.08
401332,0.13
401338,0.15
401345,0.11
401368,0.08
401375,0.32
401378,0.08
401379,0.04
401395,0.18
401403,0.14
401406,0.04
401415,0.1
401424,0.13
401425,0.16
401428,0.17
401430,0.13
401436,0.12
401440,0.04
401443,0.18
401447,0.06
401448,0.02
401450,0.11
401459,0.14
401462,0.23
401470,0.27
401479,0.17
401481,0.03
401486,0.15
401496,0.14
401497,0.21
401502,0.04
401508,0.02
401513,0.26
401517,0.31
401519,0.15
401533,0.26
401536,0.26
401547,0.16
401581,0.26
401582,0.07
401586,0.2
401593,0.28
401603,0.1
401621,0.1
401625,0.17
401635,0.29
401646,0.2
401649,0.07
401660,0.11
401668,0.19
401686,0.15
401706,0.19
401712,0.1
401721,0.11
401725,0.28
401730,0.2
401741,0.03
401743,0.05
401748,0.07
401751,0.04
401770,0.13
401791,0.03
401792,0.03
401808,0.09
401816,0.13
401820,0.19
401821,0.09
401828,0.09
401830,0.18
401832,0.07
401839,0.16
401852,0.02
401868,0.14
401876,0.08
401879,0.27
401882,0.06
401894,0.16
401899,0.23
401901,0.31
401913,0.07
401919,0.07
401920,0.1
401923,0.08
401924,0.22
401932,0.28
401942,0.16
401949,0.15
401950,0.21
401951,0.11
401952,0.13
401971,0.31
401972,0.1
401973,0.08
401974,0.12
401983,0.18
401984,0.05
401988,0.01
401989,0.12
401990,0.11
402024,0.16
402029,0.03
402030,0.32
402041,0.13
402042,0.12
402043,0.09
402052,0.19
402053,0.09
402054,0.01
402057,0.18
402067,0.09
402068,0.16
402069,0.15
402070,0.11
402071,0.06
402073,0.05
402074,0.06
402075,0.23
402076,0.12
402077,0.02
402078,0.32
402079,0.2
402080,0.06
402081,0.03
402082,0.07
402089,0.21
402090,0.09
402091,0.15
402092,0.08
402094,0.1
402095,0.06
402096,0.06
402109,0.22
402151,0.1
402152,0.06
402153,0.11
402155,0.07
402201,0.12
402210,0.22
402212,0.15
402218,0.05
402227,0.18
402234,0.19
402236,0.22
402242,0.1
402243,0.02
402244,0.31
402245,0.05
402250,0.13
402251,0.09
402254,0.34
402255,0.18
402256,0.21
402257,0.23
402258,0.21
402259,0.05
402260,0.14
402261,0.12
402262,0.1
402263,0.12
402264,0.01
402265,0.12
402266,0.18
402267,0.15
402268,0.04
402270,0.08
402271,0.14
402272,0.14
402273,0.16
402274,0.12
402275,0.08
402276,0.02
402277,0.2
402278,0.02
402279,0.22
402280,0.07
402362,0.19
402363,0.18
402364,0.23
402370,0.1
402376,0.15
402381,0.21
402384,0.05
402389,0.09
402414,0.1
402416,0.02
402417,0.1
402420,0.1
402426,0.13
402436,0.21
402444,0.17
402447,0.02
402449,0.08
402454,0.22
402458,0.24
402460,0.13
402466,0.1
402475,0.12
402498,0.2
402502,0.14
402505,0.13
402509,0.19
402513,0.19
402517,0.02
402519,0.19
402522,0.14
402523,0.05
402525,0.07
402528,0.19
402534,0.23
402536,0.2
402542,0.15
402548,0.26
402552,0.07
402559,0.27
402563,0.02
402568,0.18
402573,0.08
402574,0.16
402575,0.19
402577,0.14
402602,0.07
402603,0.18
402604,0.07
402614,0.16
402615,0.14
402616,0.0
402617,0.18
402618,0.15
402619,0.12
402639,0.14
402640,0.1
402641,0.3
402642,0.08
402643,0.11
402644,0.15
402645,0.09
402649,0.12
402650,0.27
402653,0.15
402654,0.03
402655,0.24
402656,0.29
402657,0.14
402658,0.06
402659,0.02
402662,0.04
402696,0.1
402705,0.23
402707,0.1
402708,0.12
402709,0.14
402729,0.07
402730,0.16
402732,0.17
402739,0.13
402740,0.17
402741,0.08
402744,0.37
402745,0.28
402746,0.17
402772,0.29
402773,0.07
402774,0.06
402780,0.16
402781,0.13
402782,0.14
402790,0.12
402803,0.17
402808,0.22
402809,0.0
402810,0.04
402811,0.07
402815,0.18
402820,0.12
402821,0.17
402822,0.14
402824,0.06
402825,0.16
402870,0.1
402875,0.07
402924,0.19
402925,0.06
402926,0.1
402927,0.09
402928,0.19
402929,0.11
402930,0.12
402931,0.09
402932,0.09
402933,0.15
402940,0.11
402953,0.15
402954,0.11
402955,0.14
402956,0.22
402957,0.15
402970,0.04
402973,0.17
402974,0.13
402975,0.06
402976,0.14
402977,0.09
402978,0.06
402979,0.32
402980,0.3
402981,0.16
402982,0.05
402993,0.17
402994,0.08
403099,0.11
403137,0.11
403138,0.24
403165,0.1
403192,0.22
403214,0.12
403223,0.09
403238,0.1
403244,0.22
403246,0.13
403252,0.19
403254,0.13
403255,0.04
403259,0.15
403262,0.14
403277,0.16
403280,0.11
403281,0.06
403287,0.03
403315,0.13
403318,0.17
403319,0.06
403327,0.07
403331,0.1
403342,0.17
403349,0.12
403353,0.21
403364,0.11
403369,0.15
403373,0.16
403376,0.05
403378,0.13
403384,0.12
403385,0.09
403386,0.13
403388,0.08
403396,0.13
403398,0.12
403404,0.14
403410,0.11
403414,0.18
403417,0.23
403422,0.1
403424,0.16
403438,0.12
403451,0.11
403452,0.16
403453,0.07
403454,0.11
403455,0.1
403464,0.15
403465,0.17
403466,0.16
403500,0.17
403501,0.12
403524,0.24
403525,0.22
403526,0.09
403527,0.07
403542,0.13
403543,0.07
403549,0.08
403550,0.02
403551,0.22
403552,0.24
403553,0.02
403554,0.15
403558,0.02
403559,0.1
403560,0.37
403561,0.15
403562,0.22
403564,0.16
403565,0.07
403566,0.13
403600,0.14
403602,0.07
403603,0.05
403662,0.22
403685,0.13
403686,0.07
403687,0.1
403688,0.15
403689,0.5
403690,0.38
403691,0.06
403692,0.18
403696,0.0
403697,0.11
403698,0.02
403699,0.31
403701,0.33
403702,0.14
403703,0.25
403704,0.14
403705,0.07
403712,0.07
403713,0.1
403714,0.4
403715,0.05
403718,0.15
403722,0.12
403723,0.08
403724,0.22
403725,0.18
403726,0.08
403764,0.08
403765,0.11
403766,0.19
403770,0.28
403771,0.17
403772,0.16
403795,0.15
403799,0.13
403800,0.11
403801,0.01
403802,0.24
403803,0.45
403811,0.19
403814,0.11
403815,0.1
403816,0.06
403817,0.03
403818,0.12
403820,0.04
403821,0.16
403822,0.12
403823,0.05
403824,0.06
403825,0.06
403826,0.14
403828,0.19
403834,0.12
403836,0.28
403837,0.21
403838,0.2
403839,0.16
403873,0.15
403876,0.06
403902,0.11
403918,0.11
403922,0.12
403928,0.19
403929,0.2
403931,0.1
403932,0.03
403933,0.12
403935,0.19
403936,0.2
403937,0.11
403938,0.07
403943,0.08
403944,0.02
403945,0.18
403946,0.14
403948,0.19
403951,0.16
403955,0.07
403956,0.12
403957,0.17
403958,0.12
403960,0.26
403961,0.19
403962,0.31
403963,0.15
403964,0.14
403965,0.14
403966,0.26
403967,0.15
403968,0.22
403969,0.18
403970,0.15
403971,0.22
403972,0.24
403973,0.24
403974,0.25
403975,0.02
403976,0.06
403977,0.11
403978,0.17
403979,0.13
403980,0.32
403981,0.03
403982,0.02
404062,0.07
404067,0.09
404070,0.16
404079,0.14
404084,0.06
404108,0.19
404112,0.05
404118,0.26
404121,0.08
404122,0.11
404126,0.12
404140,0.15
404152,0.18
404156,0.3
404158,0.16
404160,0.05
404172,0.06
404174,0.12
404180,0.11
404186,0.16
404190,0.16
404192,0.12
404206,0.07
404207,0.25
404213,0.27
404216,0.19
404220,0.13
404227,0.07
404235,0.04
404247,0.25
404259,0.03
404266,0.06
404267,0.1
404274,0.27
404276,0.11
404277,0.17
404278,0.13
404279,0.1
404280,0.09
404287,0.07
404288,0.25
404289,0.06
404290,0.25
404291,0.13
404293,0.15
404302,0.1
404303,0.15
404304,0.1
404307,0.12
404308,0.09
404309,0.21
404310,0.22
404311,0.32
404312,0.15
404323,0.15
404324,0.1
404325,0.08
404326,0.05
404327,0.22
404328,0.03
404329,0.12
404330,0.18
404331,0.16
404335,0.18
404336,0.1
404337,0.35
404364,0.24
404379,0.15
404380,0.39
404381,0.26
404382,0.06
404385,0.06
404390,0.13
404391,0.15
404392,0.22
404393,0.11
404396,0.08
404400,0.02
404401,0.06
404402,0.14
404403,0.23
404404,0.04
404405,0.28
404406,0.02
404437,0.19
404439,0.18
404461,0.16
404462,0.2
404464,0.07
404468,0.17
404469,0.18
404470,0.13
404471,0.05
404472,0.1
404473,0.18
404474,0.14
404475,0.06
404477,0.09
404478,0.06
404554,0.06
404555,0.18
404556,0.15
404557,0.04
404569,0.19
404571,0.07
404585,0.19
404586,0.12
404592,0.26
404595,0.03
404596,0.16
404597,0.15
404603,0.17
404606,0.13
404607,0.15
404608,0.13
404609,0.08
404620,0.04
404689,0.03
404708,0.08
404734,0.25
404771,0.06
404806,0.07
404818,0.11
404850,0.17
404870,0.13
404923,0.08
404934,0.15
404938,0.11
404954,0.05
404957,0.18
404963,0.14
404964,0.19
404969,0.24
404970,0.07
404979,0.07
404997,0.18
404998,0.2
405009,0.13
405016,0.14
405018,0.1
405035,0.12
405036,0.07
405038,0.19
405047,0.11
405055,0.07
405060,0.06
405066,0.14
405081,0.11
405084,0.36
405089,0.22
405098,0.13
405100,0.15
405114,0.16
405118,0.15
405119,0.16
405120,0.09
405121,0.18
405124,0.09
405125,0.18
405132,0.19
405179,0.1
405193,0.03
405194,0.2
405195,0.06
405206,0.06
405207,0.14
405211,0.1
405215,0.05
405217,0.17
405219,0.18
405220,0.15
405231,0.11
405232,0.28
405291,0.07
405316,0.15
405317,0.25
405318,0.09
405319,0.08
405320,0.13
405325,0.08
405326,0.03
405333,0.09
405334,0.17
405349,0.25
405351,0.12
405353,0.1
405354,0.21
405361,0.08
405362,0.08
405363,0.15
405364,0.39
405365,0.2
405366,0.31
405372,0.2
405397,0.08
405402,0.14
405409,0.16
405410,0.37
405411,0.09
405412,0.13
405435,0.12
405436,0.12
405438,0.09
405442,0.15
405443,0.32
405444,0.15
405445,0.21
405446,0.09
405468,0.08
405489,0.19
405490,0.1
405498,0.05
405509,0.11
405510,0.07
405511,0.21
405512,0.16
405517,0.04
405518,0.09
405523,0.03
405544,0.09
405546,0.18
405552,0.32
405583,0.08
405592,0.11
405599,0.11
405602,0.11
405607,0.02
405613,0.14
405620,0.27
405624,0.15
405625,0.13
405626,0.15
405632,0.09
405633,0.14
405637,0.17
405640,0.19
405642,0.1
405646,0.09
405647,0.01
405650,0.25
405653,0.16
405654,0.09
405660,0.19
405666,0.12
405667,0.1
405668,0.11
405669,0.05
405671,0.15
405672,0.05
405673,0.06
405674,0.15
405675,0.07
405676,0.15
405677,0.17
405679,0.03
405680,0.18
405682,0.13
405683,0.17
405684,0.16
405685,0.19
405687,0.06
405689,0.01
405690,0.02
405691,0.23
405692,0.07
405693,0.21
405695,0.19
405696,0.16
405697,0.0
405698,0.14
405699,0.1
405700,0.25
405701,0.4
405702,0.28
405761,0.24
405765,0.08
405769,0.06
405784,0.16
405811,0.18
405814,0.03
405816,0.2
405818,0.09
405821,0.09
405822,0.0
405838,0.13
405841,0.16
405846,0.02
405855,0.23
405857,0.04
405858,0.3
405860,0.14
405861,0.12
405871,0.05
405879,0.12
405880,0.11
405886,0.23
405901,0.12
405904,0.09
405905,0.08
405906,0.07
405927,0.1
405930,0.21
405944,0.02
405946,0.04
405954,0.15
405963,0.15
405964,0.08
405965,0.03
405966,0.14
405970,0.15
405971,0.11
405992,0.22
405996,0.03
405999,0.08
406002,0.18
406003,0.1
406004,0.14
406005,0.12
406006,0.2
406007,0.24
406008,0.25
406028,0.16
406029,0.09
406043,0.15
406044,0.16
406045,0.21
406046,0.3
406048,0.2
406050,0.05
406051,0.07
406052,0.23
406053,0.19
406077,0.03
406082,0.12
406083,0.18
406084,0.12
406098,0.06
406099,0.13
406100,0.34
406113,0.07
406114,0.15
406115,0.16
406116,0.18
406117,0.08
406127,0.1
406128,0.07
406129,0.11
406132,0.06
406133,0.07
406134,0.04
406135,0.34
406136,0.08
406137,0.19
406138,0.08
406139,0.17
406142,0.13
406143,0.14
406175,0.12
406176,0.08
406177,0.15
406194,0.06
406195,0.07
406208,0.03
406210,0.15
406216,0.16
406217,0.24
406227,0.08
406228,0.06
406253,0.1
406254,0.0
406260,0.11
406267,0.23
406269,0.09
406276,0.21
406277,0.05
406279,0.13
406288,0.08
406297,0.24
406308,0.12
406310,0.22
406320,0.13
406336,0.01
406352,0.12
406365,0.11
406369,0.18
406371,0.12
406401,0.19
406408,0.14
406409,0.04
406475,0.19
406492,0.1
406510,0.17
406519,0.15
406565,0.2
406584,0.15
406596,0.11
406598,0.17
406605,0.13
406609,0.08
406610,0.14
406611,0.11
406654,0.15
406670,0.12
406675,0.16
406681,0.11
406682,0.04
406695,0.01
406697,0.13
406712,0.16
406719,0.04
406725,0.21
406734,0.06
406743,0.17
406778,0.15
406784,0.18
406786,0.25
406791,0.12
406792,0.08
406803,0.24
406812,0.12
406813,0.16
406814,0.16
406841,0.2
406842,0.14
406843,0.09
406848,0.09
406861,0.12
406862,0.18
406863,0.09
406864,0.09
406865,0.27
406871,0.24
406872,0.12
406873,0.1
406893,0.19
406919,0.19
406920,0.11
406921,0.26
406923,0.13
406924,0.06
406925,0.09
406926,0.14
406927,0.17
406936,0.11
406937,0.18
406938,0.2
406939,0.06
406940,0.17
406941,0.17
406952,0.14
406953,0.2
406954,0.19
406962,0.16
406963,0.27
406964,0.15
406965,0.19
406966,0.1
406967,0.05
406968,0.12
406969,0.05
406970,0.1
406971,0.16
406972,0.16
406973,0.14
406974,0.14
406975,0.13
406976,0.16
406977,0.16
406985,0.07
406987,0.07
407025,0.16
407031,0.14
407033,0.18
407039,0.1
407041,0.12
407044,0.21
407046,0.2
407053,0.15
407061,0.14
407069,0.11
407070,0.14
407072,0.12
407073,0.07
407081,0.16
407082,0.09
407088,0.1
407091,0.15
407097,0.05
407104,0.4
407105,0.47
407106,0.09
407121,0.03
407128,0.13
407137,0.11
407144,0.18
407145,0.27
407154,0.22
407162,0.08
407164,0.24
407168,0.27
407203,0.15
407210,0.24
407215,0.08
407218,0.03
407228,0.13
407262,0.16
407274,0.22
407280,0.24
407288,0.05
407298,0.05
407299,0.25
407302,0.15
407303,0.19
407305,0.32
407306,0.27
407307,0.07
407313,0.17
407314,0.05
407315,0.03
407316,0.09
407322,0.27
407323,0.04
407324,0.15
407325,0.12
407329,0.17
407330,0.16
407332,0.21
407333,0.13
407334,0.13
407335,0.21
407336,0.2
407337,0.19
407338,0.18
407339,0.06
407340,0.09
407341,0.23
407342,0.04
407343,0.03
407344,0.17
407345,0.1
407346,0.2
407353,0.18
407364,0.21
407365,0.08
407366,0.1
407370,0.04
407373,0.37
407376,0.11
407386,0.06
407388,0.08
407391,0.05
407393,0.15
407427,0.07
407452,0.09
407454,0.2
407457,0.08
407462,0.02
407463,0.11
407468,0.12
407469,0.18
407478,0.1
407482,0.13
407487,0.19
407489,0.14
407498,0.27
407516,0.19
407519,0.06
407528,0.17
407532,0.22
407534,0.3
407543,0.07
407546,0.21
407550,0.11
407555,0.16
407558,0.14
407587,0.04
407588,0.07
407594,0.21
407596,0.12
407598,0.08
407602,0.2
407605,0.13
407613,0.11
407619,0.23
407625,0.04
407627,0.03
407629,0.11
407631,0.17
407633,0.05
407636,0.18
407645,0.37
407648,0.16
407669,0.19
407674,0.03
407675,0.24
407676,0.13
407677,0.22
407678,0.33
407679,0.09
407680,0.19
407681,0.18
407682,0.05
407684,0.14
407692,0.17
407693,0.15
407694,0.11
407695,0.1
407696,0.16
407697,0.12
407698,0.14
407699,0.15
407702,0.13
407703,0.24
407725,0.14
407726,0.23
407729,0.16
407731,0.02
407745,0.17
407749,0.07
407750,0.15
407751,0.14
407752,0.34
407753,0.18
407754,0.23
407755,0.15
407756,0.03
407765,0.07
407766,0.12
407767,0.15
407768,0.18
407773,0.0
407774,0.19
407778,0.11
407779,0.2
407780,0.34
407781,0.2
407782,0.04
407783,0.07
407784,0.1
407825,0.17
407826,0.12
407828,0.22
407829,0.13
407830,0.26
407831,0.05
407832,0.07
407838,0.15
407839,0.08
407840,0.09
407841,0.2
407842,0.22
407855,0.18
407857,0.11
407881,0.15
407882,0.23
407885,0.17
407915,0.09
407916,0.13
407918,0.19
407919,0.19
407920,0.09
407921,0.05
407922,0.07
407927,0.14
407934,0.17
407941,0.13
407942,0.07
407943,0.09
407944,0.08
407946,0.08
407947,0.12
407952,0.06
407955,0.23
407978,0.12
407986,0.07
408003,0.14
408006,0.13
408008,0.05
408015,0.14
408016,0.11
408028,0.26
408035,0.07
408042,0.11
408044,0.27
408052,0.1
408053,0.15
408056,0.13
408068,0.16
408071,0.12
408074,0.07
408085,0.26
408089,0.12
408091,0.08
408098,0.01
408106,0.13
408108,0.31
408116,0.23
408126,0.19
408130,0.19
408135,0.04
408148,0.09
408168,0.19
408170,0.14
408172,0.12
408176,0.05
408181,0.16
408191,0.02
408194,0.13
408213,0.08
408248,0.1
408249,0.02
408250,0.18
408256,0.31
408261,0.21
408262,0.19
408268,0.18
408269,0.11
408273,0.05
408280,0.11
408286,0.08
408347,0.12
408349,0.02
408350,0.09
408351,0.07
408352,0.08
408355,0.08
408356,0.1
408357,0.09
408384,0.13
408385,0.11
408386,0.21
408387,0.07
408388,0.11
408389,0.14
408390,0.17
408391,0.15
408392,0.11
408393,0.05
408398,0.11
408399,0.09
408400,0.11
408405,0.13
408406,0.12
408437,0.05
408459,0.09
408460,0.23
408463,0.19
408467,0.15
408468,0.14
408471,0.12
408477,0.2
408478,0.12
408479,0.14
408481,0.08
408482,0.06
408483,0.11
408484,0.09
408485,0.17
408486,0.1
408489,0.15
408490,0.14
408504,0.11
408506,0.15
408508,0.08
408514,0.07
408515,0.03
408516,0.17
408517,0.16
408518,0.07
408523,0.18
408524,0.05
408525,0.09
408526,0.13
408531,0.11
408579,0.02
408580,0.1
408581,0.08
408599,0.23
408615,0.13
408616,0.11
408617,0.13
408619,0.08
408622,0.13
408624,0.1
408625,0.08
408626,0.11
408627,0.21
408651,0.07
408658,0.05
408659,0.21
408660,0.1
408661,0.15
408662,0.18
408688,0.11
408689,0.33
408690,0.08
408695,0.13
408696,0.1
408701,0.17
408702,0.08
408705,0.09
408728,0.17
408742,0.16
408759,0.09
408766,0.22
408768,0.13
408774,0.14
408775,0.14
408780,0.17
408790,0.09
408791,0.08
408792,0.08
408794,0.08
408797,0.05
408808,0.16
408830,0.02
408857,0.05
408863,0.2
408874,0.25
408880,0.06
408885,0.07
408890,0.03
408898,0.06
408902,0.09
408903,0.12
408905,0.08
408908,0.15
408911,0.06
408921,0.21
408932,0.09
408933,0.14
408935,0.4
408960,0.17
408968,0.05
408985,0.0
408986,0.12
408990,0.03
408993,0.22
409001,0.04
409003,0.02
409008,0.05
409010,0.13
409015,0.15
409017,0.06
409028,0.05
409034,0.2
409035,0.03
409041,0.13
409054,0.07
409057,0.02
409064,0.22
409065,0.33
409066,0.02
409068,0.13
409076,0.07
409080,0.07
409083,0.14
409084,0.16
409085,0.15
409088,0.17
409105,0.26
409121,0.08
409123,0.27
409133,0.12
409153,0.13
409156,0.11
409157,0.31
409158,0.16
409163,0.25
409167,0.17
409168,0.2
409169,0.11
409172,0.24
409173,0.03
409174,0.09
409175,0.02
409192,0.39
409193,0.2
409197,0.13
409204,0.09
409206,0.09
409208,0.07
409209,0.14
409212,0.1
409213,0.07
409214,0.29
409217,0.13
409218,0.09
409220,0.17
409221,0.03
409227,0.03
409228,0.02
409229,0.18
409230,0.19
409259,0.27
409261,0.15
409269,0.08
409277,0.14
409278,0.1
409285,0.24
409286,0.12
409287,0.16
409293,0.12
409297,0.02
409298,0.09
409299,0.16
409340,0.05
409377,0.24
409383,0.07
409384,0.14
409409,0.06
409412,0.11
409413,0.18
409414,0.09
409415,0.1
409423,0.09
409428,0.19
409429,0.04
409430,0.09
409431,0.03
409432,0.29
409433,0.04
409434,0.2
409442,0.33
409443,0.22
409446,0.05
409463,0.07
409482,0.08
409507,0.17
409508,0.11
409509,0.15
409514,0.24
409535,0.11
409536,0.1
409537,0.01
409538,0.1
409541,0.05
409542,0.16
409543,0.15
409545,0.1
409550,0.1
409551,0.14
409552,0.2
409553,0.31
409558,0.15
409563,0.11
409574,0.12
409607,0.16
409608,0.39
409628,0.01
409632,0.14
409633,0.18
409636,0.16
409676,0.08
409691,0.14
409694,0.17
409707,0.11
409723,0.04
409741,0.01
409743,0.06
409747,0.17
409773,0.16
409777,0.2
409778,0.09
409804,0.12
409805,0.13
409812,0.05
409817,0.1
409836,0.14
409846,0.14
409850,0.24
409852,0.08
409861,0.29
409864,0.39
409871,0.23
409891,0.05
409896,0.04
409917,0.22
409918,0.11
409923,0.05
409941,0.07
409949,0.24
409953,0.16
409958,0.17
409972,0.24
409979,0.14
409983,0.14
409984,0.15
409985,0.09
409986,0.17
409994,0.17
409999,0.22
410019,0.19
410024,0.15
410025,0.02
410039,0.12
410044,0.12
410045,0.17
410046,0.14
410047,0.05
410048,0.08
410065,0.22
410066,0.19
410073,0.07
410087,0.02
410089,0.21
410092,0.1
410093,0.29
410094,0.11
410095,0.17
410096,0.14
410101,0.08
410102,0.14
410103,0.12
410107,0.02
410110,0.11
410111,0.1
410112,0.18
410142,0.13
410143,0.12
410161,0.3
410162,0.04
410165,0.13
410166,0.07
410167,0.22
410184,0.21
410185,0.05
410186,0.03
410187,0.2
410223,0.04
410256,0.33
410257,0.15
410258,0.06
410259,0.14
410269,0.19
410270,0.06
410273,0.1
410274,0.14
410275,0.08
410276,0.23
410277,0.15
410295,0.05
410296,0.1
410297,0.16
410298,0.11
410300,0.03
410301,0.08
410302,0.13
410303,0.18
410304,0.03
410305,0.09
410306,0.16
410307,0.08
410308,0.14
410309,0.2
410316,0.14
410317,0.17
410358,0.16
410359,0.1
410360,0.08
410368,0.17
410369,0.16
410370,0.14
410372,0.12
410373,0.01
410378,0.37
410379,0.13
410380,0.12
410387,0.2
410388,0.23
410389,0.06
410390,0.14
410405,0.14
410411,0.08
410416,0.1
410418,0.18
410424,0.2
410429,0.22
410438,0.08
410442,0.14
410448,0.04
410456,0.04
410464,0.15
410467,0.21
410473,0.12
410476,0.07
410479,0.16
410499,0.14
410526,0.12
410528,0.16
410546,0.33
410564,0.14
410567,0.03
410571,0.14
410572,0.28
410573,0.19
410577,0.1
410581,0.08
410587,0.09
410588,0.07
410595,0.08
410602,0.11
410606,0.16
410616,0.11
410624,0.25
410626,0.17
410637,0.18
410660,0.06
410661,0.08
410663,0.11
410664,0.13
410669,0.18
410675,0.05
410679,0.15
410684,0.1
410689,0.1
410693,0.13
410697,0.05
410698,0.05
410699,0.05
410706,0.08
410710,0.26
410712,0.03
410716,0.11
410725,0.11
410735,0.17
410742,0.11
410745,0.19
410746,0.06
410751,0.07
410753,0.15
410759,0.16
410761,0.21
410770,0.08
410778,0.19
410784,0.09
410786,0.1
410789,0.16
410800,0.12
410811,0.1
410813,0.13
410821,0.22
410822,0.2
410879,0.18
410880,0.16
410900,0.15
410901,0.19
410908,0.07
410909,0.08
410910,0.14
410911,0.25
410912,0.11
410913,0.09
410914,0.2
410915,0.04
410916,0.08
410917,0.2
410918,0.1
410919,0.04
410922,0.23
410923,0.13
410940,0.09
410955,0.22
410956,0.32
410959,0.34
410960,0.19
410961,0.19
410962,0.05
410963,0.23
410964,0.08
410968,0.18
410970,0.0
410971,0.19
410972,0.13
410975,0.08
410994,0.14
410999,0.15
411011,0.25
411012,0.09
411014,0.25
411021,0.0
411022,0.31
411023,0.2
411024,0.23
411025,0.02
411026,0.13
411027,0.2
411028,0.08
411030,0.2
411031,0.13
411032,0.11
411033,0.08
411049,0.14
411050,0.09
411051,0.07
411052,0.15
411073,0.09
411074,0.09
411076,0.1
411080,0.06
411081,0.11
411082,0.12
411093,0.18
411094,0.13
411095,0.13
411099,0.08
411102,0.09
411103,0.25
411112,0.04
411114,0.18
411115,0.1
411116,0.14
411168,0.06
411169,0.41
411170,0.18
411189,0.07
411190,0.14
411195,0.21
411196,0.17
411197,0.13
411205,0.1
411206,0.26
411215,0.21
411216,0.01
411217,0.1
411218,0.24
411222,0.09
411238,0.01
411239,0.14
411240,0.17
411248,0.11
411274,0.22
411275,0.12
411293,0.15
411299,0.16
411300,0.16
411301,0.08
411302,0.08
411305,0.25
411309,0.14
411334,0.16
411343,0.18
411349,0.08
411360,0.14
411363,0.11
411364,0.07
411384,0.2
411402,0.15
411424,0.11
411425,0.1
411430,0.38
411432,0.12
411434,0.18
411447,0.12
411450,0.0
411452,0.2
411463,0.17
411467,0.05
411474,0.11
411478,0.05
411480,0.16
411481,0.24
411502,0.31
411509,0.21
411511,0.15
411515,0.09
411516,0.12
411532,0.14
411565,0.19
411570,0.18
411600,0.25
411608,0.08
411613,0.03
411614,0.13
411620,0.07
411634,0.18
411639,0.08
411645,0.21
411648,0.12
411660,0.04
411668,0.1
411672,0.08
411673,0.05
411674,0.16
411675,0.19
411676,0.15
411677,0.21
411715,0.1
411718,0.09
411719,0.16
411720,0.14
411730,0.09
411731,0.17
411740,0.02
411746,0.12
411748,0.03
411749,0.1
411752,0.03
411753,0.12
411754,0.1
411755,0.08
411767,0.13
411768,0.17
411819,0.22
411826,0.25
411827,0.14
411841,0.09
411842,0.34
411843,0.16
411844,0.12
411845,0.2
411846,0.18
411850,0.26
411852,0.24
411853,0.1
411854,0.1
411855,0.17
411856,0.17
411860,0.06
411883,0.06
411938,0.1
411939,0.17
411940,0.08
411957,0.23
411958,0.11
411959,0.15
411963,0.11
411969,0.01
411970,0.1
411971,0.06
411972,0.08
411973,0.12
411974,0.09
411975,0.11
411977,0.1
411978,0.3
411979,0.28
412004,0.03
412008,0.08
412009,0.29
412010,0.13
412030,0.15
412031,0.11
412032,0.03
412036,0.01
412038,0.08
412047,0.11
412049,0.43
412082,0.04
412092,0.11
412098,0.18
412101,0.18
412108,0.33
412111,0.19
412119,0.06
412128,0.08
412139,0.16
412152,0.2
412154,0.06
412178,0.19
412180,0.09
412193,0.14
412199,0.15
412204,0.07
412206,0.16
412207,0.15
412211,0.06
412220,0.06
412221,0.13
412229,0.12
412234,0.01
412235,0.11
412236,0.2
412251,0.09
412262,0.11
412270,0.31
412280,0.1
412289,0.2
412305,0.01
412310,0.14
412345,0.15
412348,0.11
412361,0.03
412367,0.12
412368,0.06
412370,0.17
412372,0.24
412377,0.13
412380,0.14
412382,0.06
412391,0.16
412393,0.17
412411,0.3
412412,0.07
412415,0.21
412416,0.34
412422,0.23
412428,0.25
412430,0.08
412436,0.11
412447,0.1
412451,0.12
412456,0.08
412470,0.16
412472,0.12
412478,0.02
412487,0.14
412490,0.12
412494,0.15
412516,0.17
412519,0.15
412525,0.13
412527,0.21
412528,0.13
412551,0.1
412552,0.07
412557,0.12
412558,0.07
412559,0.12
412561,0.09
412563,0.02
412564,0.09
412565,0.1
412593,0.16
412598,0.27
412602,0.17
412610,0.19
412611,0.22
412612,0.03
412613,0.1
412621,0.13
412622,0.06
412623,0.19
412624,0.38
412637,0.16
412638,0.23
412639,0.22
412640,0.04
412641,0.06
412642,0.17
412643,0.15
412644,0.16
412651,0.2
412667,0.1
412669,0.24
412686,0.11
412712,0.02
412713,0.22
412714,0.09
412715,0.13
412720,0.1
412728,0.1
412738,0.11
412739,0.09
412740,0.22
412741,0.2
412753,0.12
412754,0.08
412762,0.09
412764,0.19
412765,0.17
412775,0.1
412776,0.12
412777,0.08
412778,0.34
412800,0.08
412801,0.13
412802,0.23
412829,0.16
412854,0.22
412855,0.15
412861,0.17
412862,0.1
412863,0.2
412883,0.08
412884,0.06
412886,0.27
412898,0.23
412899,0.16
412900,0.04
412922,0.19
412941,0.15
412959,0.07
412967,0.18
412980,0.17
412997,0.1
413016,0.14
413017,0.21
413027,0.1
413034,0.24
413038,0.25
413054,0.06
413059,0.14
413065,0.13
413073,0.15
413075,0.41
413081,0.04
413089,0.34
413091,0.12
413094,0.11
413104,0.11
413107,0.19
413110,0.27
413113,0.17
413117,0.13
413124,0.14
413126,0.21
413137,0.11
413145,0.05
413146,0.2
413147,0.15
413150,0.09
413159,0.27
413160,0.16
413172,0.22
413179,0.04
413181,0.06
413185,0.15
413188,0.2
413197,0.07
413208,0.26
413215,0.14
413216,0.16
413219,0.09
413232,0.14
413237,0.12
413243,0.25
413249,0.11
413262,0.04
413263,0.2
413271,0.21
413274,0.1
413280,0.04
413296,0.16
413299,0.26
413303,0.03
413320,0.01
413324,0.23
413325,0.18
413335,0.13
413341,0.09
413342,0.01
413351,0.23
413352,0.2
413359,0.03
413373,0.21
413374,0.11
413375,0.15
413376,0.25
413377,0.22
413383,0.13
413384,0.17
413392,0.13
413393,0.13
413395,0.15
413424,0.16
413425,0.17
413457,0.06
413458,0.21
413459,0.19
413460,0.03
413465,0.19
413466,0.2
413467,0.02
413468,0.06
413475,0.21
413476,0.16
413477,0.26
413478,0.08
413479,0.04
413489,0.21
413491,0.16
413492,0.21
413493,0.08
413494,0.15
413495,0.09
413498,0.25
413499,0.17
413545,0.13
413549,0.1
413550,0.05
413551,0.16
413552,0.22
413553,0.04
413554,0.13
413558,0.18
413559,0.26
413562,0.09
413563,0.13
413564,0.01
413592,0.06
413593,0.25
413594,0.07
413595,0.07
413596,0.17
413597,0.1
413604,0.13
413605,0.24
413606,0.12
413607,0.09
413616,0.22
413617,0.18
413618,0.12
413625,0.14
413626,0.11
413627,0.18
413628,0.09
413629,0.03
413630,0.23
413631,0.16
413632,0.09
413633,0.28
413634,0.13
413635,0.07
413636,0.19
413644,0.11
413645,0.21
413646,0.07
413683,0.13
413685,0.15
413686,0.27
413690,0.1
413691,0.1
413692,0.1
413693,0.21
413694,0.15
413695,0.02
413696,0.06
413702,0.12
413707,0.11
413708,0.22
413709,0.18
413730,0.09
413731,0.13
413732,0.09
413733,0.06
413734,0.14
413736,0.13
413748,0.17
413749,0.36
413751,0.25
413752,0.24
413754,0.12
413755,0.35
413756,0.13
413757,0.1
413758,0.28
413759,0.28
413760,0.07
413764,0.11
413765,0.11
413766,0.15
413767,0.21
413768,0.13
413769,0.18
413770,0.08
413776,0.05
413777,0.08
413778,0.14
413797,0.15
413824,0.12
413828,0.15
413831,0.13
413834,0.25
413841,0.09
413848,0.15
413850,0.14
413851,0.17
413857,0.06
413860,0.03
413867,0.09
413868,0.11
413871,0.16
413878,0.16
413882,0.05
413885,0.04
413886,0.29
413892,0.14
413896,0.36
413897,0.12
413917,0.17
413921,0.04
413934,0.29
413941,0.16
413953,0.08
413958,0.14
413967,0.2
413971,0.12
413975,0.04
413978,0.13
413983,0.23
413984,0.07
413989,0.12
413992,0.03
414001,0.18
414002,0.2
414003,0.09
414007,0.23
414008,0.07
414016,0.32
414022,0.21
414026,0.2
414041,0.15
414042,0.24
414045,0.09
414047,0.11
414050,0.28
414061,0.04
414068,0.14
414076,0.13
414093,0.11
414102,0.12
414109,0.11
414117,0.07
414144,0.04
414149,0.01
414160,0.1
414166,0.34
414171,0.13
414172,0.21
414183,0.2
414186,0.05
414192,0.09
414194,0.16
414203,0.25
414206,0.1
414207,0.11
414229,0.04
414231,0.13
414248,0.09
414251,0.12
414252,0.19
414253,0.37
414254,0.19
414255,0.15
414262,0.09
414265,0.15
414266,0.09
414267,0.14
414269,0.07
414270,0.09
414271,0.13
414272,0.1
414273,0.12
414275,0.09
414323,0.26
414324,0.03
414328,0.01
414329,0.12
414333,0.22
414341,0.06
414357,0.05
414358,0.12
414359,0.08
414362,0.19
414363,0.2
414368,0.08
414372,0.06
414375,0.07
414376,0.16
414382,0.13
414383,0.13
414480,0.15
414481,0.19
414484,0.13
414485,0.09
414486,0.13
414487,0.06
414488,0.16
414489,0.06
414492,0.09
414493,0.25
414497,0.12
414501,0.08
414543,0.23
414544,0.18
414559,0.18
414560,0.2
414561,0.16
414573,0.1
414574,0.15
414575,0.26
414577,0.19
414584,0.33
414585,0.1
414586,0.18
414590,0.09
414591,0.13
414593,0.26
414597,0.12
414598,0.36
414621,0.15
414635,0.28
414639,0.04
414640,0.06
414648,0.1
414656,0.08
414659,0.2
414660,0.1
414663,0.2
414683,0.19
414691,0.19
414700,0.15
414705,0.11
414708,0.11
414711,0.12
414712,0.09
414716,0.17
414720,0.09
414733,0.03
414740,0.11
414748,0.22
414767,0.22
414771,0.23
414779,0.08
414785,0.18
414787,0.04
414793,0.08
414816,0.14
414830,0.1
414831,0.25
414859,0.05
414864,0.06
414867,0.13
414871,0.21
414879,0.15
414892,0.28
414895,0.11
414911,0.2
414915,0.07
414922,0.06
414939,0.11
414945,0.05
414960,0.02
414969,0.11
414973,0.15
414979,0.14
414985,0.12
414992,0.06
414996,0.2
415000,0.02
415001,0.2
415005,0.1
415024,0.16
415038,0.14
415041,0.26
415049,0.18
415055,0.06
415061,0.19
415064,0.18
415069,0.1
415070,0.14
415071,0.18
415072,0.17
415074,0.16
415078,0.25
415079,0.11
415080,0.17
415081,0.29
415082,0.15
415085,0.05
415086,0.13
415089,0.21
415090,0.2
415091,0.15
415092,0.13
415095,0.08
415100,0.29
415101,0.04
415102,0.15
415103,0.07
415104,0.04
415106,0.14
415107,0.24
415108,0.17
415109,0.35
415110,0.24
415111,0.04
415113,0.11
415114,0.06
415115,0.13
415116,0.09
415117,0.15
415118,0.11
415119,0.41
415120,0.13
415121,0.17
415122,0.32
415123,0.13
415124,0.37
415126,0.25
415152,0.09
415205,0.16
415209,0.15
415326,0.13
415409,0.08
415414,0.11
415430,0.14
415466,0.15
415467,0.25
415473,0.16
415474,0.08
415479,0.07
415480,0.07
415486,0.11
415488,0.06
415489,0.09
415490,0.09
415493,0.13
415494,0.17
415497,0.11
415498,0.23
415499,0.02
415505,0.11
415506,0.18
415509,0.15
415511,0.17
415514,0.21
415517,0.14
415519,0.11
415521,0.34
415522,0.07
415523,0.13
415525,0.06
415527,0.11
415529,0.04
415531,0.22
415533,0.18
415534,0.05
415536,0.03
415537,0.24
415539,0.14
415540,0.06
415541,0.28
415542,0.13
415543,0.01
415544,0.11
415545,0.21
415546,0.09
415547,0.09
415548,0.09
415549,0.1
415550,0.14
415652,0.11
415654,0.1
415686,0.2
415687,0.11
415695,0.12
415698,0.13
415701,0.23
415705,0.19
415707,0.12
415709,0.06
415712,0.09
415718,0.12
415724,0.15
415729,0.14
415730,0.24
415731,0.1
415733,0.13
415736,0.14
415737,0.07
415738,0.13
415741,0.19
415742,0.21
415743,0.13
415744,0.13
415745,0.09
415746,0.18
415747,0.28
415749,0.14
415750,0.09
415751,0.16
415752,0.13
415753,0.29
415754,0.09
415755,0.16
415756,0.13
415757,0.14
415850,0.2
415874,0.11
415930,0.13
415962,0.28
415994,0.31
415995,0.15
416088,0.17
416129,0.33
416228,0.08
416229,0.14
416239,0.2
416243,0.22
416245,0.16
416253,0.17
416263,0.16
416264,0.16
416265,0.15
416269,0.31
416272,0.05
416273,0.05
416274,0.11
416275,0.15
416276,0.21
416277,0.14
416278,0.22
416280,0.21
416283,0.18
416287,0.07
416288,0.28
416291,0.17
416292,0.18
416294,0.1
416295,0.17
416296,0.06
416300,0.07
416301,0.12
416302,0.21
416303,0.05
416305,0.19
416306,0.18
416307,0.12
416309,0.11
416310,0.42
416311,0.15
416312,0.14
416313,0.33
416314,0.01
416315,0.11
416316,0.26
416426,0.09
416435,0.07
416444,0.06
416477,0.18
416484,0.13
416488,0.18
416502,0.08
416542,0.08
416582,0.08
416647,0.2
416658,0.02
416659,0.09
416675,0.12
416676,0.26
416696,0.23
416721,0.13
416729,0.24
416743,0.25
416744,0.11
416761,0.15
416793,0.12
416826,0.1
416848,0.13
416850,0.16
416860,0.3
416861,0.32
416862,0.08
416865,0.24
416870,0.19
416871,0.27
416872,0.18
416874,0.25
416877,0.07
416879,0.17
416881,0.09
416882,0.06
416883,0.17
416884,0.11
416885,0.16
416886,0.14
416887,0.02
416888,0.1
416890,0.09
416893,0.16
416894,0.1
416895,0.08
416896,0.07
416897,0.13
416899,0.16
416900,0.07
416901,0.18
416902,0.01
416903,0.13
417043,0.13
417159,0.17
417182,0.12
417183,0.1
417187,0.04
417209,0.11
417226,0.25
417228,0.25
417232,0.06
417234,0.16
417241,0.12
417245,0.07
417246,0.15
417247,0.14
417250,0.29
417251,0.04
417253,0.08
417254,0.1
417255,0.13
417256,0.12
417257,0.1
417258,0.08
417259,0.14
417260,0.35
417261,0.01
417263,0.19
417264,0.11
417265,0.29
417266,0.16
417267,0.14
417268,0.1
417338,0.14
417342,0.18
417349,0.1
417382,0.12
417388,0.18
417389,0.14
417393,0.17
417395,0.17
417397,0.13
417398,0.21
417401,0.12
417403,0.12
417406,0.18
417407,0.24
417408,0.23
417409,0.04
417411,0.2
417412,0.17
417414,0.22
417416,0.19
417417,0.1
417420,0.12
417421,0.25
417422,0.25
417423,0.12
417426,0.17
417427,0.17
417428,0.15
417429,0.06
417430,0.21
417431,0.08
417432,0.04
417433,0.14
417435,0.1
417436,0.07
417438,0.15
417439,0.08
417440,0.03
417441,0.06
417442,0.17
417443,0.15
417444,0.21
417445,0.26
417446,0.12
417447,0.1
417448,0.14
417449,0.26
417450,0.07
417451,0.28
417452,0.09
417453,0.25
417454,0.15
417455,0.28
417456,0.07
417457,0.13
417513,0.01
417544,0.44
417555,0.14
417567,0.13
417612,0.09
417625,0.15
417626,0.14
417627,0.05
417648,0.18
417735,0.1
417736,0.23
417749,0.13
417778,0.07
417863,0.06
417893,0.2
417895,0.13
417903,0.05
417910,0.01
417915,0.27
417925,0.18
417927,0.04
417940,0.26
417949,0.18
417950,0.19
417952,0.07
417956,0.14
417969,0.14
417970,0.15
417974,0.06
417975,0.1
417976,0.18
417980,0.16
417982,0.22
417983,0.07
417987,0.16
417988,0.31
417989,0.13
417990,0.28
417993,0.17
417994,0.11
417995,0.05
417996,0.18
417997,0.12
417998,0.24
417999,0.14
418000,0.27
418001,0.16
418002,0.12
418003,0.19
418004,0.15
418005,0.15
418006,0.07
418009,0.26
418011,0.19
418012,0.03
418013,0.26
418014,0.11
418015,0.21
418029,0.21
418030,0.04
418132,0.19
418217,0.15
418222,0.14
418237,0.12
418272,0.2
418343,0.17
418344,0.11
418345,0.21
418386,0.12
418387,0.13
418402,0.1
418436,0.03
418456,0.17
418458,0.16
418460,0.14
418487,0.09
418514,0.23
418519,0.06
418532,0.04
418539,0.09
418549,0.03
418555,0.1
418556,0.25
418558,0.23
418559,0.13
418562,0.03
418568,0.33
418576,0.1
418578,0.25
418580,0.16
418581,0.21
418582,0.07
418584,0.05
418585,0.1
418587,0.11
418591,0.12
418592,0.13
418593,0.1
418595,0.22
418596,0.22
418597,0.13
418598,0.06
418599,0.04
418600,0.04
418601,0.12
418602,0.23
418603,0.22
418604,0.15
418606,0.25
418607,0.01
418608,0.12
418609,0.11
418610,0.09
418611,0.12
418612,0.12
418613,0.19
418614,0.11
418615,0.03
418616,0.05
418618,0.18
418651,0.1
418652,0.08
418653,0.23
418658,0.12
418692,0.13
418749,0.26
418820,0.13
418843,0.14
418863,0.16
418915,0.02
418938,0.3
418957,0.12
419024,0.18
419061,0.01
419063,0.16
419076,0.16
419093,0.06
419131,0.18
419132,0.2
419138,0.15
419139,0.13
419141,0.09
419142,0.13
419143,0.15
419145,0.1
419149,0.17
419151,0.16
419152,0.19
419153,0.11
419154,0.1
419155,0.11
419156,0.11
419157,0.16
419158,0.37
419159,0.14
419162,0.05
419163,0.17
419165,0.27
419168,0.22
419169,0.05
419170,0.12
419171,0.24
419172,0.2
419173,0.13
419174,0.11
419175,0.07
419176,0.15
419177,0.2
419178,0.29
419270,0.21
419305,0.24
419330,0.05
419485,0.03
419491,0.04
419499,0.09
419513,0.17
419514,0.05
419535,0.08
419538,0.09
419582,0.26
419601,0.02
419611,0.2
419644,0.22
419648,0.12
419649,0.12
419656,0.15
419671,0.12
419677,0.14
419685,0.2
419688,0.19
419689,0.17
419690,0.04
419691,0.26
419698,0.24
419699,0.16
419701,0.24
419703,0.2
419704,0.16
419705,0.2
419746,0.25
419750,0.16
419767,0.13
419775,0.11
419783,0.18
419787,0.17
419788,0.18
419790,0.07
419791,0.11
419792,0.1
419794,0.16
419795,0.25
419797,0.11
419798,0.06
419799,0.12
419804,0.16
419805,0.26
419806,0.09
419808,0.09
419810,0.17
419811,0.09
419812,0.34
419815,0.19
419816,0.08
419817,0.1
419818,0.2
419820,0.08
419821,0.14
419824,0.19
419825,0.2
419826,0.18
419827,0.07
419828,0.06
419829,0.09
419830,0.31
419831,0.16
419832,0.25
419833,0.15
419834,0.14
419835,0.05
419836,0.11
419837,0.2
419838,0.02
419839,0.18
419840,0.08
419841,0.28
419842,0.31
419843,0.22
419913,0.25
419916,0.2
419955,0.13
419956,0.12
419992,0.05
420150,0.17
420160,0.16
420190,0.09
420195,0.21
420204,0.14
420207,0.16
420210,0.1
420214,0.13
420218,0.03
420219,0.28
420220,0.15
420242,0.16
420249,0.04
420254,0.02
420255,0.11
420258,0.1
420260,0.05
420263,0.24
420265,0.03
420271,0.04
420273,0.17
420274,0.1
420275,0.16
420277,0.06
420278,0.13
420279,0.14
420280,0.16
420281,0.02
420283,0.16
420284,0.14
420285,0.04
420286,0.07
420287,0.2
420288,0.17
420290,0.1
420291,0.07
420293,0.13
420294,0.09
420295,0.04
420296,0.04
420297,0.22
420298,0.16
420299,0.15
420300,0.1
420344,0.08
420345,0.25
420347,0.04
420348,0.27
420349,0.11
420350,0.01
420351,0.03
420352,0.09
420353,0.09
420354,0.23
420355,0.11
420356,0.1
420357,0.19
420358,0.09
420359,0.14
420360,0.08
420361,0.07
420362,0.13
420363,0.12
420364,0.16
420365,0.09
420366,0.18
420383,0.07
420436,0.2
420446,0.1
420554,0.12
420565,0.18
420569,0.12
420573,0.03
420574,0.15
420587,0.13
420589,0.23
420593,0.06
420594,0.09
420595,0.15
420598,0.14
420601,0.17
420602,0.27
420603,0.06
420607,0.08
420611,0.06
420613,0.13
420614,0.14
420615,0.11
420616,0.1
420617,0.3
420618,0.08
420619,0.16
420620,0.01
420621,0.19
420622,0.15
420623,0.19
420624,0.04
420625,0.13
420626,0.23
420627,0.2
420628,0.05
420629,0.05
420631,0.05
420633,0.09
420634,0.12
420635,0.05
420636,0.06
420637,0.11
420662,0.03
420727,0.07
420728,0.07
420733,0.27
420787,0.11
420789,0.11
420792,0.2
420797,0.31
420814,0.12
420833,0.28
420839,0.12
420841,0.16
420843,0.1
420844,0.2
420847,0.14
420849,0.11
420851,0.14
420853,0.13
420854,0.18
420855,0.13
420856,0.09
420857,0.13
420858,0.07
420859,0.2
420860,0.3
420861,0.16
420862,0.2
420863,0.12
420864,0.1
420866,0.35
420867,0.06
420868,0.03
420869,0.09
420870,0.03
420871,0.12
420872,0.16
420873,0.06
420874,0.19
420875,0.22
420876,0.07
420878,0.07
420879,0.14
420880,0.08
420881,0.15
420882,0.05
420883,0.2
420884,0.18
420885,0.15
420886,0.03
420887,0.17
420888,0.09
420905,0.05
421015,0.02
421200,0.28
421269,0.22
421272,0.18
421290,0.23
421323,0.33
421342,0.17
421349,0.12
421355,0.09
421356,0.11
421363,0.24
421365,0.24
421381,0.15
421383,0.06
421386,0.41
421394,0.09
421395,0.15
421399,0.15
421431,0.28
421467,0.18
421554,0.04
421557,0.11
421558,0.08
421562,0.01
421614,0.27
421690,0.16
421758,0.31
421776,0.21
421827,0.22
421828,0.15
421829,0.15
421848,0.06
421862,0.08
421863,0.1
421868,0.07
421884,0.09
421921,0.25
421924,0.18
421958,0.2
421961,0.1
421964,0.05
421968,0.16
421974,0.15
421975,0.03
421977,0.1
421978,0.27
421979,0.11
421980,0.16
421982,0.19
421985,0.18
421986,0.08
421987,0.18
421988,0.1
421989,0.14
421990,0.14
421991,0.19
421993,0.04
421994,0.16
421996,0.51
421997,0.03
421998,0.24
421999,0.31
422000,0.15
422001,0.17
422002,0.21
422004,0.16
422005,0.15
422007,0.22
422008,0.16
422010,0.11
422011,0.12
422012,0.11
422014,0.23
422015,0.25
422016,0.22
422017,0.06
422018,0.19
422019,0.15
422039,0.05
422041,0.1
422042,0.08
422043,0.15
422044,0.14
422045,0.08
422047,0.21
422048,0.03
422049,0.18
422050,0.14
422051,0.13
422053,0.05
422054,0.15
422055,0.15
422056,0.16
422057,0.11
422058,0.15
422059,0.09
422060,0.1
422063,0.33
422064,0.16
422065,0.11
422066,0.14
422067,0.03
422068,0.1
422069,0.06
422070,0.08
422071,0.11
422072,0.08
422074,0.18
422152,0.1
422210,0.13
422227,0.28
422308,0.1
422339,0.13
422368,0.06
422391,0.17
422407,0.13
422485,0.11
422491,0.13
422506,0.17
422508,0.24
422512,0.15
422513,0.02
422514,0.08
422518,0.07
422519,0.15
422523,0.21
422524,0.09
422525,0.09
422526,0.06
422527,0.13
422531,0.26
422533,0.09
422534,0.06
422536,0.13
422537,0.22
422538,0.23
422540,0.2
422541,0.28
422543,0.1
422544,0.22
422545,0.11
422546,0.11
422547,0.24
422548,0.16
422549,0.14
422550,0.07
422551,0.05
422552,0.18
422553,0.13
422554,0.19
422555,0.38
422556,0.1
422639,0.17
422667,0.2
422734,0.15
422748,0.27
422749,0.15
422796,0.09
422810,0.12
422839,0.16
422850,0.19
422891,0.16
422940,0.19
422962,0.17
422964,0.17
423009,0.14
423022,0.05
423041,0.14
423046,0.11
423052,0.12
423055,0.12
423061,0.15
423075,0.1
423076,0.11
423077,0.18
423081,0.39
423083,0.25
423087,0.14
423089,0.16
423091,0.04
423098,0.09
423105,0.01
423106,0.08
423107,0.07
423114,0.17
423116,0.16
423120,0.19
423121,0.16
423125,0.15
423132,0.08
423133,0.12
423134,0.33
423135,0.16
423137,0.13
423138,0.01
423139,0.12
423140,0.14
423141,0.21
423143,0.13
423144,0.14
423145,0.08
423146,0.12
423147,0.12
423148,0.15
423149,0.12
423150,0.12
423151,0.09
423152,0.06
423153,0.25
423154,0.1
423155,0.08
423156,0.07
423157,0.12
423158,0.19
423159,0.21
423228,0.16
423237,0.17
423386,0.25
423416,0.25
423417,0.22
423489,0.16
423503,0.2
423522,0.08
423571,0.04
423574,0.02
423580,0.13
423621,0.16
423622,0.25
423624,0.1
423629,0.06
423631,0.28
423648,0.26
423651,0.12
423652,0.17
423658,0.28
423663,0.02
423664,0.04
423665,0.17
423668,0.14
423670,0.15
423671,0.12
423672,0.22
423679,0.06
423681,0.06
423687,0.16
423688,0.17
423690,0.06
423691,0.1
423693,0.1
423696,0.19
423698,0.19
423699,0.13
423700,0.13
423701,0.09
423702,0.15
423703,0.01
423704,0.04
423706,0.11
423707,0.15
423708,0.05
423709,0.18
423710,0.14
423711,0.09
423712,0.16
423713,0.14
423714,0.45
423715,0.07
423717,0.14
423718,0.09
423719,0.21
423720,0.14
423721,0.14
423722,0.08
423723,0.19
423724,0.07
423726,0.12
423730,0.07
423734,0.07
423735,0.18
423736,0.09
423737,0.09
423738,0.12
423739,0.03
423740,0.14
423741,0.11
423742,0.16
423743,0.17
423746,0.09
423747,0.1
423748,0.24
423749,0.08
423750,0.31
423751,0.1
423752,0.12
423753,0.15
423754,0.04
423755,0.02
423756,0.1
423800,0.12
423894,0.1
423938,0.22
423939,0.22
423940,0.08
423947,0.05
423957,0.24
423959,0.14
423966,0.2
423968,0.1
423972,0.1
423978,0.21
423979,0.14
423982,0.22
423983,0.09
423986,0.15
423990,0.19
423993,0.1
423994,0.06
423996,0.13
423998,0.14
423999,0.13
424000,0.02
424001,0.14
424002,0.04
424003,0.25
424004,0.14
424005,0.06
424006,0.21
424007,0.16
424008,0.28
424009,0.14
424010,0.19
424011,0.18
424012,0.08
424013,0.22
424014,0.16
424015,0.1
424016,0.1
424161,0.15
424189,0.25
424192,0.07
424198,0.03
424202,0.09
424203,0.05
424207,0.17
424208,0.1
424211,0.12
424214,0.18
424215,0.19
424216,0.06
424220,0.13
424222,0.1
424223,0.07
424232,0.07
424234,0.07
424235,0.15
424236,0.08
424241,0.03
424244,0.09
424245,0.16
424246,0.09
424248,0.1
424249,0.2
424251,0.08
424252,0.11
424253,0.07
424254,0.21
424255,0.04
424256,0.17
424257,0.05
424258,0.17
424259,0.18
424260,0.12
424261,0.1
424262,0.1
424264,0.09
424265,0.29
424266,0.2
424267,0.11
424268,0.18
424270,0.22
424271,0.25
424272,0.06
424273,0.17
424274,0.1
424275,0.03
424320,0.18
424354,0.1
424359,0.15
424360,0.19
424361,0.23
424362,0.16
424363,0.04
424364,0.1
424365,0.11
424491,0.12
424576,0.14
424639,0.09
424640,0.09
424653,0.2
424672,0.14
424708,0.15
424724,0.1
424725,0.22
424734,0.24
424755,0.2
424758,0.21
424765,0.05
424770,0.21
424773,0.23
424780,0.08
424784,0.11
424791,0.18
424797,0.11
424800,0.08
424807,0.07
424809,0.08
424812,0.19
424813,0.21
424816,0.12
424817,0.01
424820,0.16
424822,0.16
424823,0.06
424825,0.11
424826,0.15
424827,0.09
424828,0.19
424830,0.15
424831,0.12
424832,0.28
424833,0.08
424834,0.16
424835,0.14
424836,0.1
424837,0.23
424838,0.09
424839,0.08
424840,0.04
424841,0.32
424843,0.18
424845,0.15
424846,0.08
424847,0.07
424848,0.12
424849,0.16
424850,0.29
424851,0.13
424852,0.03
424853,0.1
424854,0.1
424856,0.12
424857,0.15
424947,0.21
425037,0.18
425039,0.23
425096,0.11
425107,0.1
425156,0.05
425191,0.05
425192,0.2
425230,0.14
425231,0.16
425237,0.24
425281,0.21
425301,0.08
425306,0.27
425312,0.01
425313,0.06
425317,0.21
425326,0.15
425330,0.1
425336,0.33
425338,0.19
425343,0.15
425345,0.09
425360,0.11
425364,0.27
425368,0.11
425369,0.12
425371,0.17
425372,0.14
425373,0.27
425374,0.13
425376,0.14
425379,0.09
425380,0.05
425381,0.14
425382,0.09
425383,0.09
425384,0.14
425385,0.22
425388,0.22
425389,0.21
425390,0.09
425391,0.14
425392,0.11
425394,0.14
425395,0.2
425396,0.12
425397,0.02
425398,0.15
425399,0.17
425400,0.03
425403,0.15
425404,0.13
425405,0.16
425406,0.21
425407,0.23
425408,0.02
425409,0.09
425411,0.05
425412,0.06
425413,0.3
425414,0.22
425415,0.15
425416,0.25
425418,0.02
425419,0.13
425423,0.14
425424,0.2
425425,0.29
425426,0.07
425429,0.18
425430,0.16
425431,0.2
425432,0.13
425433,0.14
425434,0.1
425435,0.19
425437,0.13
425438,0.15
425439,0.02
425440,0.17
425441,0.17
425442,0.23
425444,0.28
425446,0.08
425447,0.14
425448,0.18
425449,0.18
425450,0.24
425451,0.21
425453,0.3
425454,0.23
425455,0.08
425456,0.11
425457,0.24
425458,0.16
425459,0.23
425460,0.04
425461,0.14
425462,0.05
425511,0.03
425601,0.03
425810,0.1
425824,0.14
425830,0.22
425835,0.1
425838,0.12
425865,0.19
425877,0.12
425904,0.11
425905,0.1
425906,0.03
425909,0.13
425911,0.32
425913,0.07
425923,0.11
425932,0.17
425938,0.01
425939,0.25
425943,0.16
425944,0.14
425945,0.1
425946,0.08
425948,0.14
425950,0.1
425952,0.15
425954,0.07
425955,0.08
425957,0.09
425958,0.09
425959,0.16
425960,0.28
425961,0.28
425962,0.17
425964,0.18
425965,0.07
425966,0.24
425967,0.11
425968,0.12
425969,0.1
425970,0.11
425971,0.32
425972,0.09
425976,0.18
426050,0.06
426051,0.29
426052,0.02
426053,0.11
426124,0.07
426132,0.2
426154,0.21
426192,0.1
426235,0.13
426297,0.16
426387,0.27
426396,0.08
426436,0.06
426437,0.09
426460,0.21
426466,0.23
426469,0.08
426510,0.13
426617,0.18
426630,0.13
426631,0.07
426650,0.21
426688,0.09
426691,0.16
426855,0.12
426873,0.26
426890,0.07
426891,0.13
426895,0.03
426928,0.38
426929,0.09
426955,0.2
426957,0.13
427007,0.22
427009,0.02
427021,0.09
427023,0.1
427032,0.06
427036,0.21
427040,0.09
427041,0.06
427042,0.16
427044,0.05
427048,0.21
427050,0.09
427054,0.05
427057,0.09
427058,0.11
427059,0.09
427060,0.28
427062,0.09
427063,0.19
427064,0.09
427065,0.17
427067,0.26
427069,0.09
427070,0.24
427071,0.22
427072,0.1
427073,0.15
427074,0.04
427075,0.05
427076,0.04
427077,0.12
427078,0.22
427079,0.12
427080,0.02
427081,0.15
427082,0.06
427088,0.12
427109,0.16
427110,0.19
427111,0.13
427114,0.14
427115,0.28
427120,0.05
427121,0.04
427122,0.31
427125,0.08
427126,0.07
427127,0.16
427128,0.16
427129,0.2
427130,0.31
427131,0.08
427132,0.08
427133,0.09
427134,0.09
427135,0.1
427137,0.18
427138,0.12
427139,0.12
427140,0.16
427142,0.19
427143,0.12
427144,0.26
427145,0.01
427146,0.19
427147,0.22
427148,0.17
427149,0.19
427150,0.18
427151,0.14
427152,0.02
427153,0.11
427154,0.26
427155,0.24
427156,0.09
427157,0.17
427158,0.2
427159,0.13
427160,0.17
427161,0.17
427162,0.31
427163,0.25
427164,0.08
427165,0.02
427254,0.15
427263,0.09
427324,0.13
427330,0.24
427379,0.18
427465,0.06
427485,0.16
427489,0.05
427505,0.18
427567,0.19
427575,0.27
427578,0.27
427589,0.37
427612,0.13
427615,0.06
427618,0.04
427620,0.11
427622,0.05
427627,0.12
427628,0.12
427632,0.02
427634,0.12
427635,0.18
427637,0.1
427639,0.24
427640,0.13
427641,0.05
427642,0.19
427643,0.19
427645,0.17
427646,0.16
427647,0.08
427649,0.15
427650,0.06
427652,0.26
427653,0.14
427654,0.1
427655,0.3
427656,0.04
427657,0.14
427658,0.28
427659,0.14
427660,0.18
427661,0.16
427662,0.03
427663,0.15
427664,0.14
427665,0.1
427666,0.12
427667,0.2
427668,0.28
427669,0.05
427671,0.35
427672,0.2
427673,0.18
427676,0.16
427677,0.01
427703,0.07
427738,0.05
427809,0.05
427881,0.13
427949,0.05
427985,0.32
428047,0.13
428054,0.39
428080,0.22
428143,0.31
428162,0.21
428166,0.06
428187,0.15
428188,0.11
428189,0.05
428195,0.11
428196,0.16
428198,0.17
428200,0.08
428201,0.13
428204,0.28
428206,0.2
428207,0.18
428208,0.24
428210,0.17
428211,0.17
428212,0.23
428213,0.1
428215,0.13
428217,0.13
428218,0.05
428219,0.09
428220,0.08
428222,0.27
428223,0.1
428224,0.07
428225,0.06
428227,0.14
428228,0.15
428229,0.31
428230,0.3
428231,0.16
428232,0.12
428233,0.15
428234,0.08
428235,0.33
428236,0.16
428237,0.28
428238,0.13
428240,0.03
428241,0.16
428242,0.08
428243,0.18
428244,0.24
428311,0.08
428312,0.15
428313,0.18
428314,0.06
428409,0.08
428416,0.08
428423,0.21
428424,0.21
428463,0.24
428485,0.37
428517,0.1
428518,0.31
428561,0.04
428565,0.11
428590,0.17
428597,0.14
428614,0.16
428616,0.22
428621,0.09
428626,0.26
428629,0.03
428636,0.19
428647,0.11
428654,0.1
428659,0.07
428686,0.12
428690,0.08
428701,0.16
428708,0.18
428714,0.24
428722,0.07
428729,0.14
428745,0.21
428751,0.09
428757,0.0
428764,0.2
428774,0.13
428778,0.15
428783,0.15
428789,0.17
428797,0.08
428799,0.12
428801,0.43
428804,0.13
428806,0.22
428813,0.11
428816,0.11
428821,0.18
428832,0.22
428839,0.14
428842,0.21
428850,0.15
428859,0.12
428871,0.12
428907,0.18
428913,0.08
428920,0.3
428924,0.16
428928,0.19
428930,0.13
428933,0.16
428938,0.13
428944,0.14
428948,0.19
428963,0.04
428975,0.19
428979,0.11
428982,0.34
428984,0.04
428987,0.2
429015,0.07
429018,0.11
429028,0.18
429035,0.27
429037,0.14
429042,0.0
429055,0.01
429066,0.15
429067,0.26
429069,0.09
429077,0.31
429078,0.21
429083,0.12
429091,0.21
429093,0.05
429094,0.14
429103,0.13
429109,0.21
429121,0.19
429129,0.09
429134,0.09
429138,0.09
429164,0.1
429173,0.15
429182,0.02
429190,0.15
429199,0.11
429219,0.19
429224,0.07
429226,0.31
429230,0.05
429239,0.05
429243,0.07
429256,0.17
429266,0.16
429269,0.2
429294,0.16
429295,0.21
429297,0.17
429299,0.09
429302,0.03
429305,0.19
429308,0.02
429314,0.15
429318,0.13
429348,0.19
429356,0.41
429359,0.18
429372,0.08
429373,0.16
429384,0.2
429385,0.21
429398,0.04
429405,0.04
429407,0.14
429408,0.07
429412,0.16
429414,0.14
429415,0.16
429421,0.11
429422,0.01
429430,0.07
429432,0.02
429440,0.32
429442,0.21
429451,0.34
429459,0.19
429469,0.13
429471,0.17
429482,0.06
429483,0.17
429491,0.16
429493,0.12
429496,0.17
429498,0.1
429501,0.17
429502,0.12
429508,0.07
429509,0.02
429511,0.19
429528,0.03
429531,0.18
429539,0.23
429549,0.21
429555,0.04
429557,0.09
429567,0.28
429570,0.23
429576,0.05
429590,0.03
429591,0.21
429597,0.19
429600,0.17
429602,0.15
429604,0.13
429623,0.03
429625,0.04
429626,0.16
429628,0.09
429634,0.1
429637,0.09
429666,0.05
429667,0.17
429670,0.17
429673,0.03
429678,0.07
429693,0.06
429702,0.02
429708,0.15
429737,0.15
429739,0.06
429740,0.11
429750,0.12
429770,0.14
429774,0.12
429777,0.11
429780,0.07
429809,0.15
429810,0.04
429831,0.09
429835,0.13
429838,0.1
429846,0.21
429851,0.12
429852,0.04
429856,0.08
429857,0.18
429866,0.27
429871,0.15
429873,0.16
429879,0.32
429882,0.11
429885,0.03
429890,0.18
429897,0.04
429933,0.06
429936,0.08
429948,0.1
429952,0.27
429967,0.12
429982,0.09
429989,0.09
430000,0.09
430003,0.13
430011,0.09
430019,0.14
430035,0.04
430042,0.39
430047,0.25
430048,0.15
430059,0.08
430060,0.27
430077,0.15
430080,0.15
430083,0.32
430086,0.2
430090,0.24
430103,0.05
430107,0.17
430114,0.03
430116,0.17
430124,0.1
430129,0.1
430132,0.29
430146,0.15
430155,0.18
430156,0.11
430160,0.07
430168,0.16
430170,0.09
430176,0.15
430177,0.27
430186,0.2
430187,0.17
430195,0.07
430198,0.46
430204,0.16
430210,0.21
430211,0.31
430213,0.08
430216,0.32
430217,0.16
430227,0.13
430253,0.11
430266,0.21
430274,0.01
430280,0.16
430300,0.14
430301,0.11
430309,0.19
430313,0.07
430316,0.17
430319,0.26
430332,0.16
430346,0.14
430357,0.15
430359,0.25
430368,0.09
430376,0.04
430383,0.2
430389,0.05
430393,0.27
430394,0.01
430404,0.23
430405,0.03
430407,0.13
430433,0.22
430445,0.12
430446,0.09
430451,0.18
430452,0.03
430459,0.17
430466,0.04
430467,0.06
430473,0.28
430477,0.2
430483,0.16
430512,0.07
430521,0.03
430524,0.04
430529,0.07
430533,0.01
430536,0.13
430538,0.03
430540,0.17
430548,0.08
430549,0.17
430550,0.05
430566,0.18
430574,0.01
430576,0.09
430582,0.19
430585,0.15
430625,0.11
430627,0.1
430629,0.12
430637,0.13
430639,0.05
430641,0.14
430656,0.13
430659,0.09
430661,0.04
430671,0.21
430672,0.09
430673,0.16
430674,0.05
430676,0.03
430691,0.09
430698,0.16
430699,0.26
430708,0.06
430719,0.08
430726,0.02
430728,0.37
430730,0.2
430731,0.19
430732,0.12
430738,0.15
430770,0.23
430782,0.22
430785,0.14
430786,0.16
430806,0.28
430818,0.31
430819,0.1
430820,0.06
430835,0.06
430836,0.11
430837,0.16
430838,0.04
430839,0.09
430847,0.32
430853,0.17
430856,0.13
430876,0.18
430886,0.08
430887,0.09
430889,0.1
430927,0.06
430931,0.26
430939,0.15
430942,0.08
430949,0.17
430957,0.16
430960,0.12
430961,0.13
430962,0.22
430973,0.13
430975,0.1
430976,0.14
430981,0.14
430992,0.06
431007,0.32
431010,0.09
431013,0.08
431023,0.08
431027,0.12
431044,0.13
431056,0.07
431058,0.04
431065,0.07
431077,0.2
431080,0.21
431082,0.03
431088,0.2
431095,0.2
431100,0.08
431106,0.18
431107,0.19
431110,0.1
431114,0.25
431138,0.02
431144,0.22
431162,0.15
431170,0.13
431171,0.08
431176,0.18
431203,0.26
431211,0.08
431212,0.07
431215,0.1
431238,0.39
431241,0.05
431244,0.2
431254,0.11
431263,0.14
431278,0.03
431285,0.24
431286,0.06
431298,0.13
431305,0.09
431315,0.16
431323,0.12
431325,0.14
431334,0.01
431358,0.3
431372,0.03
431373,0.06
431374,0.3
431377,0.13
431386,0.2
431388,0.28
431395,0.03
431396,0.09
431413,0.07
431416,0.15
431418,0.28
431431,0.28
431444,0.21
431449,0.26
431467,0.09
431469,0.18
431479,0.12
431480,0.08
431481,0.1
431488,0.08
431492,0.28
431496,0.22
431497,0.17
431508,0.1
431511,0.15
431517,0.14
431520,0.18
431538,0.13
431540,0.08
431543,0.32
431545,0.04
431560,0.07
431561,0.19
431584,0.31
431591,0.19
431593,0.14
431625,0.16
431630,0.27
431633,0.08
431635,0.21
431649,0.06
431650,0.17
431651,0.15
431652,0.1
431667,0.15
431668,0.24
431672,0.03
431675,0.22
431680,0.24
431682,0.04
431683,0.1
431693,0.17
431697,0.04
431726,0.21
431731,0.16
431732,0.2
431744,0.12
431750,0.0
431755,0.11
431756,0.18
431757,0.08
431765,0.21
431766,0.08
431768,0.18
431770,0.02
431773,0.04
431775,0.24
431777,0.23
431778,0.32
431801,0.18
431807,0.03
431810,0.17
431815,0.12
431816,0.21
431823,0.17
431831,0.16
431837,0.09
431841,0.11
431845,0.05
431854,0.14
431857,0.09
431865,0.08
431866,0.09
431867,0.08
431869,0.1
431889,0.16
431899,0.09
431903,0.18
431909,0.07
431914,0.18
431916,0.17
431918,0.24
431931,0.11
431940,0.09
431948,0.2
431962,0.17
431965,0.16
431974,0.15
431976,0.04
431987,0.21
431988,0.04
431995,0.18
431999,0.17
432003,0.07
432005,0.2
432009,0.18
432011,0.05
432022,0.24
432028,0.12
432030,0.06
432037,0.17
432065,0.13
432070,0.13
432075,0.17
432078,0.15
432080,0.19
432085,0.01
432092,0.14
432111,0.13
432112,0.01
432115,0.03
432117,0.25
432118,0.24
432129,0.2
432132,0.21
432133,0.11
432145,0.17
432146,0.09
432148,0.06
432156,0.12
432167,0.13
432169,0.12
432188,0.02
432192,0.27
432221,0.16
432226,0.15
432231,0.05
432247,0.12
432252,0.18
432254,0.07
432263,0.2
432265,0.08
432271,0.08
432280,0.14
432282,0.08
432284,0.13
432291,0.32
432296,0.25
432298,0.15
432301,0.05
432309,0.06
432312,0.11
432320,0.01
432324,0.05
432330,0.09
432339,0.05
432356,0.17
432357,0.17
432362,0.1
432365,0.12
432366,0.13
432370,0.06
432377,0.25
432384,0.16
432391,0.17
432405,0.13
432406,0.19
432414,0.2
432415,0.08
432417,0.04
432419,0.09
432424,0.11
432425,0.08
432432,0.14
432438,0.13
432441,0.13
432444,0.3
432446,0.31
432452,0.13
432454,0.15
432473,0.23
432482,0.16
432489,0.06
432492,0.24
432495,0.0
432501,0.26
432507,0.12
432509,0.34
432510,0.09
432522,0.12
432525,0.24
432526,0.06
432527,0.2
432532,0.09
432535,0.05
432544,0.03
432547,0.22
432551,0.16
432553,0.15
432555,0.14
432560,0.11
432569,0.16
432577,0.09
432585,0.13
432590,0.11
432591,0.11
432594,0.04
432607,0.11
432608,0.22
432609,0.16
432612,0.21
432613,0.1
432616,0.09
432618,0.26
432622,0.05
432626,0.2
432639,0.08
432640,0.04
432642,0.27
432648,0.14
432653,0.17
432661,0.15
432668,0.13
432682,0.17
432686,0.27
432693,0.03
432695,0.2
432696,0.27
432698,0.1
432699,0.06
432702,0.1
432707,0.06
432712,0.22
432719,0.11
432724,0.03
432728,0.16
432737,0.23
432745,0.23
432746,0.05
432749,0.19
432752,0.12
432758,0.02
432769,0.19
432770,0.12
432771,0.21
432788,0.07
432804,0.16
432807,0.25
432830,0.25
432831,0.12
432842,0.1
432849,0.21
432876,0.18
432886,0.15
432888,0.13
432897,0.07
432918,0.03
432919,0.09
432920,0.05
432921,0.13
432930,0.05
432932,0.02
432943,0.2
432944,0.08
432951,0.1
432952,0.07
432965,0.26
432969,0.11
432981,0.13
432985,0.1
432986,0.07
432988,0.14
432991,0.23
432992,0.11
433002,0.05
433018,0.11
433019,0.09
433021,0.12
433024,0.27
433031,0.04
433035,0.18
433047,0.24
433050,0.06
433051,0.01
433055,0.06
433058,0.16
433069,0.2
433079,0.3
433098,0.16
433099,0.1
433104,0.16
433112,0.1
433117,0.17
433119,0.03
433130,0.02
433132,0.23
433158,0.24
433159,0.05
433162,0.05
433166,0.17
433169,0.05
433173,0.13
433174,0.17
433183,0.3
433184,0.1
433198,0.09
433205,0.19
433221,0.16
433271,0.26
433274,0.08
433276,0.19
433281,0.12
433283,0.05
433296,0.19
433300,0.24
433304,0.15
433308,0.17
433312,0.11
433313,0.19
433319,0.09
433332,0.12
433342,0.07
433343,0.2
433344,0.12
433345,0.1
433347,0.08
433350,0.01
433355,0.26
433356,0.13
433359,0.12
433361,0.16
433363,0.17
433370,0.08
433371,0.19
433374,0.14
433384,0.2
433390,0.14
433392,0.07
433396,0.22
433403,0.21
433405,0.11
433408,0.35
433410,0.25
433411,0.03
433424,0.14
433431,0.1
433432,0.13
433440,0.13
433441,0.12
433451,0.16
433452,0.13
433459,0.01
433463,0.07
433464,0.15
433470,0.15
433480,0.25
433482,0.15
433485,0.1
433494,0.26
433495,0.12
433496,0.07
433505,0.14
433509,0.12
433515,0.06
433518,0.07
433519,0.16
433527,0.16
433532,0.12
433535,0.12
433539,0.22
433561,0.17
433564,0.34
433566,0.13
433574,0.09
433575,0.03
433584,0.2
433591,0.2
433596,0.19
433598,0.25
433602,0.08
433606,0.16
433611,0.13
433617,0.14
433620,0.2
433628,0.14
433631,0.12
433651,0.1
433653,0.16
433657,0.13
433661,0.13
433662,0.14
433663,0.25
433668,0.27
433670,0.28
433680,0.23
433686,0.18
433709,0.16
433725,0.01
433731,0.09
433735,0.2
433745,0.15
433748,0.1
433754,0.17
433762,0.17
433766,0.05
433767,0.08
433779,0.16
433783,0.17
433785,0.15
433789,0.07
433794,0.23
433799,0.2
433800,0.07
433804,0.19
433816,0.19
433820,0.2
433829,0.06
433837,0.07
433840,0.04
433842,0.09
433849,0.14
433853,0.07
433862,0.13
433872,0.06
433882,0.11
433892,0.23
433896,0.04
433906,0.09
433913,0.15
433914,0.05
433957,0.07
433958,0.16
433965,0.11
433976,0.09
433984,0.03
433995,0.13
433996,0.11
434006,0.22
434007,0.05
434009,0.16
434019,0.17
434024,0.08
434026,0.11
434027,0.09
434034,0.09
434036,0.06
434037,0.07
434046,0.16
434050,0.15
434051,0.12
434052,0.12
434055,0.12
434061,0.21
434064,0.12
434108,0.17
434109,0.17
434121,0.24
434122,0.24
434140,0.08
434151,0.1
434156,0.13
434157,0.1
434160,0.22
434164,0.15
434167,0.02
434169,0.16
434173,0.12
434176,0.15
434177,0.2
434179,0.12
434180,0.13
434183,0.12
434192,0.03
434205,0.04
434209,0.1
434212,0.19
434214,0.13
434216,0.16
434222,0.19
434223,0.06
434224,0.2
434259,0.23
434261,0.02
434263,0.07
434264,0.08
434282,0.08
434283,0.08
434293,0.13
434317,0.22
434322,0.06
434326,0.1
434327,0.04
434328,0.07
434336,0.1
434340,0.04
434342,0.15
434350,0.18
434355,0.11
434375,0.05
434387,0.11
434390,0.15
434391,0.2
434408,0.06
434410,0.18
434423,0.21
434439,0.1
434442,0.13
434445,0.25
434448,0.06
434460,0.08
434465,0.09
434467,0.12
434468,0.16
434501,0.09
434504,0.23
434505,0.22
434507,0.09
434514,0.12
434535,0.07
434538,0.35
434542,0.24
434545,0.16
434554,0.22
434556,0.11
434568,0.18
434569,0.11
434571,0.21
434574,0.2
434579,0.01
434599,0.11
434604,0.2
434606,0.03
434607,0.08
434608,0.08
434610,0.05
434615,0.19
434616,0.31
434619,0.06
434658,0.18
434669,0.09
434675,0.07
434678,0.04
434680,0.11
434690,0.16
434698,0.18
434702,0.21
434704,0.16
434722,0.03
434727,0.09
434730,0.12
434735,0.05
434739,0.18
434765,0.04
434767,0.32
434784,0.21
434787,0.16
434788,0.21
434789,0.11
434790,0.11
434791,0.25
434802,0.14
434806,0.06
434807,0.13
434808,0.28
434815,0.25
434816,0.24
434817,0.16
434818,0.18
434830,0.28
434918,0.05
434920,0.21
434921,0.14
434922,0.28
434937,0.15
434948,0.05
434949,0.18
434952,0.15
434954,0.11
434957,0.15
434968,0.07
434974,0.12
434982,0.1
434986,0.07
434993,0.02
434995,0.24
435005,0.07
435013,0.22
435027,0.08
435034,0.36
435056,0.33
435060,0.04
435062,0.25
435068,0.02
435069,0.16
435071,0.13
435079,0.07
435086,0.21
435092,0.1
435099,0.08
435100,0.16
435108,0.14
435118,0.15
435120,0.11
435129,0.16
435132,0.27
435138,0.18
435139,0.22
435142,0.16
435147,0.24
435148,0.19
435151,0.11
435153,0.12
435154,0.25
435164,0.31
435173,0.07
435174,0.12
435179,0.11
435199,0.09
435202,0.08
435203,0.14
435214,0.2
435217,0.1
435222,0.15
435229,0.33
435239,0.09
435248,0.1
435259,0.14
435260,0.17
435263,0.13
435264,0.02
435267,0.17
435274,0.23
435286,0.07
435296,0.0
435308,0.1
435328,0.21
435333,0.14
435363,0.06
435366,0.03
435375,0.12
435378,0.3
435400,0.22
435408,0.19
435409,0.06
435415,0.04
435419,0.25
435422,0.05
435428,0.2
435432,0.22
435434,0.2
435435,0.11
435440,0.12
435455,0.07
435464,0.07
435470,0.09
435475,0.24
435478,0.13
435480,0.18
435482,0.14
435490,0.1
435507,0.21
435509,0.12
435510,0.12
435519,0.17
435527,0.27
435533,0.18
435534,0.2
435535,0.05
435536,0.08
435540,0.11
435551,0.1
435562,0.39
435564,0.23
435585,0.19
435590,0.07
435609,0.15
435610,0.02
435611,0.17
435623,0.35
435681,0.12
435682,0.05
435683,0.13
435704,0.2
435711,0.12
435713,0.12
435714,0.15
435716,0.1
435717,0.22
435718,0.05
435719,0.06
435741,0.12
435765,0.05
435766,0.05
435767,0.06
435773,0.21
435802,0.14
435806,0.12
435807,0.1
435809,0.03
435811,0.29
435816,0.12
435823,0.12
435835,0.16
435848,0.2
435849,0.32
435858,0.12
435870,0.15
435874,0.11
435890,0.18
435892,0.11
435911,0.07
435915,0.07
435924,0.07
435937,0.07
435943,0.15
435958,0.15
435962,0.1
435965,0.18
435968,0.19
435997,0.09
435998,0.32
435999,0.04
436009,0.15
436021,0.16
436022,0.11
436026,0.2
436032,0.05
436037,0.08
436049,0.13
436058,0.13
436059,0.16
436062,0.24
436068,0.14
436079,0.12
436082,0.09
436083,0.21
436093,0.19
436098,0.02
436113,0.18
436127,0.24
436148,0.18
436152,0.24
436159,0.1
436165,0.09
436170,0.16
436174,0.07
436176,0.15
436183,0.11
436194,0.08
436196,0.05
436204,0.11
436207,0.24
436210,0.15
436219,0.28
436227,0.06
436230,0.06
436233,0.01
436235,0.25
436250,0.14
436260,0.19
436285,0.2
436291,0.1
436304,0.13
436307,0.27
436308,0.2
436311,0.13
436314,0.24
436322,0.02
436323,0.24
436339,0.01
436350,0.02
436358,0.04
436359,0.04
436363,0.16
436365,0.14
436369,0.13
436377,0.13
436378,0.17
436387,0.09
436394,0.12
436397,0.14
436399,0.25
436401,0.15
436404,0.09
436421,0.01
436422,0.28
436426,0.1
436430,0.1
436464,0.05
436471,0.09
436476,0.06
436478,0.06
436486,0.1
436497,0.19
436508,0.15
436509,0.05
436510,0.23
436511,0.32
436528,0.05
436531,0.22
436534,0.27
436535,0.15
436536,0.06
436537,0.12
436560,0.12
436562,0.2
436563,0.2
436564,0.16
436598,0.07
436599,0.1
436600,0.18
436637,0.04
436674,0.08
436706,0.11
436721,0.23
436722,0.19
436735,0.16
436747,0.38
436748,0.1
436750,0.25
436757,0.23
436767,0.15
436771,0.14
436781,0.14
436786,0.04
436799,0.06
436807,0.16
436812,0.14
436821,0.22
436835,0.06
436836,0.11
436846,0.15
436874,0.13
436880,0.23
436882,0.16
436885,0.08
436893,0.13
436894,0.12
436896,0.05
436902,0.17
436918,0.1
436921,0.21
436935,0.11
436955,0.08
436961,0.16
436963,0.17
436964,0.17
436970,0.05
436975,0.04
437005,0.22
437014,0.14
437020,0.14
437043,0.24
437045,0.09
437070,0.13
437078,0.1
437095,0.08
437097,0.16
437123,0.06
437127,0.09
437128,0.1
437130,0.11
437147,0.23
437156,0.07
437157,0.12
437160,0.14
437161,0.06
437169,0.11
437189,0.18
437196,0.32
437198,0.09
437200,0.05
437206,0.18
437211,0.06
437215,0.18
437218,0.16
437226,0.11
437229,0.17
437235,0.12
437244,0.13
437245,0.01
437246,0.24
437264,0.15
437266,0.07
437268,0.1
437269,0.1
437273,0.06
437275,0.17
437276,0.13
437302,0.09
437304,0.12
437305,0.24
437306,0.1
437334,0.13
437335,0.21
437336,0.18
437338,0.16
437343,0.43
437356,0.07
437357,0.13
437358,0.12
437359,0.04
437360,0.26
437393,0.05
437397,0.16
437403,0.11
437409,0.1
437426,0.18
437430,0.23
437446,0.27
437459,0.09
437461,0.1
437462,0.21
437463,0.09
437475,0.1
437478,0.09
437480,0.08
437482,0.1
437486,0.11
437491,0.2
437492,0.22
437493,0.21
437496,0.23
437510,0.19
437515,0.12
437516,0.14
437519,0.12
437522,0.23
437524,0.14
437532,0.23
437538,0.07
437546,0.18
437551,0.13
437553,0.22
437556,0.23
437573,0.35
437575,0.06
437584,0.21
437591,0.19
437592,0.03
437595,0.18
437602,0.12
437610,0.17
437611,0.08
437621,0.27
437622,0.16
437624,0.11
437630,0.02
437631,0.3
437636,0.14
437666,0.04
437672,0.13
437676,0.13
437687,0.13
437689,0.23
437706,0.18
437712,0.17
437735,0.06
437757,0.1
437763,0.15
437790,0.14
437791,0.09
437795,0.2
437803,0.06
437810,0.12
437811,0.17
437813,0.09
437820,0.05
437823,0.15
437832,0.01
437841,0.04
437852,0.18
437858,0.05
437862,0.22
437892,0.14
437896,0.09
437903,0.28
437905,0.14
437911,0.3
437913,0.07
437918,0.17
437922,0.2
437933,0.12
437936,0.11
437945,0.09
437966,0.12
437967,0.23
437972,0.16
437977,0.2
437984,0.28
437996,0.08
437997,0.16
437999,0.1
438001,0.13
438004,0.15
438007,0.07
438029,0.12
438031,0.05
438034,0.24
438038,0.21
438054,0.18
438058,0.1
438064,0.13
438065,0.04
438074,0.12
438084,0.14
438088,0.05
438089,0.06
438090,0.08
438117,0.06
438118,0.1
438151,0.08
438152,0.14
438153,0.21
438154,0.05
438167,0.13
438187,0.15
438192,0.13
438195,0.13
438196,0.13
438220,0.1
438223,0.11
438229,0.16
438256,0.03
438258,0.21
438260,0.15
438264,0.05
438273,0.14
438306,0.18
438307,0.14
438308,0.05
438309,0.05
438310,0.2
438341,0.26
438348,0.08
438349,0.12
438364,0.04
438368,0.14
438380,0.18
438382,0.14
438402,0.09
438404,0.16
438408,0.28
438410,0.18
438429,0.07
438434,0.21
438435,0.17
438437,0.15
438438,0.13
438444,0.17
438471,0.12
438506,0.09
438521,0.1
438524,0.31
438525,0.22
438534,0.07
438541,0.04
438546,0.05
438547,0.16
438564,0.11
438568,0.1
438570,0.13
438578,0.16
438582,0.12
438587,0.16
438604,0.08
438620,0.09
438621,0.04
438624,0.15
438634,0.25
438644,0.23
438645,0.17
438651,0.16
438659,0.17
438660,0.11
438662,0.14
438668,0.04
438673,0.16
438677,0.06
438683,0.36
438687,0.08
438700,0.11
438713,0.16
438714,0.12
438715,0.03
438717,0.13
438721,0.12
438738,0.14
438749,0.13
438750,0.11
438756,0.15
438771,0.1
438777,0.06
438781,0.03
438783,0.18
438786,0.36
438792,0.07
438802,0.11
438808,0.08
438814,0.13
438829,0.2
438846,0.12
438851,0.14
438856,0.52
438858,0.17
438861,0.03
438862,0.1
438876,0.18
438880,0.06
438891,0.12
438896,0.16
438898,0.16
438904,0.18
438908,0.1
438921,0.15
438923,0.17
438929,0.1
438942,0.07
438950,0.15
438979,0.13
438994,0.19
438995,0.12
438996,0.01
439002,0.21
439013,0.07
439015,0.14
439017,0.1
439029,0.04
439047,0.23
439048,0.14
439049,0.21
439050,0.08
439061,0.28
439065,0.29
439069,0.16
439070,0.19
439071,0.1
439072,0.21
439073,0.15
439076,0.11
439077,0.28
439078,0.17
439089,0.1
439095,0.1
439113,0.04
439122,0.06
439127,0.08
439153,0.12
439154,0.22
439157,0.09
439197,0.13
439205,0.06
439207,0.19
439209,0.06
439213,0.15
439218,0.18
439222,0.06
439229,0.28
439233,0.03
439235,0.09
439236,0.1
439239,0.09
439248,0.09
439255,0.14
439265,0.25
439266,0.11
439268,0.15
439270,0.13
439276,0.19
439285,0.02
439294,0.21
439296,0.13
439299,0.25
439310,0.1
439319,0.07
439320,0.16
439325,0.1
439327,0.04
439328,0.09
439334,0.12
439335,0.18
439339,0.24
439343,0.1
439353,0.08
439356,0.09
439374,0.16
439391,0.18
439400,0.15
439405,0.18
439413,0.19
439448,0.12
439451,0.15
439455,0.22
439468,0.15
439472,0.1
439473,0.06
439477,0.12
439483,0.09
439484,0.14
439501,0.13
439505,0.03
439512,0.18
439515,0.2
439525,0.12
439535,0.15
439539,0.14
439548,0.29
439549,0.14
439550,0.11
439551,0.16
439558,0.1
439562,0.06
439566,0.08
439571,0.04
439587,0.04
439591,0.06
439595,0.26
439611,0.19
439614,0.21
439618,0.21
439620,0.19
439626,0.12
439633,0.14
439657,0.14
439660,0.11
439661,0.11
439666,0.14
439673,0.15
439675,0.18
439705,0.22
439707,0.05
439720,0.11
439727,0.2
439733,0.08
439736,0.03
439737,0.15
439746,0.06
439755,0.19
439763,0.12
439765,0.14
439766,0.13
439768,0.16
439774,0.17
439779,0.08
439781,0.34
439784,0.31
439808,0.1
439816,0.05
439818,0.04
439820,0.05
439824,0.04
439830,0.17
439839,0.13
439841,0.34
439845,0.02
439874,0.04
439875,0.04
439879,0.17
439882,0.02
439883,0.05
439900,0.07
439901,0.08
439906,0.21
439909,0.14
439911,0.19
439914,0.18
439936,0.13
439937,0.21
439945,0.11
439950,0.1
439955,0.1
439956,0.16
439971,0.22
439977,0.19
439984,0.25
439985,0.04
439990,0.15
439994,0.16
440003,0.13
440030,0.17
440042,0.15
440048,0.09
440054,0.06
440073,0.25
440074,0.11
440080,0.14
440082,0.09
440085,0.06
440088,0.19
440091,0.06
440100,0.04
440103,0.1
440113,0.36
440119,0.06
440127,0.04
440130,0.03
440131,0.06
440135,0.2
440139,0.19
440147,0.22
440156,0.2
440158,0.19
440162,0.07
440163,0.2
440176,0.1
440181,0.04
440191,0.04
440192,0.26
440215,0.07
440219,0.19
440222,0.11
440238,0.02
440239,0.02
440244,0.14
440245,0.13
440252,0.16
440266,0.14
440267,0.19
440281,0.22
440283,0.16
440292,0.06
440307,0.04
440309,0.07
440313,0.17
440315,0.2
440320,0.15
440332,0.04
440336,0.1
440338,0.17
440342,0.08
440350,0.24
440352,0.12
440356,0.08
440359,0.19
440384,0.05
440395,0.14
440396,0.06
440397,0.23
440401,0.17
440408,0.19
440411,0.16
440425,0.08
440439,0.04
440451,0.31
440460,0.24
440463,0.26
440473,0.11
440479,0.12
440497,0.08
440506,0.06
440509,0.18
440518,0.03
440528,0.09
440536,0.25
440543,0.18
440561,0.07
440562,0.23
440566,0.18
440572,0.31
440574,0.22
440585,0.15
440592,0.12
440601,0.2
440606,0.16
440632,0.18
440643,0.15
440653,0.14
440669,0.05
440682,0.08
440691,0.06
440701,0.05
440706,0.13
440708,0.15
440714,0.34
440721,0.27
440723,0.25
440750,0.1
440759,0.24
440773,0.12
440792,0.26
440793,0.08
440798,0.31
440804,0.1
440819,0.2
440827,0.17
440851,0.16
440861,0.13
440862,0.15
440868,0.04
440874,0.07
440877,0.16
440883,0.12
440884,0.21
440886,0.06
440900,0.19
440902,0.18
440904,0.19
440910,0.13
440913,0.21
440915,0.24
440923,0.2
440924,0.07
440927,0.12
440936,0.12
440968,0.08
440973,0.2
440975,0.12
440979,0.12
440986,0.12
440987,0.11
440995,0.16
440998,0.15
441000,0.13
441004,0.13
441007,0.13
441014,0.19
441026,0.21
441032,0.18
441042,0.13
441051,0.35
441060,0.01
441061,0.1
441081,0.13
441082,0.12
441085,0.04
441087,0.07
441089,0.07
441091,0.12
441095,0.16
441114,0.14
441128,0.29
441138,0.18
441154,0.01
441156,0.26
441157,0.25
441175,0.15
441183,0.17
441189,0.01
441207,0.05
441209,0.25
441217,0.21
441228,0.12
441229,0.1
441239,0.11
441244,0.13
441256,0.16
441275,0.21
441278,0.08
441284,0.08
441288,0.22
441293,0.22
441294,0.33
441297,0.25
441298,0.02
441304,0.04
441316,0.14
441318,0.08
441351,0.1
441354,0.24
441363,0.09
441373,0.26
441375,0.04
441382,0.04
441385,0.12
441388,0.15
441392,0.23
441402,0.33
441413,0.2
441417,0.3
441427,0.07
441437,0.03
441453,0.21
441458,0.17
441459,0.11
441463,0.05
441466,0.18
441475,0.1
441479,0.08
441497,0.08
441501,0.09
441509,0.1
441513,0.14
441546,0.13
441547,0.11
441563,0.17
441565,0.07
441567,0.08
441576,0.22
441577,0.12
441578,0.14
441597,0.11
441607,0.12
441609,0.17
441611,0.11
441613,0.15
441622,0.13
441637,0.14
441638,0.16
441652,0.07
441660,0.13
441667,0.31
441671,0.11
441672,0.15
441675,0.12
441679,0.17
441700,0.1
441701,0.15
441711,0.13
441725,0.01
441732,0.11
441741,0.07
441743,0.07
441761,0.01
441763,0.06
441766,0.11
441778,0.19
441780,0.11
441782,0.07
441785,0.13
441796,0.03
441808,0.21
441809,0.24
441811,0.08
441825,0.03
441828,0.12
441835,0.23
441860,0.08
441865,0.07
441871,0.07
441874,0.1
441876,0.03
441885,0.08
441896,0.22
441908,0.05
441913,0.06
441921,0.15
441926,0.13
441936,0.17
441941,0.07
441947,0.15
441957,0.22
441961,0.12
441969,0.09
441979,0.2
441986,0.2
441987,0.06
441996,0.28
441997,0.03
441998,0.16
442001,0.19
442002,0.1
442003,0.2
442010,0.07
442013,0.1
442015,0.3
442026,0.13
442030,0.22
442032,0.28
442033,0.38
442039,0.18
442049,0.08
442054,0.06
442060,0.0
442065,0.21
442067,0.21
442074,0.05
442076,0.21
442080,0.14
442085,0.23
442093,0.12
442100,0.02
442123,0.26
442124,0.22
442128,0.2
442149,0.25
442151,0.23
442157,0.22
442158,0.1
442159,0.14
442161,0.06
442179,0.09
442187,0.15
442190,0.11
442195,0.13
442199,0.11
442233,0.1
442234,0.28
442235,0.1
442250,0.04
442256,0.13
442258,0.25
442264,0.3
442280,0.08
442288,0.15
442290,0.08
442293,0.16
442299,0.29
442303,0.42
442306,0.07
442308,0.05
442312,0.13
442315,0.12
442320,0.2
442321,0.29
442328,0.1
442331,0.3
442359,0.01
442361,0.06
442366,0.2
442368,0.17
442372,0.08
442378,0.1
442392,0.16
442393,0.17
442399,0.1
442401,0.28
442404,0.1
442405,0.14
442438,0.14
442442,0.13
442451,0.21
442452,0.11
442458,0.08
442461,0.14
442464,0.13
442468,0.08
442479,0.28
442484,0.06
442504,0.18
442505,0.13
442513,0.09
442520,0.08
442527,0.19
442539,0.07
442540,0.18
442541,0.04
442555,0.05
442577,0.21
442586,0.13
442588,0.12
442613,0.22
442616,0.25
442622,0.17
442626,0.16
442627,0.18
442641,0.09
442647,0.1
442653,0.19
442656,0.14
442662,0.19
442672,0.14
442682,0.16
442684,0.1
442685,0.03
442698,0.27
442709,0.13
442716,0.17
442718,0.15
442723,0.17
442724,0.24
442737,0.03
442742,0.26
442743,0.13
442746,0.21
442766,0.1
442767,0.08
442769,0.02
442792,0.16
442797,0.14
442799,0.09
442804,0.1
442807,0.07
442816,0.21
442819,0.13
442826,0.09
442831,0.17
442846,0.11
442854,0.11
442861,0.14
442862,0.05
442870,0.15
442875,0.06
442890,0.01
442891,0.26
442896,0.13
442897,0.17
442902,0.13
442903,0.2
442905,0.16
442915,0.28
442937,0.09
442947,0.44
442949,0.19
442954,0.25
442972,0.15
443012,0.12
443018,0.23
443029,0.1
443031,0.11
443033,0.05
443035,0.14
443039,0.08
443040,0.12
443051,0.27
443062,0.16
443069,0.22
443080,0.18
443081,0.16
443090,0.21
443092,0.05
443106,0.04
443119,0.16
443134,0.14
443161,0.13
443170,0.15
443177,0.07
443189,0.13
443193,0.05
443199,0.2
443212,0.24
443226,0.28
443230,0.1
443239,0.2
443241,0.08
443244,0.06
443249,0.14
443253,0.23
443262,0.11
443264,0.29
443266,0.16
443274,0.09
443283,0.11
443295,0.05
443304,0.17
443313,0.05
443317,0.08
443324,0.15
443339,0.08
443344,0.24
443345,0.05
443352,0.09
443355,0.17
443356,0.27
443360,0.18
443364,0.26
443368,0.12
443375,0.17
443380,0.22
443391,0.24
443392,0.08
443397,0.14
443403,0.23
443406,0.31
443420,0.19
443431,0.12
443441,0.04
443456,0.15
443457,0.14
443459,0.12
443460,0.15
443471,0.12
443474,0.11
443486,0.29
443487,0.04
443490,0.09
443492,0.23
443495,0.18
443505,0.02
443512,0.17
443555,0.1
443576,0.19
443582,0.11
443583,0.14
443585,0.07
443588,0.03
443592,0.11
443596,0.2
443597,0.09
443606,0.07
443607,0.15
443608,0.11
443611,0.11
443612,0.13
443618,0.24
443623,0.07
443632,0.15
443633,0.15
443634,0.05
443637,0.05
443638,0.31
443669,0.14
443672,0.11
443685,0.06
443686,0.15
443694,0.18
443695,0.26
443697,0.3
443700,0.1
443734,0.27
443738,0.04
443742,0.09
443759,0.13
443760,0.21
443770,0.07
443776,0.12
443788,0.06
443791,0.15
443792,0.1
443803,0.17
443808,0.14
443832,0.07
443842,0.05
443847,0.13
443853,0.05
443854,0.25
443868,0.24
443873,0.11
443879,0.05
443883,0.13
443891,0.19
443908,0.09
443910,0.23
443918,0.09
443927,0.09
443935,0.18
443965,0.41
443974,0.12
443984,0.04
443986,0.13
443991,0.06
443996,0.04
444008,0.07
444014,0.16
444015,0.14
444016,0.11
444018,0.19
444053,0.26
444058,0.13
444065,0.13
444069,0.08
444082,0.05
444087,0.04
444089,0.05
444093,0.14
444104,0.09
444113,0.18
444118,0.26
444122,0.08
444123,0.21
444128,0.1
444136,0.03
444152,0.18
444155,0.12
444182,0.09
444183,0.22
444185,0.07
444213,0.19
444229,0.12
444231,0.17
444234,0.07
444240,0.19
444249,0.25
444265,0.16
444268,0.11
444271,0.02
444278,0.0
444279,0.19
444283,0.33
444285,0.13
444291,0.19
444297,0.1
444313,0.05
444318,0.07
444322,0.1
444333,0.1
444334,0.03
444359,0.17
444367,0.14
444369,0.26
444370,0.08
444376,0.07
444384,0.14
444387,0.2
444406,0.07
444409,0.14
444412,0.14
444418,0.24
444420,0.27
444424,0.03
444429,0.1
444432,0.05
444434,0.08
444440,0.06
444444,0.17
444450,0.09
444456,0.06
444457,0.12
444461,0.15
444504,0.07
444515,0.08
444516,0.12
444517,0.13
444519,0.21
444540,0.21
444573,0.04
444581,0.09
444582,0.19
444602,0.28
444605,0.02
444611,0.14
444614,0.08
444622,0.12
444624,0.18
444625,0.26
444639,0.21
444658,0.2
444673,0.2
444696,0.13
444719,0.08
444729,0.22
444737,0.13
444743,0.17
444758,0.07
444764,0.13
444780,0.13
444789,0.25
444795,0.16
444811,0.17
444814,0.03
444825,0.11
444831,0.14
444832,0.03
444835,0.16
444840,0.1
444841,0.13
444842,0.19
444846,0.16
444849,0.18
444867,0.13
444876,0.18
444893,0.18
444896,0.14
444897,0.06
444907,0.09
444908,0.16
444932,0.14
444933,0.08
444936,0.13
444941,0.13
444942,0.19
444950,0.06
444956,0.09
444965,0.11
444966,0.26
444970,0.07
444971,0.18
444978,0.05
444982,0.16
444984,0.08
444986,0.1
445001,0.03
445016,0.2
445027,0.24
445029,0.12
445032,0.08
445037,0.05
445043,0.15
445044,0.2
445047,0.14
445052,0.16
445073,0.29
445075,0.11
445076,0.19
445092,0.15
445095,0.21
445106,0.08
445110,0.31
445123,0.12
445124,0.08
445141,0.12
445151,0.18
445160,0.12
445161,0.14
445164,0.14
445165,0.23
445169,0.09
445175,0.29
445178,0.13
445182,0.02
445183,0.11
445192,0.05
445193,0.2
445200,0.01
445202,0.06
445203,0.13
445207,0.11
445245,0.13
445256,0.05
445282,0.2
445294,0.15
445300,0.29
445316,0.08
445331,0.14
445332,0.12
445343,0.1
445345,0.11
445346,0.16
445354,0.19
445355,0.3
445356,0.17
445366,0.23
445369,0.23
445390,0.14
445392,0.13
445398,0.11
445401,0.11
445417,0.14
445427,0.07
445465,0.18
445469,0.09
445472,0.07
445475,0.19
445483,0.11
445484,0.18
445493,0.27
445496,0.2
445504,0.04
445505,0.21
445507,0.06
445531,0.26
445536,0.1
445544,0.04
445559,0.03
445580,0.09
445589,0.06
445591,0.26
445595,0.14
445601,0.07
445612,0.16
445639,0.2
445656,0.3
445666,0.02
445682,0.26
445686,0.17
445700,0.15
445713,0.07
445716,0.06
445725,0.04
445728,0.14
445731,0.0
445742,0.12
445743,0.37
445755,0.22
445766,0.11
445781,0.35
445798,0.14
445799,0.1
445801,0.25
445810,0.16
445813,0.12
445822,0.12
445824,0.16
445826,0.13
445828,0.1
445829,0.13
445838,0.11
445840,0.15
445845,0.16
445847,0.09
445849,0.1
445852,0.21
445853,0.28
445856,0.18
445863,0.06
445864,0.16
445871,0.15
445907,0.16
445908,0.11
445917,0.14
445919,0.15
445925,0.07
445930,0.07
445938,0.13
445943,0.2
445946,0.04
445948,0.14
445970,0.09
445972,0.11
445974,0.32
445976,0.16
445979,0.15
445993,0.18
446001,0.17
446004,0.06
446025,0.15
446026,0.14
446046,0.15
446048,0.07
446055,0.15
446064,0.23
446068,0.1
446078,0.05
446094,0.03
446096,0.21
446120,0.21
446131,0.2
446139,0.21
446157,0.23
446179,0.12
446180,0.18
446186,0.17
446189,0.33
446200,0.22
446208,0.18
446210,0.11
446214,0.14
446226,0.25
446229,0.08
446237,0.1
446247,0.06
446256,0.11
446273,0.17
446286,0.14
446296,0.04
446302,0.12
446310,0.21
446315,0.2
446319,0.34
446320,0.19
446322,0.04
446356,0.1
446374,0.08
446375,0.14
446406,0.15
446407,0.12
446426,0.15
446428,0.13
446431,0.21
446433,0.05
446437,0.27
446441,0.11
446452,0.13
446464,0.3
446466,0.15
446468,0.19
446469,0.24
446472,0.27
446476,0.19
446478,0.1
446485,0.11
446499,0.13
446503,0.1
446504,0.15
446509,0.22
446512,0.18
446525,0.08
446534,0.07
446535,0.09
446543,0.2
446546,0.02
446550,0.27
446555,0.16
446560,0.1
446564,0.22
446572,0.12
446593,0.26
446616,0.25
446617,0.18
446625,0.04
446626,0.17
446631,0.07
446643,0.19
446647,0.09
446652,0.09
446655,0.17
446657,0.21
446663,0.19
446665,0.17
446676,0.07
446684,0.19
446694,0.12
446699,0.09
446702,0.17
446713,0.1
446720,0.26
446724,0.08
446728,0.22
446730,0.15
446738,0.06
446742,0.12
446743,0.11
446744,0.17
446750,0.13
446759,0.1
446760,0.13
446772,0.07
446786,0.05
446799,0.23
446800,0.24
446803,0.22
446812,0.11
446813,0.19
446815,0.04
446816,0.11
446832,0.28
446845,0.07
446846,0.19
446847,0.06
446850,0.12
446851,0.26
446855,0.19
446856,0.07
446867,0.09
446877,0.26
446880,0.21
446885,0.03
446892,0.08
446905,0.1
446909,0.29
446924,0.1
446935,0.08
446944,0.09
446945,0.12
446949,0.15
446952,0.11
446957,0.08
446961,0.16
446979,0.22
446980,0.15
446987,0.18
446991,0.03
447001,0.11
447013,0.17
447014,0.14
447023,0.19
447062,0.12
447072,0.04
447082,0.25
447084,0.11
447087,0.07
447092,0.03
447106,0.06
447107,0.05
447112,0.07
447147,0.06
447160,0.23
447176,0.06
447184,0.03
447188,0.07
447190,0.18
447191,0.2
447198,0.16
447199,0.13
447200,0.16
447202,0.08
447209,0.32
447210,0.1
447228,0.28
447230,0.09
447235,0.13
447246,0.12
447248,0.13
447263,0.11
447265,0.12
447272,0.11
447285,0.16
447293,0.27
447305,0.06
447312,0.06
447326,0.02
447327,0.1
447361,0.08
447367,0.3
447381,0.17
447387,0.2
447390,0.25
447391,0.17
447416,0.17
447419,0.15
447420,0.06
447422,0.1
447425,0.23
447444,0.25
447458,0.17
447460,0.11
447467,0.11
447479,0.19
447482,0.2
447496,0.14
447504,0.03
447507,0.1
447519,0.06
447522,0.02
447528,0.06
447529,0.07
447532,0.14
447540,0.27
447543,0.19
447546,0.07
447554,0.15
447571,0.13
447575,0.12
447591,0.08
447599,0.19
447600,0.15
447601,0.13
447606,0.1
447607,0.08
447618,0.2
447621,0.07
447633,0.16
447638,0.12
447642,0.12
447644,0.18
447654,0.26
447670,0.07
447671,0.15
447672,0.15
447674,0.12
447676,0.17
447692,0.4
447696,0.12
447698,0.17
447704,0.13
447705,0.15
447708,0.19
447709,0.21
447715,0.22
447727,0.16
447736,0.08
447742,0.06
447743,0.07
447745,0.13
447748,0.32
447751,0.3
447752,0.07
447796,0.06
447810,0.13
447812,0.09
447814,0.32
447815,0.09
447816,0.19
447817,0.3
447835,0.19
447842,0.24
447844,0.01
447862,0.34
447865,0.11
447868,0.19
447873,0.12
447876,0.08
447881,0.04
447882,0.21
447883,0.15
447904,0.15
447907,0.18
447915,0.34
447931,0.11
447945,0.2
447947,0.13
447958,0.1
447967,0.14
447968,0.18
447972,0.21
447975,0.1
447976,0.18
447978,0.11
447983,0.12
447993,0.22
447998,0.14
448001,0.13
448005,0.25
448007,0.05
448011,0.23
448012,0.22
448016,0.1
448030,0.02
448039,0.2
448040,0.09
448045,0.18
448046,0.24
448051,0.2
448084,0.23
448091,0.08
448100,0.2
448125,0.29
448143,0.17
448146,0.07
448150,0.16
448160,0.25
448163,0.07
448165,0.15
448182,0.12
448185,0.08
448188,0.12
448189,0.12
448209,0.14
448210,0.09
448218,0.06
448224,0.28
448241,0.13
448243,0.15
448244,0.15
448245,0.24
448254,0.22
448278,0.15
448279,0.12
448282,0.13
448284,0.16
448285,0.35
448301,0.2
448302,0.38
448305,0.12
448317,0.06
448330,0.2
448335,0.13
448338,0.12
448340,0.17
448341,0.1
448347,0.32
448350,0.16
448353,0.06
448361,0.11
448370,0.13
448380,0.22
448400,0.12
448411,0.12
448412,0.25
448417,0.17
448420,0.11
448422,0.13
448424,0.05
448447,0.16
448459,0.11
448464,0.06
448470,0.16
448490,0.13
448494,0.12
448500,0.38
448515,0.04
448522,0.17
448526,0.1
448536,0.36
448548,0.15
448566,0.16
448573,0.1
448584,0.13
448585,0.08
448597,0.11
448599,0.11
448601,0.15
448604,0.12
448606,0.18
448610,0.06
448642,0.17
448660,0.17
448669,0.11
448674,0.09
448675,0.19
448678,0.14
448690,0.08
448693,0.04
448695,0.2
448700,0.12
448703,0.1
448704,0.19
448707,0.07
448720,0.24
448727,0.27
448728,0.17
448734,0.32
448746,0.02
448755,0.1
448760,0.2
448770,0.12
448778,0.14
448788,0.2
448790,0.07
448801,0.11
448805,0.12
448806,0.2
448812,0.09
448817,0.22
448834,0.18
448837,0.36
448838,0.08
448853,0.18
448856,0.13
448868,0.15
448876,0.02
448909,0.34
448917,0.14
448919,0.24
448922,0.19
448931,0.15
448935,0.04
448937,0.12
448940,0.06
448948,0.21
448958,0.21
448967,0.15
448968,0.08
448973,0.28
448993,0.12
449000,0.17
449011,0.3
449015,0.1
449030,0.13
449035,0.12
449040,0.09
449045,0.08
449060,0.12
449081,0.06
449082,0.13
449087,0.14
449095,0.13
449105,0.18
449110,0.16
449117,0.14
449126,0.16
449134,0.17
449141,0.16
449148,0.24
449155,0.11
449158,0.41
449160,0.16
449178,0.25
449180,0.31
449183,0.11
449186,0.13
449193,0.09
449196,0.05
449203,0.06
449213,0.17
449214,0.05
449215,0.02
449216,0.23
449224,0.07
449227,0.21
449230,0.05
449233,0.25
449253,0.23
449254,0.24
449264,0.27
449289,0.22
449302,0.16
449308,0.19
449314,0.05
449322,0.12
449323,0.11
449364,0.17
449368,0.07
449391,0.1
449403,0.21
449408,0.22
449409,0.13
449412,0.02
449424,0.22
449427,0.13
449462,0.08
449465,0.12
449469,0.08
449475,0.14
449476,0.27
449483,0.14
449484,0.2
449487,0.1
449492,0.09
449499,0.22
449502,0.12
449506,0.05
449508,0.1
449514,0.11
449517,0.2
449534,0.22
449540,0.13
449543,0.23
449545,0.03
449548,0.21
449555,0.1
449556,0.18
449558,0.11
449566,0.06
449574,0.11
449576,0.11
449578,0.21
449581,0.13
449586,0.1
449591,0.13
449594,0.19
449599,0.18
449606,0.07
449615,0.12
449616,0.14
449625,0.11
449633,0.11
449636,0.24
449637,0.24
449642,0.01
449683,0.27
449684,0.03
449711,0.14
449713,0.12
449716,0.25
449741,0.09
449745,0.08
449747,0.26
449756,0.1
449759,0.02
449760,0.26
449768,0.03
449773,0.15
449775,0.03
449780,0.12
449788,0.15
449792,0.1
449802,0.08
449812,0.17
449815,0.06
449818,0.07
449820,0.07
449821,0.13
449822,0.26
449831,0.11
449837,0.07
449855,0.29
449857,0.14
449865,0.06
449866,0.2
449871,0.16
449873,0.11
449874,0.11
449877,0.01
449881,0.06
449889,0.09
449893,0.09
449894,0.18
449897,0.11
449900,0.03
449910,0.08
449924,0.24
449928,0.2
449932,0.41
449942,0.1
449947,0.1
449955,0.08
449972,0.07
449984,0.3
450004,0.1
450027,0.11
450029,0.07
450035,0.19
450038,0.08
450042,0.34
450044,0.16
450060,0.04
450065,0.16
450076,0.17
450081,0.16
450083,0.19
450096,0.18
450102,0.18
450107,0.2
450109,0.24
450110,0.04
450111,0.12
450114,0.15
450117,0.11
450118,0.2
450124,0.19
450141,0.29
450145,0.06
450148,0.16
450169,0.1
450172,0.28
450173,0.04
450180,0.14
450182,0.11
450190,0.18
450200,0.14
450216,0.19
450221,0.17
450227,0.24
450229,0.04
450233,0.14
450244,0.21
450251,0.36
450260,0.1
450266,0.22
450267,0.1
450272,0.04
450280,0.11
450287,0.08
450290,0.03
450291,0.39
450303,0.15
450310,0.12
450311,0.14
450358,0.03
450373,0.12
450376,0.09
450383,0.1
450395,0.04
450398,0.3
450412,0.16
450415,0.17
450420,0.1
450421,0.18
450427,0.12
450428,0.11
450429,0.19
450433,0.09
450443,0.16
450453,0.02
450454,0.1
450458,0.14
450464,0.15
450469,0.18
450475,0.18
450478,0.2
450498,0.1
450501,0.17
450503,0.06
450513,0.27
450523,0.11
450530,0.19
450537,0.17
450543,0.05
450554,0.11
450555,0.08
450558,0.03
450568,0.04
450569,0.19
450580,0.16
450581,0.04
450588,0.15
450589,0.04
450602,0.01
450603,0.04
450621,0.08
450626,0.44
450640,0.04
450641,0.07
450644,0.15
450658,0.15
450672,0.17
450685,0.09
450687,0.35
450689,0.26
450690,0.25
450693,0.11
450699,0.1
450706,0.17
450708,0.16
450710,0.11
450716,0.14
450722,0.19
450752,0.2
450759,0.08
450763,0.13
450767,0.09
450768,0.08
450772,0.09
450778,0.14
450781,0.07
450788,0.04
450792,0.07
450817,0.03
450820,0.1
450835,0.21
450848,0.17
450853,0.24
450865,0.21
450878,0.11
450883,0.06
450885,0.17
450896,0.09
450897,0.12
450898,0.21
450904,0.16
450908,0.11
450917,0.15
450921,0.09
450923,0.18
450926,0.15
450929,0.18
450937,0.17
450963,0.17
450971,0.24
450973,0.09
450978,0.19
450982,0.14
450995,0.15
450997,0.01
451033,0.09
451035,0.15
451037,0.17
451039,0.13
451063,0.06
451079,0.08
451081,0.11
451083,0.14
451100,0.18
451101,0.13
451104,0.05
451109,0.03
451119,0.14
451124,0.12
451126,0.1
451146,0.2
451155,0.04
451156,0.06
451160,0.2
451163,0.15
451168,0.06
451175,0.23
451184,0.14
451189,0.09
451206,0.16
451208,0.05
451225,0.09
451226,0.1
451228,0.3
451230,0.3
451235,0.09
451239,0.17
451242,0.09
451247,0.17
451248,0.12
451255,0.19
451261,0.12
451270,0.19
451277,0.04
451278,0.14
451282,0.19
451283,0.19
451302,0.09
451310,0.16
451315,0.17
451328,0.15
451330,0.16
451331,0.32
451338,0.14
451342,0.22
451347,0.11
451350,0.22
451351,0.13
451354,0.06
451358,0.14
451370,0.12
451379,0.18
451383,0.05
451390,0.24
451391,0.1
451392,0.19
451412,0.18
451422,0.04
451429,0.02
451432,0.15
451437,0.05
451442,0.13
451455,0.1
451457,0.06
451464,0.11
451472,0.2
451474,0.14
451488,0.21
451512,0.08
451516,0.22
451519,0.43
451528,0.07
451531,0.1
451551,0.23
451564,0.08
451570,0.21
451571,0.12
451575,0.18
451576,0.09
451582,0.24
451586,0.12
451587,0.27
451594,0.09
451596,0.1
451600,0.14
451615,0.04
451616,0.18
451646,0.34
451648,0.15
451650,0.1
451651,0.15
451662,0.16
451675,0.11
451680,0.13
451682,0.1
451688,0.08
451691,0.06
451698,0.14
451703,0.24
451709,0.07
451714,0.17
451716,0.17
451719,0.1
451724,0.16
451726,0.06
451733,0.12
451743,0.07
451747,0.09
451756,0.05
451761,0.14
451762,0.32
451768,0.14
451785,0.01
451805,0.0
451811,0.33
451817,0.2
451823,0.34
451831,0.08
451840,0.13
451845,0.13
451852,0.16
451855,0.14
451856,0.06
451871,0.17
451873,0.18
451897,0.19
451907,0.1
451908,0.21
451919,0.19
451932,0.08
451934,0.09
451935,0.17
451936,0.27
451938,0.11
451954,0.02
451958,0.15
451976,0.24
451977,0.04
451983,0.21
452000,0.05
452023,0.1
452024,0.13
452028,0.12
452039,0.11
452043,0.1
452047,0.02
452067,0.26
452069,0.05
452071,0.14
452096,0.26
452101,0.25
452107,0.12
452108,0.08
452109,0.25
452123,0.14
452127,0.13
452131,0.18
452133,0.18
452136,0.25
452137,0.23
452142,0.12
452147,0.16
452158,0.03
452172,0.13
452190,0.15
452191,0.08
452192,0.08
452195,0.2
452209,0.18
452237,0.14
452239,0.1
452242,0.14
452246,0.09
452249,0.16
452263,0.16
452267,0.11
452273,0.17
452274,0.2
452291,0.09
452310,0.2
452319,0.1
452325,0.13
452328,0.18
452330,0.18
452332,0.2
452337,0.07
452353,0.19
452356,0.32
452368,0.09
452379,0.22
452380,0.36
452396,0.24
452398,0.14
452401,0.13
452408,0.07
452409,0.14
452414,0.12
452418,0.21
452422,0.22
452430,0.24
452432,0.1
452451,0.16
452455,0.12
452495,0.12
452497,0.31
452511,0.18
452514,0.04
452522,0.26
452529,0.16
452530,0.22
452542,0.09
452545,0.12
452558,0.12
452592,0.11
452604,0.1
452616,0.02
452619,0.19
452620,0.13
452630,0.19
452644,0.25
452658,0.12
452663,0.22
452668,0.12
452672,0.19
452679,0.13
452685,0.14
452690,0.23
452701,0.21
452702,0.23
452708,0.21
452714,0.15
452718,0.22
452731,0.04
452733,0.14
452741,0.22
452748,0.18
452750,0.1
452753,0.07
452759,0.18
452767,0.28
452768,0.34
452788,0.03
452802,0.07
452807,0.18
452819,0.12
452820,0.1
452821,0.09
452840,0.16
452851,0.08
452861,0.06
452865,0.04
452871,0.13
452882,0.17
452903,0.11
452906,0.21
452907,0.23
452914,0.12
452929,0.23
452931,0.23
452932,0.08
452948,0.15
452950,0.15
452963,0.07
452974,0.08
452982,0.18
452984,0.2
452994,0.08
452995,0.09
452998,0.19
453003,0.13
453021,0.04
453040,0.15
453042,0.13
453052,0.19
453056,0.12
453066,0.13
453067,0.08
453072,0.03
453085,0.05
453093,0.09
453094,0.12
453100,0.04
453101,0.03
453107,0.2
453110,0.13
453111,0.25
453113,0.08
453114,0.04
453124,0.11
453129,0.15
453142,0.22
453145,0.19
453152,0.18
453159,0.25
453168,0.15
453196,0.06
453212,0.06
453214,0.17
453215,0.12
453220,0.06
453230,0.3
453233,0.17
453235,0.16
453244,0.23
453248,0.3
453262,0.03
453268,0.22
453283,0.08
453284,0.01
453287,0.05
453299,0.15
453314,0.2
453322,0.12
453349,0.42
453354,0.23
453356,0.16
453359,0.26
453366,0.06
453367,0.21
453372,0.09
453378,0.32
453390,0.11
453397,0.17
453403,0.11
453406,0.32
453412,0.23
453415,0.31
453428,0.2
453431,0.15
453442,0.14
453449,0.11
453465,0.09
453473,0.25
453476,0.04
453479,0.05
453480,0.16
453481,0.06
453493,0.06
453494,0.08
453507,0.18
453509,0.11
453514,0.21
453524,0.14
453534,0.17
453538,0.18
453544,0.14
453549,0.08
453550,0.3
453551,0.13
453556,0.14
453560,0.24
453566,0.25
453569,0.22
453579,0.12
453582,0.07
453586,0.23
453618,0.1
453620,0.17
453655,0.23
453659,0.09
453668,0.13
453681,0.08
453686,0.15
453687,0.13
453704,0.14
453707,0.1
453708,0.1
453709,0.18
453715,0.05
453721,0.19
453725,0.2
453727,0.13
453747,0.29
453753,0.21
453755,0.03
453761,0.18
453763,0.02
453766,0.08
453774,0.1
453781,0.25
453790,0.12
453797,0.41
453808,0.25
453814,0.2
453836,0.07
453837,0.03
453843,0.09
453844,0.16
453871,0.05
453881,0.13
453892,0.33
453893,0.09
453894,0.07
453895,0.16
453903,0.2
453906,0.14
453918,0.08
453924,0.13
453930,0.25
453940,0.13
453944,0.31
453947,0.22
453949,0.2
453952,0.07
453959,0.15
453971,0.1
453986,0.32
453988,0.04
453989,0.32
453999,0.22
454007,0.28
454021,0.12
454023,0.2
454036,0.09
454046,0.13
454052,0.2
454066,0.12
454070,0.28
454071,0.1
454075,0.23
454080,0.12
454085,0.18
454097,0.22
454103,0.21
454105,0.16
454108,0.12
454109,0.16
454137,0.2
454150,0.06
454155,0.2
454164,0.09
454165,0.15
454170,0.25
454173,0.03
454181,0.14
454183,0.12
454188,0.26
454192,0.05
454198,0.31
454200,0.07
454209,0.07
454211,0.24
454212,0.22
454218,0.41
454220,0.07
454231,0.08
454242,0.1
454245,0.08
454261,0.22
454269,0.11
454271,0.02
454287,0.08
454293,0.23
454296,0.12
454304,0.16
454313,0.21
454315,0.13
454321,0.05
454333,0.23
454334,0.13
454345,0.07
454347,0.04
454361,0.23
454380,0.16
454382,0.16
454386,0.14
454390,0.2
454396,0.17
454398,0.33
454403,0.04
454405,0.03
454406,0.27
454412,0.15
454418,0.09
454436,0.08
454443,0.12
454449,0.2
454457,0.15
454466,0.02
454471,0.25
454476,0.39
454489,0.3
454493,0.25
454495,0.11
454497,0.07
454522,0.07
454554,0.15
454557,0.15
454560,0.08
454561,0.07
454563,0.04
454565,0.1
454566,0.12
454578,0.23
454605,0.05
454608,0.12
454612,0.08
454618,0.26
454622,0.17
454631,0.23
454638,0.08
454639,0.17
454640,0.16
454653,0.16
454663,0.14
454664,0.2
454674,0.29
454678,0.24
454680,0.14
454687,0.21
454690,0.05
454698,0.28
454700,0.16
454707,0.1
454714,0.15
454722,0.19
454723,0.12
454739,0.2
454745,0.09
454763,0.11
454765,0.16
454774,0.05
454778,0.08
454780,0.21
454781,0.27
454789,0.03
454801,0.12
454802,0.2
454835,0.2
454837,0.23
454841,0.13
454872,0.15
454878,0.07
454884,0.09
454891,0.23
454897,0.12
454908,0.22
454912,0.08
454922,0.14
454929,0.12
454935,0.14
454946,0.24
454959,0.17
454970,0.14
454991,0.11
455002,0.28
455005,0.31
455016,0.26
455021,0.12
455022,0.16
455024,0.15
455044,0.31
455050,0.16
455055,0.19
455056,0.1
455067,0.03
455069,0.02
455082,0.08
455087,0.13
455088,0.19
455112,0.18
455126,0.14
455132,0.1
455135,0.19
455148,0.06
455156,0.09
455161,0.13
455162,0.17
455164,0.25
455171,0.06
455174,0.02
455175,0.27
455184,0.2
455188,0.07
455200,0.31
455209,0.18
455212,0.23
455217,0.17
455222,0.15
455223,0.17
455228,0.02
455243,0.26
455246,0.03
455255,0.22
455262,0.11
455268,0.16
455277,0.21
455281,0.11
455296,0.18
455297,0.11
455322,0.1
455326,0.3
455327,0.2
455328,0.06
455368,0.1
455374,0.24
455377,0.12
455378,0.04
455379,0.15
455395,0.09
455424,0.16
455425,0.05
455429,0.17
455434,0.22
455436,0.16
455438,0.07
455439,0.18
455440,0.03
455441,0.14
455481,0.11
455482,0.09
455483,0.12
455484,0.3
455489,0.2
455490,0.16
455513,0.18
455515,0.12
455536,0.14
455537,0.26
455538,0.14
455539,0.3
455567,0.19
455583,0.14
455607,0.13
455636,0.24
455638,0.11
455640,0.23
455644,0.06
455645,0.11
455648,0.18
455650,0.17
455658,0.11
455694,0.13
455695,0.14
455696,0.13
455703,0.22
455742,0.11
455748,0.16
455749,0.2
455750,0.26
455751,0.09
455752,0.24
455787,0.22
455798,0.16
455802,0.21
455803,0.26
455804,0.11
455805,0.01
455829,0.02
455840,0.22
455849,0.06
455850,0.11
455852,0.18
455854,0.21
455863,0.1
455897,0.13
455902,0.02
455907,0.05
455908,0.17
455909,0.14
455940,0.21
455955,0.28
455958,0.17
455959,0.17
455960,0.09
455961,0.22
455962,0.21
455963,0.15
455965,0.07
456007,0.3
456008,0.05
456009,0.15
456010,0.2
456011,0.12
456013,0.27
456028,0.3
456058,0.26
456111,0.22
456114,0.23
456115,0.22
456116,0.16
456119,0.01
456120,0.13
456122,0.25
456123,0.04
456166,0.23
456167,0.13
456168,0.17
456169,0.12
456170,0.09
456189,0.16
456202,0.27
456221,0.15
456222,0.21
456223,0.11
456224,0.15
456250,0.21
